match,home_team,away_team,player_team,opposition_team,market_name,player_name,line,over_price,agency,under_price
Collingwood Magpies v Brisbane Lions,Collingwood Magpies,Brisbane Lions,Collingwood Magpies,Brisbane Lions,Player Disposals,Nick Daicos,19.5,1.006,Bet365,NA
Collingwood Magpies v Brisbane Lions,Collingwood Magpies,Brisbane Lions,Collingwood Magpies,Brisbane Lions,Player Disposals,Nick Daicos,24.5,1.08,Bet365,NA
Collingwood Magpies v Brisbane Lions,Collingwood Magpies,Brisbane Lions,Collingwood Magpies,Brisbane Lions,Player Disposals,Nick Daicos,29.5,1.38,Bet365,NA
Collingwood Magpies v Brisbane Lions,Collingwood Magpies,Brisbane Lions,Collingwood Magpies,Brisbane Lions,Player Disposals,Nick Daicos,34.5,2.5,Bet365,NA
Collingwood Magpies v Brisbane Lions,Collingwood Magpies,Brisbane Lions,Collingwood Magpies,Brisbane Lions,Player Disposals,Nick Daicos,39.5,6,Bet365,NA
Collingwood Magpies v Brisbane Lions,Collingwood Magpies,Brisbane Lions,Collingwood Magpies,Brisbane Lions,Player Disposals,Josh Daicos,14.5,1.004,Bet365,NA
Collingwood Magpies v Brisbane Lions,Collingwood Magpies,Brisbane Lions,Collingwood Magpies,Brisbane Lions,Player Disposals,Josh Daicos,19.5,1.05,Bet365,NA
Collingwood Magpies v Brisbane Lions,Collingwood Magpies,Brisbane Lions,Collingwood Magpies,Brisbane Lions,Player Disposals,Josh Daicos,24.5,1.28,Bet365,NA
Collingwood Magpies v Brisbane Lions,Collingwood Magpies,Brisbane Lions,Collingwood Magpies,Brisbane Lions,Player Disposals,Josh Daicos,29.5,2.15,Bet365,NA
Collingwood Magpies v Brisbane Lions,Collingwood Magpies,Brisbane Lions,Collingwood Magpies,Brisbane Lions,Player Disposals,Josh Daicos,34.5,5.25,Bet365,NA
Collingwood Magpies v Brisbane Lions,Collingwood Magpies,Brisbane Lions,Collingwood Magpies,Brisbane Lions,Player Disposals,Josh Daicos,39.5,13,Bet365,NA
Collingwood Magpies v Brisbane Lions,Collingwood Magpies,Brisbane Lions,Collingwood Magpies,Brisbane Lions,Player Disposals,Scott Pendlebury,14.5,1.04,Bet365,NA
Collingwood Magpies v Brisbane Lions,Collingwood Magpies,Brisbane Lions,Collingwood Magpies,Brisbane Lions,Player Disposals,Scott Pendlebury,19.5,1.26,Bet365,NA
Collingwood Magpies v Brisbane Lions,Collingwood Magpies,Brisbane Lions,Collingwood Magpies,Brisbane Lions,Player Disposals,Scott Pendlebury,24.5,2.15,Bet365,NA
Collingwood Magpies v Brisbane Lions,Collingwood Magpies,Brisbane Lions,Collingwood Magpies,Brisbane Lions,Player Disposals,Scott Pendlebury,29.5,5.5,Bet365,NA
Collingwood Magpies v Brisbane Lions,Collingwood Magpies,Brisbane Lions,Collingwood Magpies,Brisbane Lions,Player Disposals,Scott Pendlebury,34.5,15,Bet365,NA
Collingwood Magpies v Brisbane Lions,Collingwood Magpies,Brisbane Lions,Collingwood Magpies,Brisbane Lions,Player Disposals,Steele Sidebottom,9.5,1.01,Bet365,NA
Collingwood Magpies v Brisbane Lions,Collingwood Magpies,Brisbane Lions,Collingwood Magpies,Brisbane Lions,Player Disposals,Steele Sidebottom,14.5,1.11,Bet365,NA
Collingwood Magpies v Brisbane Lions,Collingwood Magpies,Brisbane Lions,Collingwood Magpies,Brisbane Lions,Player Disposals,Steele Sidebottom,19.5,1.65,Bet365,NA
Collingwood Magpies v Brisbane Lions,Collingwood Magpies,Brisbane Lions,Collingwood Magpies,Brisbane Lions,Player Disposals,Steele Sidebottom,24.5,3.75,Bet365,NA
Collingwood Magpies v Brisbane Lions,Collingwood Magpies,Brisbane Lions,Collingwood Magpies,Brisbane Lions,Player Disposals,Steele Sidebottom,29.5,10,Bet365,NA
Collingwood Magpies v Brisbane Lions,Collingwood Magpies,Brisbane Lions,Collingwood Magpies,Brisbane Lions,Player Disposals,Jack Crisp,9.5,1.015,Bet365,NA
Collingwood Magpies v Brisbane Lions,Collingwood Magpies,Brisbane Lions,Collingwood Magpies,Brisbane Lions,Player Disposals,Jack Crisp,14.5,1.16,Bet365,NA
Collingwood Magpies v Brisbane Lions,Collingwood Magpies,Brisbane Lions,Collingwood Magpies,Brisbane Lions,Player Disposals,Jack Crisp,19.5,1.87,Bet365,NA
Collingwood Magpies v Brisbane Lions,Collingwood Magpies,Brisbane Lions,Collingwood Magpies,Brisbane Lions,Player Disposals,Jack Crisp,24.5,4.75,Bet365,NA
Collingwood Magpies v Brisbane Lions,Collingwood Magpies,Brisbane Lions,Collingwood Magpies,Brisbane Lions,Player Disposals,Jack Crisp,29.5,13,Bet365,NA
Collingwood Magpies v Brisbane Lions,Collingwood Magpies,Brisbane Lions,Collingwood Magpies,Brisbane Lions,Player Disposals,Patrick Lipinski,9.5,1.025,Bet365,NA
Collingwood Magpies v Brisbane Lions,Collingwood Magpies,Brisbane Lions,Collingwood Magpies,Brisbane Lions,Player Disposals,Patrick Lipinski,14.5,1.22,Bet365,NA
Collingwood Magpies v Brisbane Lions,Collingwood Magpies,Brisbane Lions,Collingwood Magpies,Brisbane Lions,Player Disposals,Patrick Lipinski,19.5,2.2,Bet365,NA
Collingwood Magpies v Brisbane Lions,Collingwood Magpies,Brisbane Lions,Collingwood Magpies,Brisbane Lions,Player Disposals,Patrick Lipinski,24.5,6.5,Bet365,NA
Collingwood Magpies v Brisbane Lions,Collingwood Magpies,Brisbane Lions,Collingwood Magpies,Brisbane Lions,Player Disposals,Patrick Lipinski,29.5,19,Bet365,NA
Collingwood Magpies v Brisbane Lions,Collingwood Magpies,Brisbane Lions,Collingwood Magpies,Brisbane Lions,Player Disposals,Ned Long,9.5,1.025,Bet365,NA
Collingwood Magpies v Brisbane Lions,Collingwood Magpies,Brisbane Lions,Collingwood Magpies,Brisbane Lions,Player Disposals,Ned Long,14.5,1.22,Bet365,NA
Collingwood Magpies v Brisbane Lions,Collingwood Magpies,Brisbane Lions,Collingwood Magpies,Brisbane Lions,Player Disposals,Ned Long,19.5,2.2,Bet365,NA
Collingwood Magpies v Brisbane Lions,Collingwood Magpies,Brisbane Lions,Collingwood Magpies,Brisbane Lions,Player Disposals,Ned Long,24.5,6.5,Bet365,NA
Collingwood Magpies v Brisbane Lions,Collingwood Magpies,Brisbane Lions,Collingwood Magpies,Brisbane Lions,Player Disposals,Ned Long,29.5,19,Bet365,NA
Collingwood Magpies v Brisbane Lions,Collingwood Magpies,Brisbane Lions,Collingwood Magpies,Brisbane Lions,Player Disposals,Brayden Maynard,9.5,1.04,Bet365,NA
Collingwood Magpies v Brisbane Lions,Collingwood Magpies,Brisbane Lions,Collingwood Magpies,Brisbane Lions,Player Disposals,Brayden Maynard,14.5,1.32,Bet365,NA
Collingwood Magpies v Brisbane Lions,Collingwood Magpies,Brisbane Lions,Collingwood Magpies,Brisbane Lions,Player Disposals,Brayden Maynard,19.5,2.65,Bet365,NA
Collingwood Magpies v Brisbane Lions,Collingwood Magpies,Brisbane Lions,Collingwood Magpies,Brisbane Lions,Player Disposals,Brayden Maynard,24.5,8,Bet365,NA
Collingwood Magpies v Brisbane Lions,Collingwood Magpies,Brisbane Lions,Collingwood Magpies,Brisbane Lions,Player Disposals,Brayden Maynard,29.5,23,Bet365,NA
Collingwood Magpies v Brisbane Lions,Collingwood Magpies,Brisbane Lions,Collingwood Magpies,Brisbane Lions,Player Disposals,Jordan De Goey,9.5,1.06,Bet365,NA
Collingwood Magpies v Brisbane Lions,Collingwood Magpies,Brisbane Lions,Collingwood Magpies,Brisbane Lions,Player Disposals,Jordan De Goey,14.5,1.45,Bet365,NA
Collingwood Magpies v Brisbane Lions,Collingwood Magpies,Brisbane Lions,Collingwood Magpies,Brisbane Lions,Player Disposals,Jordan De Goey,19.5,3.35,Bet365,NA
Collingwood Magpies v Brisbane Lions,Collingwood Magpies,Brisbane Lions,Collingwood Magpies,Brisbane Lions,Player Disposals,Jordan De Goey,24.5,10,Bet365,NA
Collingwood Magpies v Brisbane Lions,Collingwood Magpies,Brisbane Lions,Collingwood Magpies,Brisbane Lions,Player Disposals,Harry Perryman,9.5,1.06,Bet365,NA
Collingwood Magpies v Brisbane Lions,Collingwood Magpies,Brisbane Lions,Collingwood Magpies,Brisbane Lions,Player Disposals,Harry Perryman,14.5,1.45,Bet365,NA
Collingwood Magpies v Brisbane Lions,Collingwood Magpies,Brisbane Lions,Collingwood Magpies,Brisbane Lions,Player Disposals,Harry Perryman,19.5,3.35,Bet365,NA
Collingwood Magpies v Brisbane Lions,Collingwood Magpies,Brisbane Lions,Collingwood Magpies,Brisbane Lions,Player Disposals,Harry Perryman,24.5,10,Bet365,NA
Collingwood Magpies v Brisbane Lions,Collingwood Magpies,Brisbane Lions,Collingwood Magpies,Brisbane Lions,Player Disposals,Darcy Cameron,9.5,1.06,Bet365,NA
Collingwood Magpies v Brisbane Lions,Collingwood Magpies,Brisbane Lions,Collingwood Magpies,Brisbane Lions,Player Disposals,Darcy Cameron,14.5,1.45,Bet365,NA
Collingwood Magpies v Brisbane Lions,Collingwood Magpies,Brisbane Lions,Collingwood Magpies,Brisbane Lions,Player Disposals,Darcy Cameron,19.5,3.35,Bet365,NA
Collingwood Magpies v Brisbane Lions,Collingwood Magpies,Brisbane Lions,Collingwood Magpies,Brisbane Lions,Player Disposals,Darcy Cameron,24.5,10,Bet365,NA
Collingwood Magpies v Brisbane Lions,Collingwood Magpies,Brisbane Lions,Collingwood Magpies,Brisbane Lions,Player Disposals,Dan Houston,9.5,1.06,Bet365,NA
Collingwood Magpies v Brisbane Lions,Collingwood Magpies,Brisbane Lions,Collingwood Magpies,Brisbane Lions,Player Disposals,Dan Houston,14.5,1.45,Bet365,NA
Collingwood Magpies v Brisbane Lions,Collingwood Magpies,Brisbane Lions,Collingwood Magpies,Brisbane Lions,Player Disposals,Dan Houston,19.5,3.35,Bet365,NA
Collingwood Magpies v Brisbane Lions,Collingwood Magpies,Brisbane Lions,Collingwood Magpies,Brisbane Lions,Player Disposals,Dan Houston,24.5,10,Bet365,NA
Collingwood Magpies v Brisbane Lions,Collingwood Magpies,Brisbane Lions,Collingwood Magpies,Brisbane Lions,Player Disposals,Isaac Quaynor,9.5,1.06,Bet365,NA
Collingwood Magpies v Brisbane Lions,Collingwood Magpies,Brisbane Lions,Collingwood Magpies,Brisbane Lions,Player Disposals,Isaac Quaynor,14.5,1.45,Bet365,NA
Collingwood Magpies v Brisbane Lions,Collingwood Magpies,Brisbane Lions,Collingwood Magpies,Brisbane Lions,Player Disposals,Isaac Quaynor,19.5,3.35,Bet365,NA
Collingwood Magpies v Brisbane Lions,Collingwood Magpies,Brisbane Lions,Collingwood Magpies,Brisbane Lions,Player Disposals,Isaac Quaynor,24.5,10,Bet365,NA
Collingwood Magpies v Brisbane Lions,Collingwood Magpies,Brisbane Lions,Collingwood Magpies,Brisbane Lions,Player Disposals,Lachie Schultz,9.5,1.06,Bet365,NA
Collingwood Magpies v Brisbane Lions,Collingwood Magpies,Brisbane Lions,Collingwood Magpies,Brisbane Lions,Player Disposals,Lachie Schultz,14.5,1.45,Bet365,NA
Collingwood Magpies v Brisbane Lions,Collingwood Magpies,Brisbane Lions,Collingwood Magpies,Brisbane Lions,Player Disposals,Lachie Schultz,19.5,3.35,Bet365,NA
Collingwood Magpies v Brisbane Lions,Collingwood Magpies,Brisbane Lions,Collingwood Magpies,Brisbane Lions,Player Disposals,Lachie Schultz,24.5,10,Bet365,NA
Collingwood Magpies v Brisbane Lions,Collingwood Magpies,Brisbane Lions,Collingwood Magpies,Brisbane Lions,Player Disposals,Oleg Markov,9.5,1.08,Bet365,NA
Collingwood Magpies v Brisbane Lions,Collingwood Magpies,Brisbane Lions,Collingwood Magpies,Brisbane Lions,Player Disposals,Oleg Markov,14.5,1.62,Bet365,NA
Collingwood Magpies v Brisbane Lions,Collingwood Magpies,Brisbane Lions,Collingwood Magpies,Brisbane Lions,Player Disposals,Oleg Markov,19.5,4.33,Bet365,NA
Collingwood Magpies v Brisbane Lions,Collingwood Magpies,Brisbane Lions,Collingwood Magpies,Brisbane Lions,Player Disposals,Oleg Markov,24.5,13,Bet365,NA
Collingwood Magpies v Brisbane Lions,Collingwood Magpies,Brisbane Lions,Collingwood Magpies,Brisbane Lions,Player Disposals,Charlie Dean,9.5,1.12,Bet365,NA
Collingwood Magpies v Brisbane Lions,Collingwood Magpies,Brisbane Lions,Collingwood Magpies,Brisbane Lions,Player Disposals,Charlie Dean,14.5,1.87,Bet365,NA
Collingwood Magpies v Brisbane Lions,Collingwood Magpies,Brisbane Lions,Collingwood Magpies,Brisbane Lions,Player Disposals,Charlie Dean,19.5,5.75,Bet365,NA
Collingwood Magpies v Brisbane Lions,Collingwood Magpies,Brisbane Lions,Collingwood Magpies,Brisbane Lions,Player Disposals,Charlie Dean,24.5,19,Bet365,NA
Collingwood Magpies v Brisbane Lions,Collingwood Magpies,Brisbane Lions,Collingwood Magpies,Brisbane Lions,Player Disposals,Jamie Elliott,9.5,1.18,Bet365,NA
Collingwood Magpies v Brisbane Lions,Collingwood Magpies,Brisbane Lions,Collingwood Magpies,Brisbane Lions,Player Disposals,Jamie Elliott,14.5,2.25,Bet365,NA
Collingwood Magpies v Brisbane Lions,Collingwood Magpies,Brisbane Lions,Collingwood Magpies,Brisbane Lions,Player Disposals,Jamie Elliott,19.5,7.5,Bet365,NA
Collingwood Magpies v Brisbane Lions,Collingwood Magpies,Brisbane Lions,Collingwood Magpies,Brisbane Lions,Player Disposals,Will Hoskin-Elliott,9.5,1.26,Bet365,NA
Collingwood Magpies v Brisbane Lions,Collingwood Magpies,Brisbane Lions,Collingwood Magpies,Brisbane Lions,Player Disposals,Will Hoskin-Elliott,14.5,2.8,Bet365,NA
Collingwood Magpies v Brisbane Lions,Collingwood Magpies,Brisbane Lions,Collingwood Magpies,Brisbane Lions,Player Disposals,Will Hoskin-Elliott,19.5,10,Bet365,NA
Collingwood Magpies v Brisbane Lions,Collingwood Magpies,Brisbane Lions,Collingwood Magpies,Brisbane Lions,Player Disposals,Daniel McStay,9.5,1.38,Bet365,NA
Collingwood Magpies v Brisbane Lions,Collingwood Magpies,Brisbane Lions,Collingwood Magpies,Brisbane Lions,Player Disposals,Daniel McStay,14.5,3.75,Bet365,NA
Collingwood Magpies v Brisbane Lions,Collingwood Magpies,Brisbane Lions,Collingwood Magpies,Brisbane Lions,Player Disposals,Daniel McStay,19.5,15,Bet365,NA
Collingwood Magpies v Brisbane Lions,Collingwood Magpies,Brisbane Lions,Collingwood Magpies,Brisbane Lions,Player Disposals,Darcy Moore,9.5,1.38,Bet365,NA
Collingwood Magpies v Brisbane Lions,Collingwood Magpies,Brisbane Lions,Collingwood Magpies,Brisbane Lions,Player Disposals,Darcy Moore,14.5,3.75,Bet365,NA
Collingwood Magpies v Brisbane Lions,Collingwood Magpies,Brisbane Lions,Collingwood Magpies,Brisbane Lions,Player Disposals,Darcy Moore,19.5,15,Bet365,NA
Collingwood Magpies v Brisbane Lions,Collingwood Magpies,Brisbane Lions,Collingwood Magpies,Brisbane Lions,Player Disposals,Brody Mihocek,9.5,1.38,Bet365,NA
Collingwood Magpies v Brisbane Lions,Collingwood Magpies,Brisbane Lions,Collingwood Magpies,Brisbane Lions,Player Disposals,Brody Mihocek,14.5,3.75,Bet365,NA
Collingwood Magpies v Brisbane Lions,Collingwood Magpies,Brisbane Lions,Collingwood Magpies,Brisbane Lions,Player Disposals,Brody Mihocek,19.5,15,Bet365,NA
Collingwood Magpies v Brisbane Lions,Collingwood Magpies,Brisbane Lions,Collingwood Magpies,Brisbane Lions,Player Disposals,Bobby Hill,9.5,1.38,Bet365,NA
Collingwood Magpies v Brisbane Lions,Collingwood Magpies,Brisbane Lions,Collingwood Magpies,Brisbane Lions,Player Disposals,Bobby Hill,14.5,3.75,Bet365,NA
Collingwood Magpies v Brisbane Lions,Collingwood Magpies,Brisbane Lions,Collingwood Magpies,Brisbane Lions,Player Disposals,Bobby Hill,19.5,15,Bet365,NA
Collingwood Magpies v Brisbane Lions,Collingwood Magpies,Brisbane Lions,Collingwood Magpies,Brisbane Lions,Player Disposals,Tim Membrey,9.5,1.57,Bet365,NA
Collingwood Magpies v Brisbane Lions,Collingwood Magpies,Brisbane Lions,Collingwood Magpies,Brisbane Lions,Player Disposals,Tim Membrey,14.5,5,Bet365,NA
Collingwood Magpies v Brisbane Lions,Collingwood Magpies,Brisbane Lions,Collingwood Magpies,Brisbane Lions,Player Disposals,Tim Membrey,19.5,19,Bet365,NA
St Kilda Saints v North Melbourne Kangaroos,St Kilda Saints,North Melbourne Kangaroos,St Kilda Saints,North Melbourne Kangaroos,Player Disposals,Nasiah Wanganeen-Milera,19.5,1.02,Bet365,NA
St Kilda Saints v North Melbourne Kangaroos,St Kilda Saints,North Melbourne Kangaroos,St Kilda Saints,North Melbourne Kangaroos,Player Disposals,Nasiah Wanganeen-Milera,24.5,1.15,Bet365,NA
St Kilda Saints v North Melbourne Kangaroos,St Kilda Saints,North Melbourne Kangaroos,St Kilda Saints,North Melbourne Kangaroos,Player Disposals,Nasiah Wanganeen-Milera,29.5,1.65,Bet365,NA
St Kilda Saints v North Melbourne Kangaroos,St Kilda Saints,North Melbourne Kangaroos,St Kilda Saints,North Melbourne Kangaroos,Player Disposals,Nasiah Wanganeen-Milera,34.5,3.5,Bet365,NA
St Kilda Saints v North Melbourne Kangaroos,St Kilda Saints,North Melbourne Kangaroos,St Kilda Saints,North Melbourne Kangaroos,Player Disposals,Nasiah Wanganeen-Milera,39.5,8.5,Bet365,NA
St Kilda Saints v North Melbourne Kangaroos,St Kilda Saints,North Melbourne Kangaroos,St Kilda Saints,North Melbourne Kangaroos,Player Disposals,Jack Sinclair,14.5,1.005,Bet365,NA
St Kilda Saints v North Melbourne Kangaroos,St Kilda Saints,North Melbourne Kangaroos,St Kilda Saints,North Melbourne Kangaroos,Player Disposals,Jack Sinclair,19.5,1.07,Bet365,NA
St Kilda Saints v North Melbourne Kangaroos,St Kilda Saints,North Melbourne Kangaroos,St Kilda Saints,North Melbourne Kangaroos,Player Disposals,Jack Sinclair,24.5,1.36,Bet365,NA
St Kilda Saints v North Melbourne Kangaroos,St Kilda Saints,North Melbourne Kangaroos,St Kilda Saints,North Melbourne Kangaroos,Player Disposals,Jack Sinclair,29.5,2.5,Bet365,NA
St Kilda Saints v North Melbourne Kangaroos,St Kilda Saints,North Melbourne Kangaroos,St Kilda Saints,North Melbourne Kangaroos,Player Disposals,Jack Sinclair,34.5,6.5,Bet365,NA
St Kilda Saints v North Melbourne Kangaroos,St Kilda Saints,North Melbourne Kangaroos,St Kilda Saints,North Melbourne Kangaroos,Player Disposals,Jack Sinclair,39.5,17,Bet365,NA
St Kilda Saints v North Melbourne Kangaroos,St Kilda Saints,North Melbourne Kangaroos,St Kilda Saints,North Melbourne Kangaroos,Player Disposals,Jack Macrae,14.5,1.015,Bet365,NA
St Kilda Saints v North Melbourne Kangaroos,St Kilda Saints,North Melbourne Kangaroos,St Kilda Saints,North Melbourne Kangaroos,Player Disposals,Jack Macrae,19.5,1.13,Bet365,NA
St Kilda Saints v North Melbourne Kangaroos,St Kilda Saints,North Melbourne Kangaroos,St Kilda Saints,North Melbourne Kangaroos,Player Disposals,Jack Macrae,24.5,1.65,Bet365,NA
St Kilda Saints v North Melbourne Kangaroos,St Kilda Saints,North Melbourne Kangaroos,St Kilda Saints,North Melbourne Kangaroos,Player Disposals,Jack Macrae,29.5,3.6,Bet365,NA
St Kilda Saints v North Melbourne Kangaroos,St Kilda Saints,North Melbourne Kangaroos,St Kilda Saints,North Melbourne Kangaroos,Player Disposals,Jack Macrae,34.5,9,Bet365,NA
St Kilda Saints v North Melbourne Kangaroos,St Kilda Saints,North Melbourne Kangaroos,St Kilda Saints,North Melbourne Kangaroos,Player Disposals,Jack Steele,9.5,1.004,Bet365,NA
St Kilda Saints v North Melbourne Kangaroos,St Kilda Saints,North Melbourne Kangaroos,St Kilda Saints,North Melbourne Kangaroos,Player Disposals,Jack Steele,14.5,1.05,Bet365,NA
St Kilda Saints v North Melbourne Kangaroos,St Kilda Saints,North Melbourne Kangaroos,St Kilda Saints,North Melbourne Kangaroos,Player Disposals,Jack Steele,19.5,1.36,Bet365,NA
St Kilda Saints v North Melbourne Kangaroos,St Kilda Saints,North Melbourne Kangaroos,St Kilda Saints,North Melbourne Kangaroos,Player Disposals,Jack Steele,24.5,2.55,Bet365,NA
St Kilda Saints v North Melbourne Kangaroos,St Kilda Saints,North Melbourne Kangaroos,St Kilda Saints,North Melbourne Kangaroos,Player Disposals,Jack Steele,29.5,7,Bet365,NA
St Kilda Saints v North Melbourne Kangaroos,St Kilda Saints,North Melbourne Kangaroos,St Kilda Saints,North Melbourne Kangaroos,Player Disposals,Jack Steele,34.5,19,Bet365,NA
St Kilda Saints v North Melbourne Kangaroos,St Kilda Saints,North Melbourne Kangaroos,St Kilda Saints,North Melbourne Kangaroos,Player Disposals,Marcus Windhager,9.5,1.004,Bet365,NA
St Kilda Saints v North Melbourne Kangaroos,St Kilda Saints,North Melbourne Kangaroos,St Kilda Saints,North Melbourne Kangaroos,Player Disposals,Marcus Windhager,14.5,1.05,Bet365,NA
St Kilda Saints v North Melbourne Kangaroos,St Kilda Saints,North Melbourne Kangaroos,St Kilda Saints,North Melbourne Kangaroos,Player Disposals,Marcus Windhager,19.5,1.36,Bet365,NA
St Kilda Saints v North Melbourne Kangaroos,St Kilda Saints,North Melbourne Kangaroos,St Kilda Saints,North Melbourne Kangaroos,Player Disposals,Marcus Windhager,24.5,2.55,Bet365,NA
St Kilda Saints v North Melbourne Kangaroos,St Kilda Saints,North Melbourne Kangaroos,St Kilda Saints,North Melbourne Kangaroos,Player Disposals,Marcus Windhager,29.5,7,Bet365,NA
St Kilda Saints v North Melbourne Kangaroos,St Kilda Saints,North Melbourne Kangaroos,St Kilda Saints,North Melbourne Kangaroos,Player Disposals,Marcus Windhager,34.5,19,Bet365,NA
St Kilda Saints v North Melbourne Kangaroos,St Kilda Saints,North Melbourne Kangaroos,St Kilda Saints,North Melbourne Kangaroos,Player Disposals,Bradley Hill,9.5,1.01,Bet365,NA
St Kilda Saints v North Melbourne Kangaroos,St Kilda Saints,North Melbourne Kangaroos,St Kilda Saints,North Melbourne Kangaroos,Player Disposals,Bradley Hill,14.5,1.11,Bet365,NA
St Kilda Saints v North Melbourne Kangaroos,St Kilda Saints,North Melbourne Kangaroos,St Kilda Saints,North Melbourne Kangaroos,Player Disposals,Bradley Hill,19.5,1.65,Bet365,NA
St Kilda Saints v North Melbourne Kangaroos,St Kilda Saints,North Melbourne Kangaroos,St Kilda Saints,North Melbourne Kangaroos,Player Disposals,Bradley Hill,24.5,3.75,Bet365,NA
St Kilda Saints v North Melbourne Kangaroos,St Kilda Saints,North Melbourne Kangaroos,St Kilda Saints,North Melbourne Kangaroos,Player Disposals,Bradley Hill,29.5,10,Bet365,NA
St Kilda Saints v North Melbourne Kangaroos,St Kilda Saints,North Melbourne Kangaroos,St Kilda Saints,North Melbourne Kangaroos,Player Disposals,Zak Jones,9.5,1.015,Bet365,NA
St Kilda Saints v North Melbourne Kangaroos,St Kilda Saints,North Melbourne Kangaroos,St Kilda Saints,North Melbourne Kangaroos,Player Disposals,Zak Jones,14.5,1.16,Bet365,NA
St Kilda Saints v North Melbourne Kangaroos,St Kilda Saints,North Melbourne Kangaroos,St Kilda Saints,North Melbourne Kangaroos,Player Disposals,Zak Jones,19.5,1.87,Bet365,NA
St Kilda Saints v North Melbourne Kangaroos,St Kilda Saints,North Melbourne Kangaroos,St Kilda Saints,North Melbourne Kangaroos,Player Disposals,Zak Jones,24.5,4.75,Bet365,NA
St Kilda Saints v North Melbourne Kangaroos,St Kilda Saints,North Melbourne Kangaroos,St Kilda Saints,North Melbourne Kangaroos,Player Disposals,Zak Jones,29.5,13,Bet365,NA
St Kilda Saints v North Melbourne Kangaroos,St Kilda Saints,North Melbourne Kangaroos,St Kilda Saints,North Melbourne Kangaroos,Player Disposals,Rowan Marshall,9.5,1.015,Bet365,NA
St Kilda Saints v North Melbourne Kangaroos,St Kilda Saints,North Melbourne Kangaroos,St Kilda Saints,North Melbourne Kangaroos,Player Disposals,Rowan Marshall,14.5,1.16,Bet365,NA
St Kilda Saints v North Melbourne Kangaroos,St Kilda Saints,North Melbourne Kangaroos,St Kilda Saints,North Melbourne Kangaroos,Player Disposals,Rowan Marshall,19.5,1.87,Bet365,NA
St Kilda Saints v North Melbourne Kangaroos,St Kilda Saints,North Melbourne Kangaroos,St Kilda Saints,North Melbourne Kangaroos,Player Disposals,Rowan Marshall,24.5,4.75,Bet365,NA
St Kilda Saints v North Melbourne Kangaroos,St Kilda Saints,North Melbourne Kangaroos,St Kilda Saints,North Melbourne Kangaroos,Player Disposals,Rowan Marshall,29.5,13,Bet365,NA
St Kilda Saints v North Melbourne Kangaroos,St Kilda Saints,North Melbourne Kangaroos,St Kilda Saints,North Melbourne Kangaroos,Player Disposals,Max Hall,9.5,1.015,Bet365,NA
St Kilda Saints v North Melbourne Kangaroos,St Kilda Saints,North Melbourne Kangaroos,St Kilda Saints,North Melbourne Kangaroos,Player Disposals,Max Hall,14.5,1.16,Bet365,NA
St Kilda Saints v North Melbourne Kangaroos,St Kilda Saints,North Melbourne Kangaroos,St Kilda Saints,North Melbourne Kangaroos,Player Disposals,Max Hall,19.5,1.87,Bet365,NA
St Kilda Saints v North Melbourne Kangaroos,St Kilda Saints,North Melbourne Kangaroos,St Kilda Saints,North Melbourne Kangaroos,Player Disposals,Max Hall,24.5,4.75,Bet365,NA
St Kilda Saints v North Melbourne Kangaroos,St Kilda Saints,North Melbourne Kangaroos,St Kilda Saints,North Melbourne Kangaroos,Player Disposals,Max Hall,29.5,13,Bet365,NA
St Kilda Saints v North Melbourne Kangaroos,St Kilda Saints,North Melbourne Kangaroos,St Kilda Saints,North Melbourne Kangaroos,Player Disposals,Hunter Clark,9.5,1.025,Bet365,NA
St Kilda Saints v North Melbourne Kangaroos,St Kilda Saints,North Melbourne Kangaroos,St Kilda Saints,North Melbourne Kangaroos,Player Disposals,Hunter Clark,14.5,1.22,Bet365,NA
St Kilda Saints v North Melbourne Kangaroos,St Kilda Saints,North Melbourne Kangaroos,St Kilda Saints,North Melbourne Kangaroos,Player Disposals,Hunter Clark,19.5,2.2,Bet365,NA
St Kilda Saints v North Melbourne Kangaroos,St Kilda Saints,North Melbourne Kangaroos,St Kilda Saints,North Melbourne Kangaroos,Player Disposals,Hunter Clark,24.5,6.5,Bet365,NA
St Kilda Saints v North Melbourne Kangaroos,St Kilda Saints,North Melbourne Kangaroos,St Kilda Saints,North Melbourne Kangaroos,Player Disposals,Hunter Clark,29.5,19,Bet365,NA
St Kilda Saints v North Melbourne Kangaroos,St Kilda Saints,North Melbourne Kangaroos,St Kilda Saints,North Melbourne Kangaroos,Player Disposals,Callum Wilkie,9.5,1.025,Bet365,NA
St Kilda Saints v North Melbourne Kangaroos,St Kilda Saints,North Melbourne Kangaroos,St Kilda Saints,North Melbourne Kangaroos,Player Disposals,Callum Wilkie,14.5,1.22,Bet365,NA
St Kilda Saints v North Melbourne Kangaroos,St Kilda Saints,North Melbourne Kangaroos,St Kilda Saints,North Melbourne Kangaroos,Player Disposals,Callum Wilkie,19.5,2.2,Bet365,NA
St Kilda Saints v North Melbourne Kangaroos,St Kilda Saints,North Melbourne Kangaroos,St Kilda Saints,North Melbourne Kangaroos,Player Disposals,Callum Wilkie,24.5,6.5,Bet365,NA
St Kilda Saints v North Melbourne Kangaroos,St Kilda Saints,North Melbourne Kangaroos,St Kilda Saints,North Melbourne Kangaroos,Player Disposals,Callum Wilkie,29.5,19,Bet365,NA
St Kilda Saints v North Melbourne Kangaroos,St Kilda Saints,North Melbourne Kangaroos,St Kilda Saints,North Melbourne Kangaroos,Player Disposals,Hugo Garcia,9.5,1.04,Bet365,NA
St Kilda Saints v North Melbourne Kangaroos,St Kilda Saints,North Melbourne Kangaroos,St Kilda Saints,North Melbourne Kangaroos,Player Disposals,Hugo Garcia,14.5,1.32,Bet365,NA
St Kilda Saints v North Melbourne Kangaroos,St Kilda Saints,North Melbourne Kangaroos,St Kilda Saints,North Melbourne Kangaroos,Player Disposals,Hugo Garcia,19.5,2.65,Bet365,NA
St Kilda Saints v North Melbourne Kangaroos,St Kilda Saints,North Melbourne Kangaroos,St Kilda Saints,North Melbourne Kangaroos,Player Disposals,Hugo Garcia,24.5,8,Bet365,NA
St Kilda Saints v North Melbourne Kangaroos,St Kilda Saints,North Melbourne Kangaroos,St Kilda Saints,North Melbourne Kangaroos,Player Disposals,Hugo Garcia,29.5,23,Bet365,NA
St Kilda Saints v North Melbourne Kangaroos,St Kilda Saints,North Melbourne Kangaroos,St Kilda Saints,North Melbourne Kangaroos,Player Disposals,Mason Wood,9.5,1.06,Bet365,NA
St Kilda Saints v North Melbourne Kangaroos,St Kilda Saints,North Melbourne Kangaroos,St Kilda Saints,North Melbourne Kangaroos,Player Disposals,Mason Wood,14.5,1.45,Bet365,NA
St Kilda Saints v North Melbourne Kangaroos,St Kilda Saints,North Melbourne Kangaroos,St Kilda Saints,North Melbourne Kangaroos,Player Disposals,Mason Wood,19.5,3.35,Bet365,NA
St Kilda Saints v North Melbourne Kangaroos,St Kilda Saints,North Melbourne Kangaroos,St Kilda Saints,North Melbourne Kangaroos,Player Disposals,Mason Wood,24.5,10,Bet365,NA
St Kilda Saints v North Melbourne Kangaroos,St Kilda Saints,North Melbourne Kangaroos,St Kilda Saints,North Melbourne Kangaroos,Player Disposals,Ryan Byrnes,9.5,1.06,Bet365,NA
St Kilda Saints v North Melbourne Kangaroos,St Kilda Saints,North Melbourne Kangaroos,St Kilda Saints,North Melbourne Kangaroos,Player Disposals,Ryan Byrnes,14.5,1.45,Bet365,NA
St Kilda Saints v North Melbourne Kangaroos,St Kilda Saints,North Melbourne Kangaroos,St Kilda Saints,North Melbourne Kangaroos,Player Disposals,Ryan Byrnes,19.5,3.35,Bet365,NA
St Kilda Saints v North Melbourne Kangaroos,St Kilda Saints,North Melbourne Kangaroos,St Kilda Saints,North Melbourne Kangaroos,Player Disposals,Ryan Byrnes,24.5,10,Bet365,NA
St Kilda Saints v North Melbourne Kangaroos,St Kilda Saints,North Melbourne Kangaroos,St Kilda Saints,North Melbourne Kangaroos,Player Disposals,Hugh Boxshall,9.5,1.12,Bet365,NA
St Kilda Saints v North Melbourne Kangaroos,St Kilda Saints,North Melbourne Kangaroos,St Kilda Saints,North Melbourne Kangaroos,Player Disposals,Hugh Boxshall,14.5,1.87,Bet365,NA
St Kilda Saints v North Melbourne Kangaroos,St Kilda Saints,North Melbourne Kangaroos,St Kilda Saints,North Melbourne Kangaroos,Player Disposals,Hugh Boxshall,19.5,5.75,Bet365,NA
St Kilda Saints v North Melbourne Kangaroos,St Kilda Saints,North Melbourne Kangaroos,St Kilda Saints,North Melbourne Kangaroos,Player Disposals,Hugh Boxshall,24.5,19,Bet365,NA
St Kilda Saints v North Melbourne Kangaroos,St Kilda Saints,North Melbourne Kangaroos,St Kilda Saints,North Melbourne Kangaroos,Player Disposals,Liam Stocker,9.5,1.18,Bet365,NA
St Kilda Saints v North Melbourne Kangaroos,St Kilda Saints,North Melbourne Kangaroos,St Kilda Saints,North Melbourne Kangaroos,Player Disposals,Liam Stocker,14.5,2.25,Bet365,NA
St Kilda Saints v North Melbourne Kangaroos,St Kilda Saints,North Melbourne Kangaroos,St Kilda Saints,North Melbourne Kangaroos,Player Disposals,Liam Stocker,19.5,7.5,Bet365,NA
St Kilda Saints v North Melbourne Kangaroos,St Kilda Saints,North Melbourne Kangaroos,St Kilda Saints,North Melbourne Kangaroos,Player Disposals,Mitch Owens,9.5,1.18,Bet365,NA
St Kilda Saints v North Melbourne Kangaroos,St Kilda Saints,North Melbourne Kangaroos,St Kilda Saints,North Melbourne Kangaroos,Player Disposals,Mitch Owens,14.5,2.25,Bet365,NA
St Kilda Saints v North Melbourne Kangaroos,St Kilda Saints,North Melbourne Kangaroos,St Kilda Saints,North Melbourne Kangaroos,Player Disposals,Mitch Owens,19.5,7.5,Bet365,NA
St Kilda Saints v North Melbourne Kangaroos,St Kilda Saints,North Melbourne Kangaroos,St Kilda Saints,North Melbourne Kangaroos,Player Disposals,Anthony Caminiti,9.5,1.18,Bet365,NA
St Kilda Saints v North Melbourne Kangaroos,St Kilda Saints,North Melbourne Kangaroos,St Kilda Saints,North Melbourne Kangaroos,Player Disposals,Anthony Caminiti,14.5,2.25,Bet365,NA
St Kilda Saints v North Melbourne Kangaroos,St Kilda Saints,North Melbourne Kangaroos,St Kilda Saints,North Melbourne Kangaroos,Player Disposals,Anthony Caminiti,19.5,7.5,Bet365,NA
St Kilda Saints v North Melbourne Kangaroos,St Kilda Saints,North Melbourne Kangaroos,St Kilda Saints,North Melbourne Kangaroos,Player Disposals,Max Heath,9.5,1.26,Bet365,NA
St Kilda Saints v North Melbourne Kangaroos,St Kilda Saints,North Melbourne Kangaroos,St Kilda Saints,North Melbourne Kangaroos,Player Disposals,Max Heath,14.5,2.8,Bet365,NA
St Kilda Saints v North Melbourne Kangaroos,St Kilda Saints,North Melbourne Kangaroos,St Kilda Saints,North Melbourne Kangaroos,Player Disposals,Max Heath,19.5,10,Bet365,NA
St Kilda Saints v North Melbourne Kangaroos,St Kilda Saints,North Melbourne Kangaroos,St Kilda Saints,North Melbourne Kangaroos,Player Disposals,Cooper Sharman,9.5,1.38,Bet365,NA
St Kilda Saints v North Melbourne Kangaroos,St Kilda Saints,North Melbourne Kangaroos,St Kilda Saints,North Melbourne Kangaroos,Player Disposals,Cooper Sharman,14.5,3.75,Bet365,NA
St Kilda Saints v North Melbourne Kangaroos,St Kilda Saints,North Melbourne Kangaroos,St Kilda Saints,North Melbourne Kangaroos,Player Disposals,Cooper Sharman,19.5,15,Bet365,NA
St Kilda Saints v North Melbourne Kangaroos,St Kilda Saints,North Melbourne Kangaroos,St Kilda Saints,North Melbourne Kangaroos,Player Disposals,Angus Hastie,9.5,1.38,Bet365,NA
St Kilda Saints v North Melbourne Kangaroos,St Kilda Saints,North Melbourne Kangaroos,St Kilda Saints,North Melbourne Kangaroos,Player Disposals,Angus Hastie,14.5,3.75,Bet365,NA
St Kilda Saints v North Melbourne Kangaroos,St Kilda Saints,North Melbourne Kangaroos,St Kilda Saints,North Melbourne Kangaroos,Player Disposals,Angus Hastie,19.5,15,Bet365,NA
St Kilda Saints v North Melbourne Kangaroos,St Kilda Saints,North Melbourne Kangaroos,NA,NA,Player Disposals,Alix Tauru,9.5,1.57,Bet365,NA
St Kilda Saints v North Melbourne Kangaroos,St Kilda Saints,North Melbourne Kangaroos,NA,NA,Player Disposals,Alix Tauru,14.5,5,Bet365,NA
St Kilda Saints v North Melbourne Kangaroos,St Kilda Saints,North Melbourne Kangaroos,NA,NA,Player Disposals,Alix Tauru,19.5,19,Bet365,NA
St Kilda Saints v North Melbourne Kangaroos,St Kilda Saints,North Melbourne Kangaroos,St Kilda Saints,North Melbourne Kangaroos,Player Disposals,Jack Higgins,9.5,1.87,Bet365,NA
St Kilda Saints v North Melbourne Kangaroos,St Kilda Saints,North Melbourne Kangaroos,St Kilda Saints,North Melbourne Kangaroos,Player Disposals,Jack Higgins,14.5,6.5,Bet365,NA
Collingwood Magpies v Brisbane Lions,Collingwood Magpies,Brisbane Lions,Brisbane Lions,Collingwood Magpies,Player Disposals,Lachie Neale,14.5,1.005,Bet365,NA
Collingwood Magpies v Brisbane Lions,Collingwood Magpies,Brisbane Lions,Brisbane Lions,Collingwood Magpies,Player Disposals,Lachie Neale,19.5,1.07,Bet365,NA
Collingwood Magpies v Brisbane Lions,Collingwood Magpies,Brisbane Lions,Brisbane Lions,Collingwood Magpies,Player Disposals,Lachie Neale,24.5,1.36,Bet365,NA
Collingwood Magpies v Brisbane Lions,Collingwood Magpies,Brisbane Lions,Brisbane Lions,Collingwood Magpies,Player Disposals,Lachie Neale,29.5,2.5,Bet365,NA
Collingwood Magpies v Brisbane Lions,Collingwood Magpies,Brisbane Lions,Brisbane Lions,Collingwood Magpies,Player Disposals,Lachie Neale,34.5,6.5,Bet365,NA
Collingwood Magpies v Brisbane Lions,Collingwood Magpies,Brisbane Lions,Brisbane Lions,Collingwood Magpies,Player Disposals,Lachie Neale,39.5,17,Bet365,NA
Collingwood Magpies v Brisbane Lions,Collingwood Magpies,Brisbane Lions,Brisbane Lions,Collingwood Magpies,Player Disposals,Hugh McCluggage,14.5,1.01,Bet365,NA
Collingwood Magpies v Brisbane Lions,Collingwood Magpies,Brisbane Lions,Brisbane Lions,Collingwood Magpies,Player Disposals,Hugh McCluggage,19.5,1.1,Bet365,NA
Collingwood Magpies v Brisbane Lions,Collingwood Magpies,Brisbane Lions,Brisbane Lions,Collingwood Magpies,Player Disposals,Hugh McCluggage,24.5,1.5,Bet365,NA
Collingwood Magpies v Brisbane Lions,Collingwood Magpies,Brisbane Lions,Brisbane Lions,Collingwood Magpies,Player Disposals,Hugh McCluggage,29.5,3,Bet365,NA
Collingwood Magpies v Brisbane Lions,Collingwood Magpies,Brisbane Lions,Brisbane Lions,Collingwood Magpies,Player Disposals,Hugh McCluggage,34.5,8,Bet365,NA
Collingwood Magpies v Brisbane Lions,Collingwood Magpies,Brisbane Lions,Brisbane Lions,Collingwood Magpies,Player Disposals,Hugh McCluggage,39.5,21,Bet365,NA
Collingwood Magpies v Brisbane Lions,Collingwood Magpies,Brisbane Lions,Brisbane Lions,Collingwood Magpies,Player Disposals,Dayne Zorko,14.5,1.015,Bet365,NA
Collingwood Magpies v Brisbane Lions,Collingwood Magpies,Brisbane Lions,Brisbane Lions,Collingwood Magpies,Player Disposals,Dayne Zorko,19.5,1.13,Bet365,NA
Collingwood Magpies v Brisbane Lions,Collingwood Magpies,Brisbane Lions,Brisbane Lions,Collingwood Magpies,Player Disposals,Dayne Zorko,24.5,1.65,Bet365,NA
Collingwood Magpies v Brisbane Lions,Collingwood Magpies,Brisbane Lions,Brisbane Lions,Collingwood Magpies,Player Disposals,Dayne Zorko,29.5,3.6,Bet365,NA
Collingwood Magpies v Brisbane Lions,Collingwood Magpies,Brisbane Lions,Brisbane Lions,Collingwood Magpies,Player Disposals,Dayne Zorko,34.5,9,Bet365,NA
Collingwood Magpies v Brisbane Lions,Collingwood Magpies,Brisbane Lions,Brisbane Lions,Collingwood Magpies,Player Disposals,Will Ashcroft,14.5,1.015,Bet365,NA
Collingwood Magpies v Brisbane Lions,Collingwood Magpies,Brisbane Lions,Brisbane Lions,Collingwood Magpies,Player Disposals,Will Ashcroft,19.5,1.13,Bet365,NA
Collingwood Magpies v Brisbane Lions,Collingwood Magpies,Brisbane Lions,Brisbane Lions,Collingwood Magpies,Player Disposals,Will Ashcroft,24.5,1.65,Bet365,NA
Collingwood Magpies v Brisbane Lions,Collingwood Magpies,Brisbane Lions,Brisbane Lions,Collingwood Magpies,Player Disposals,Will Ashcroft,29.5,3.6,Bet365,NA
Collingwood Magpies v Brisbane Lions,Collingwood Magpies,Brisbane Lions,Brisbane Lions,Collingwood Magpies,Player Disposals,Will Ashcroft,34.5,9,Bet365,NA
Collingwood Magpies v Brisbane Lions,Collingwood Magpies,Brisbane Lions,Brisbane Lions,Collingwood Magpies,Player Disposals,Josh Dunkley,14.5,1.025,Bet365,NA
Collingwood Magpies v Brisbane Lions,Collingwood Magpies,Brisbane Lions,Brisbane Lions,Collingwood Magpies,Player Disposals,Josh Dunkley,19.5,1.18,Bet365,NA
Collingwood Magpies v Brisbane Lions,Collingwood Magpies,Brisbane Lions,Brisbane Lions,Collingwood Magpies,Player Disposals,Josh Dunkley,24.5,1.87,Bet365,NA
Collingwood Magpies v Brisbane Lions,Collingwood Magpies,Brisbane Lions,Brisbane Lions,Collingwood Magpies,Player Disposals,Josh Dunkley,29.5,4.5,Bet365,NA
Collingwood Magpies v Brisbane Lions,Collingwood Magpies,Brisbane Lions,Brisbane Lions,Collingwood Magpies,Player Disposals,Josh Dunkley,34.5,10.5,Bet365,NA
Collingwood Magpies v Brisbane Lions,Collingwood Magpies,Brisbane Lions,Brisbane Lions,Collingwood Magpies,Player Disposals,Jaspa Fletcher,9.5,1.01,Bet365,NA
Collingwood Magpies v Brisbane Lions,Collingwood Magpies,Brisbane Lions,Brisbane Lions,Collingwood Magpies,Player Disposals,Jaspa Fletcher,14.5,1.11,Bet365,NA
Collingwood Magpies v Brisbane Lions,Collingwood Magpies,Brisbane Lions,Brisbane Lions,Collingwood Magpies,Player Disposals,Jaspa Fletcher,19.5,1.65,Bet365,NA
Collingwood Magpies v Brisbane Lions,Collingwood Magpies,Brisbane Lions,Brisbane Lions,Collingwood Magpies,Player Disposals,Jaspa Fletcher,24.5,3.75,Bet365,NA
Collingwood Magpies v Brisbane Lions,Collingwood Magpies,Brisbane Lions,Brisbane Lions,Collingwood Magpies,Player Disposals,Jaspa Fletcher,29.5,10,Bet365,NA
Collingwood Magpies v Brisbane Lions,Collingwood Magpies,Brisbane Lions,Brisbane Lions,Collingwood Magpies,Player Disposals,Jarrod Berry,9.5,1.015,Bet365,NA
Collingwood Magpies v Brisbane Lions,Collingwood Magpies,Brisbane Lions,Brisbane Lions,Collingwood Magpies,Player Disposals,Jarrod Berry,14.5,1.16,Bet365,NA
Collingwood Magpies v Brisbane Lions,Collingwood Magpies,Brisbane Lions,Brisbane Lions,Collingwood Magpies,Player Disposals,Jarrod Berry,19.5,1.87,Bet365,NA
Collingwood Magpies v Brisbane Lions,Collingwood Magpies,Brisbane Lions,Brisbane Lions,Collingwood Magpies,Player Disposals,Jarrod Berry,24.5,4.75,Bet365,NA
Collingwood Magpies v Brisbane Lions,Collingwood Magpies,Brisbane Lions,Brisbane Lions,Collingwood Magpies,Player Disposals,Jarrod Berry,29.5,13,Bet365,NA
Collingwood Magpies v Brisbane Lions,Collingwood Magpies,Brisbane Lions,Brisbane Lions,Collingwood Magpies,Player Disposals,Cam Rayner,9.5,1.015,Bet365,NA
Collingwood Magpies v Brisbane Lions,Collingwood Magpies,Brisbane Lions,Brisbane Lions,Collingwood Magpies,Player Disposals,Cam Rayner,14.5,1.16,Bet365,NA
Collingwood Magpies v Brisbane Lions,Collingwood Magpies,Brisbane Lions,Brisbane Lions,Collingwood Magpies,Player Disposals,Cam Rayner,19.5,1.87,Bet365,NA
Collingwood Magpies v Brisbane Lions,Collingwood Magpies,Brisbane Lions,Brisbane Lions,Collingwood Magpies,Player Disposals,Cam Rayner,24.5,4.75,Bet365,NA
Collingwood Magpies v Brisbane Lions,Collingwood Magpies,Brisbane Lions,Brisbane Lions,Collingwood Magpies,Player Disposals,Cam Rayner,29.5,13,Bet365,NA
Collingwood Magpies v Brisbane Lions,Collingwood Magpies,Brisbane Lions,Brisbane Lions,Collingwood Magpies,Player Disposals,Zac Bailey,9.5,1.025,Bet365,NA
Collingwood Magpies v Brisbane Lions,Collingwood Magpies,Brisbane Lions,Brisbane Lions,Collingwood Magpies,Player Disposals,Zac Bailey,14.5,1.22,Bet365,NA
Collingwood Magpies v Brisbane Lions,Collingwood Magpies,Brisbane Lions,Brisbane Lions,Collingwood Magpies,Player Disposals,Zac Bailey,19.5,2.2,Bet365,NA
Collingwood Magpies v Brisbane Lions,Collingwood Magpies,Brisbane Lions,Brisbane Lions,Collingwood Magpies,Player Disposals,Zac Bailey,24.5,6.5,Bet365,NA
Collingwood Magpies v Brisbane Lions,Collingwood Magpies,Brisbane Lions,Brisbane Lions,Collingwood Magpies,Player Disposals,Zac Bailey,29.5,19,Bet365,NA
Collingwood Magpies v Brisbane Lions,Collingwood Magpies,Brisbane Lions,Brisbane Lions,Collingwood Magpies,Player Disposals,Darcy Wilmot,9.5,1.025,Bet365,NA
Collingwood Magpies v Brisbane Lions,Collingwood Magpies,Brisbane Lions,Brisbane Lions,Collingwood Magpies,Player Disposals,Darcy Wilmot,14.5,1.22,Bet365,NA
Collingwood Magpies v Brisbane Lions,Collingwood Magpies,Brisbane Lions,Brisbane Lions,Collingwood Magpies,Player Disposals,Darcy Wilmot,19.5,2.2,Bet365,NA
Collingwood Magpies v Brisbane Lions,Collingwood Magpies,Brisbane Lions,Brisbane Lions,Collingwood Magpies,Player Disposals,Darcy Wilmot,24.5,6.5,Bet365,NA
Collingwood Magpies v Brisbane Lions,Collingwood Magpies,Brisbane Lions,Brisbane Lions,Collingwood Magpies,Player Disposals,Darcy Wilmot,29.5,19,Bet365,NA
Collingwood Magpies v Brisbane Lions,Collingwood Magpies,Brisbane Lions,Brisbane Lions,Collingwood Magpies,Player Disposals,Sam Marshall,9.5,1.025,Bet365,NA
Collingwood Magpies v Brisbane Lions,Collingwood Magpies,Brisbane Lions,Brisbane Lions,Collingwood Magpies,Player Disposals,Sam Marshall,14.5,1.22,Bet365,NA
Collingwood Magpies v Brisbane Lions,Collingwood Magpies,Brisbane Lions,Brisbane Lions,Collingwood Magpies,Player Disposals,Sam Marshall,19.5,2.2,Bet365,NA
Collingwood Magpies v Brisbane Lions,Collingwood Magpies,Brisbane Lions,Brisbane Lions,Collingwood Magpies,Player Disposals,Sam Marshall,24.5,6.5,Bet365,NA
Collingwood Magpies v Brisbane Lions,Collingwood Magpies,Brisbane Lions,Brisbane Lions,Collingwood Magpies,Player Disposals,Sam Marshall,29.5,19,Bet365,NA
Collingwood Magpies v Brisbane Lions,Collingwood Magpies,Brisbane Lions,Brisbane Lions,Collingwood Magpies,Player Disposals,Levi Ashcroft,9.5,1.04,Bet365,NA
Collingwood Magpies v Brisbane Lions,Collingwood Magpies,Brisbane Lions,Brisbane Lions,Collingwood Magpies,Player Disposals,Levi Ashcroft,14.5,1.32,Bet365,NA
Collingwood Magpies v Brisbane Lions,Collingwood Magpies,Brisbane Lions,Brisbane Lions,Collingwood Magpies,Player Disposals,Levi Ashcroft,19.5,2.65,Bet365,NA
Collingwood Magpies v Brisbane Lions,Collingwood Magpies,Brisbane Lions,Brisbane Lions,Collingwood Magpies,Player Disposals,Levi Ashcroft,24.5,8,Bet365,NA
Collingwood Magpies v Brisbane Lions,Collingwood Magpies,Brisbane Lions,Brisbane Lions,Collingwood Magpies,Player Disposals,Levi Ashcroft,29.5,23,Bet365,NA
Collingwood Magpies v Brisbane Lions,Collingwood Magpies,Brisbane Lions,Brisbane Lions,Collingwood Magpies,Player Disposals,Callum Ah Chee,9.5,1.06,Bet365,NA
Collingwood Magpies v Brisbane Lions,Collingwood Magpies,Brisbane Lions,Brisbane Lions,Collingwood Magpies,Player Disposals,Callum Ah Chee,14.5,1.45,Bet365,NA
Collingwood Magpies v Brisbane Lions,Collingwood Magpies,Brisbane Lions,Brisbane Lions,Collingwood Magpies,Player Disposals,Callum Ah Chee,19.5,3.35,Bet365,NA
Collingwood Magpies v Brisbane Lions,Collingwood Magpies,Brisbane Lions,Brisbane Lions,Collingwood Magpies,Player Disposals,Callum Ah Chee,24.5,10,Bet365,NA
Collingwood Magpies v Brisbane Lions,Collingwood Magpies,Brisbane Lions,Brisbane Lions,Collingwood Magpies,Player Disposals,Harris Andrews,9.5,1.12,Bet365,NA
Collingwood Magpies v Brisbane Lions,Collingwood Magpies,Brisbane Lions,Brisbane Lions,Collingwood Magpies,Player Disposals,Harris Andrews,14.5,1.87,Bet365,NA
Collingwood Magpies v Brisbane Lions,Collingwood Magpies,Brisbane Lions,Brisbane Lions,Collingwood Magpies,Player Disposals,Harris Andrews,19.5,5.75,Bet365,NA
Collingwood Magpies v Brisbane Lions,Collingwood Magpies,Brisbane Lions,Brisbane Lions,Collingwood Magpies,Player Disposals,Harris Andrews,24.5,19,Bet365,NA
Collingwood Magpies v Brisbane Lions,Collingwood Magpies,Brisbane Lions,Brisbane Lions,Collingwood Magpies,Player Disposals,Ryan Lester,9.5,1.18,Bet365,NA
Collingwood Magpies v Brisbane Lions,Collingwood Magpies,Brisbane Lions,Brisbane Lions,Collingwood Magpies,Player Disposals,Ryan Lester,14.5,2.25,Bet365,NA
Collingwood Magpies v Brisbane Lions,Collingwood Magpies,Brisbane Lions,Brisbane Lions,Collingwood Magpies,Player Disposals,Ryan Lester,19.5,7.5,Bet365,NA
Collingwood Magpies v Brisbane Lions,Collingwood Magpies,Brisbane Lions,Brisbane Lions,Collingwood Magpies,Player Disposals,Darcy Gardiner,9.5,1.18,Bet365,NA
Collingwood Magpies v Brisbane Lions,Collingwood Magpies,Brisbane Lions,Brisbane Lions,Collingwood Magpies,Player Disposals,Darcy Gardiner,14.5,2.25,Bet365,NA
Collingwood Magpies v Brisbane Lions,Collingwood Magpies,Brisbane Lions,Brisbane Lions,Collingwood Magpies,Player Disposals,Darcy Gardiner,19.5,7.5,Bet365,NA
Collingwood Magpies v Brisbane Lions,Collingwood Magpies,Brisbane Lions,Brisbane Lions,Collingwood Magpies,Player Disposals,Bruce Reville,9.5,1.18,Bet365,NA
Collingwood Magpies v Brisbane Lions,Collingwood Magpies,Brisbane Lions,Brisbane Lions,Collingwood Magpies,Player Disposals,Bruce Reville,14.5,2.25,Bet365,NA
Collingwood Magpies v Brisbane Lions,Collingwood Magpies,Brisbane Lions,Brisbane Lions,Collingwood Magpies,Player Disposals,Bruce Reville,19.5,7.5,Bet365,NA
Collingwood Magpies v Brisbane Lions,Collingwood Magpies,Brisbane Lions,Brisbane Lions,Collingwood Magpies,Player Disposals,Eric Hipwood,9.5,1.26,Bet365,NA
Collingwood Magpies v Brisbane Lions,Collingwood Magpies,Brisbane Lions,Brisbane Lions,Collingwood Magpies,Player Disposals,Eric Hipwood,14.5,2.8,Bet365,NA
Collingwood Magpies v Brisbane Lions,Collingwood Magpies,Brisbane Lions,Brisbane Lions,Collingwood Magpies,Player Disposals,Eric Hipwood,19.5,10,Bet365,NA
Collingwood Magpies v Brisbane Lions,Collingwood Magpies,Brisbane Lions,Brisbane Lions,Collingwood Magpies,Player Disposals,Brandon Starcevich,9.5,1.26,Bet365,NA
Collingwood Magpies v Brisbane Lions,Collingwood Magpies,Brisbane Lions,Brisbane Lions,Collingwood Magpies,Player Disposals,Brandon Starcevich,14.5,2.8,Bet365,NA
Collingwood Magpies v Brisbane Lions,Collingwood Magpies,Brisbane Lions,Brisbane Lions,Collingwood Magpies,Player Disposals,Brandon Starcevich,19.5,10,Bet365,NA
Collingwood Magpies v Brisbane Lions,Collingwood Magpies,Brisbane Lions,Brisbane Lions,Collingwood Magpies,Player Disposals,Darcy Fort,9.5,1.26,Bet365,NA
Collingwood Magpies v Brisbane Lions,Collingwood Magpies,Brisbane Lions,Brisbane Lions,Collingwood Magpies,Player Disposals,Darcy Fort,14.5,2.8,Bet365,NA
Collingwood Magpies v Brisbane Lions,Collingwood Magpies,Brisbane Lions,Brisbane Lions,Collingwood Magpies,Player Disposals,Darcy Fort,19.5,10,Bet365,NA
Collingwood Magpies v Brisbane Lions,Collingwood Magpies,Brisbane Lions,Brisbane Lions,Collingwood Magpies,Player Disposals,Henry Smith,9.5,1.38,Bet365,NA
Collingwood Magpies v Brisbane Lions,Collingwood Magpies,Brisbane Lions,Brisbane Lions,Collingwood Magpies,Player Disposals,Henry Smith,14.5,3.75,Bet365,NA
Collingwood Magpies v Brisbane Lions,Collingwood Magpies,Brisbane Lions,Brisbane Lions,Collingwood Magpies,Player Disposals,Henry Smith,19.5,15,Bet365,NA
Collingwood Magpies v Brisbane Lions,Collingwood Magpies,Brisbane Lions,Brisbane Lions,Collingwood Magpies,Player Disposals,Logan Morris,9.5,1.38,Bet365,NA
Collingwood Magpies v Brisbane Lions,Collingwood Magpies,Brisbane Lions,Brisbane Lions,Collingwood Magpies,Player Disposals,Logan Morris,14.5,3.75,Bet365,NA
Collingwood Magpies v Brisbane Lions,Collingwood Magpies,Brisbane Lions,Brisbane Lions,Collingwood Magpies,Player Disposals,Logan Morris,19.5,15,Bet365,NA
Collingwood Magpies v Brisbane Lions,Collingwood Magpies,Brisbane Lions,Brisbane Lions,Collingwood Magpies,Player Disposals,Charlie Cameron,9.5,1.87,Bet365,NA
Collingwood Magpies v Brisbane Lions,Collingwood Magpies,Brisbane Lions,Brisbane Lions,Collingwood Magpies,Player Disposals,Charlie Cameron,14.5,6.5,Bet365,NA
St Kilda Saints v North Melbourne Kangaroos,St Kilda Saints,North Melbourne Kangaroos,North Melbourne Kangaroos,St Kilda Saints,Player Disposals,Colby McKercher,19.5,1.02,Bet365,NA
St Kilda Saints v North Melbourne Kangaroos,St Kilda Saints,North Melbourne Kangaroos,North Melbourne Kangaroos,St Kilda Saints,Player Disposals,Colby McKercher,24.5,1.15,Bet365,NA
St Kilda Saints v North Melbourne Kangaroos,St Kilda Saints,North Melbourne Kangaroos,North Melbourne Kangaroos,St Kilda Saints,Player Disposals,Colby McKercher,29.5,1.65,Bet365,NA
St Kilda Saints v North Melbourne Kangaroos,St Kilda Saints,North Melbourne Kangaroos,North Melbourne Kangaroos,St Kilda Saints,Player Disposals,Colby McKercher,34.5,3.5,Bet365,NA
St Kilda Saints v North Melbourne Kangaroos,St Kilda Saints,North Melbourne Kangaroos,North Melbourne Kangaroos,St Kilda Saints,Player Disposals,Colby McKercher,39.5,8.5,Bet365,NA
St Kilda Saints v North Melbourne Kangaroos,St Kilda Saints,North Melbourne Kangaroos,North Melbourne Kangaroos,St Kilda Saints,Player Disposals,Luke Davies-Uniacke,14.5,1.01,Bet365,NA
St Kilda Saints v North Melbourne Kangaroos,St Kilda Saints,North Melbourne Kangaroos,North Melbourne Kangaroos,St Kilda Saints,Player Disposals,Luke Davies-Uniacke,19.5,1.1,Bet365,NA
St Kilda Saints v North Melbourne Kangaroos,St Kilda Saints,North Melbourne Kangaroos,North Melbourne Kangaroos,St Kilda Saints,Player Disposals,Luke Davies-Uniacke,24.5,1.5,Bet365,NA
St Kilda Saints v North Melbourne Kangaroos,St Kilda Saints,North Melbourne Kangaroos,North Melbourne Kangaroos,St Kilda Saints,Player Disposals,Luke Davies-Uniacke,29.5,3,Bet365,NA
St Kilda Saints v North Melbourne Kangaroos,St Kilda Saints,North Melbourne Kangaroos,North Melbourne Kangaroos,St Kilda Saints,Player Disposals,Luke Davies-Uniacke,34.5,8,Bet365,NA
St Kilda Saints v North Melbourne Kangaroos,St Kilda Saints,North Melbourne Kangaroos,North Melbourne Kangaroos,St Kilda Saints,Player Disposals,Luke Davies-Uniacke,39.5,21,Bet365,NA
St Kilda Saints v North Melbourne Kangaroos,St Kilda Saints,North Melbourne Kangaroos,North Melbourne Kangaroos,St Kilda Saints,Player Disposals,Harry Sheezel,14.5,1.01,Bet365,NA
St Kilda Saints v North Melbourne Kangaroos,St Kilda Saints,North Melbourne Kangaroos,North Melbourne Kangaroos,St Kilda Saints,Player Disposals,Harry Sheezel,19.5,1.1,Bet365,NA
St Kilda Saints v North Melbourne Kangaroos,St Kilda Saints,North Melbourne Kangaroos,North Melbourne Kangaroos,St Kilda Saints,Player Disposals,Harry Sheezel,24.5,1.5,Bet365,NA
St Kilda Saints v North Melbourne Kangaroos,St Kilda Saints,North Melbourne Kangaroos,North Melbourne Kangaroos,St Kilda Saints,Player Disposals,Harry Sheezel,29.5,3,Bet365,NA
St Kilda Saints v North Melbourne Kangaroos,St Kilda Saints,North Melbourne Kangaroos,North Melbourne Kangaroos,St Kilda Saints,Player Disposals,Harry Sheezel,34.5,8,Bet365,NA
St Kilda Saints v North Melbourne Kangaroos,St Kilda Saints,North Melbourne Kangaroos,North Melbourne Kangaroos,St Kilda Saints,Player Disposals,Harry Sheezel,39.5,21,Bet365,NA
St Kilda Saints v North Melbourne Kangaroos,St Kilda Saints,North Melbourne Kangaroos,North Melbourne Kangaroos,St Kilda Saints,Player Disposals,Caleb Daniel,14.5,1.015,Bet365,NA
St Kilda Saints v North Melbourne Kangaroos,St Kilda Saints,North Melbourne Kangaroos,North Melbourne Kangaroos,St Kilda Saints,Player Disposals,Caleb Daniel,19.5,1.13,Bet365,NA
St Kilda Saints v North Melbourne Kangaroos,St Kilda Saints,North Melbourne Kangaroos,North Melbourne Kangaroos,St Kilda Saints,Player Disposals,Caleb Daniel,24.5,1.65,Bet365,NA
St Kilda Saints v North Melbourne Kangaroos,St Kilda Saints,North Melbourne Kangaroos,North Melbourne Kangaroos,St Kilda Saints,Player Disposals,Caleb Daniel,29.5,3.6,Bet365,NA
St Kilda Saints v North Melbourne Kangaroos,St Kilda Saints,North Melbourne Kangaroos,North Melbourne Kangaroos,St Kilda Saints,Player Disposals,Caleb Daniel,34.5,9,Bet365,NA
St Kilda Saints v North Melbourne Kangaroos,St Kilda Saints,North Melbourne Kangaroos,North Melbourne Kangaroos,St Kilda Saints,Player Disposals,Tom Powell,14.5,1.025,Bet365,NA
St Kilda Saints v North Melbourne Kangaroos,St Kilda Saints,North Melbourne Kangaroos,North Melbourne Kangaroos,St Kilda Saints,Player Disposals,Tom Powell,19.5,1.18,Bet365,NA
St Kilda Saints v North Melbourne Kangaroos,St Kilda Saints,North Melbourne Kangaroos,North Melbourne Kangaroos,St Kilda Saints,Player Disposals,Tom Powell,24.5,1.87,Bet365,NA
St Kilda Saints v North Melbourne Kangaroos,St Kilda Saints,North Melbourne Kangaroos,North Melbourne Kangaroos,St Kilda Saints,Player Disposals,Tom Powell,29.5,4.5,Bet365,NA
St Kilda Saints v North Melbourne Kangaroos,St Kilda Saints,North Melbourne Kangaroos,North Melbourne Kangaroos,St Kilda Saints,Player Disposals,Tom Powell,34.5,10.5,Bet365,NA
St Kilda Saints v North Melbourne Kangaroos,St Kilda Saints,North Melbourne Kangaroos,North Melbourne Kangaroos,St Kilda Saints,Player Disposals,Luke Parker,14.5,1.04,Bet365,NA
St Kilda Saints v North Melbourne Kangaroos,St Kilda Saints,North Melbourne Kangaroos,North Melbourne Kangaroos,St Kilda Saints,Player Disposals,Luke Parker,19.5,1.26,Bet365,NA
St Kilda Saints v North Melbourne Kangaroos,St Kilda Saints,North Melbourne Kangaroos,North Melbourne Kangaroos,St Kilda Saints,Player Disposals,Luke Parker,24.5,2.15,Bet365,NA
St Kilda Saints v North Melbourne Kangaroos,St Kilda Saints,North Melbourne Kangaroos,North Melbourne Kangaroos,St Kilda Saints,Player Disposals,Luke Parker,29.5,5.5,Bet365,NA
St Kilda Saints v North Melbourne Kangaroos,St Kilda Saints,North Melbourne Kangaroos,North Melbourne Kangaroos,St Kilda Saints,Player Disposals,Luke Parker,34.5,15,Bet365,NA
St Kilda Saints v North Melbourne Kangaroos,St Kilda Saints,North Melbourne Kangaroos,North Melbourne Kangaroos,St Kilda Saints,Player Disposals,Riley Hardeman,9.5,1.04,Bet365,NA
St Kilda Saints v North Melbourne Kangaroos,St Kilda Saints,North Melbourne Kangaroos,North Melbourne Kangaroos,St Kilda Saints,Player Disposals,Riley Hardeman,14.5,1.32,Bet365,NA
St Kilda Saints v North Melbourne Kangaroos,St Kilda Saints,North Melbourne Kangaroos,North Melbourne Kangaroos,St Kilda Saints,Player Disposals,Riley Hardeman,19.5,2.65,Bet365,NA
St Kilda Saints v North Melbourne Kangaroos,St Kilda Saints,North Melbourne Kangaroos,North Melbourne Kangaroos,St Kilda Saints,Player Disposals,Riley Hardeman,24.5,8,Bet365,NA
St Kilda Saints v North Melbourne Kangaroos,St Kilda Saints,North Melbourne Kangaroos,North Melbourne Kangaroos,St Kilda Saints,Player Disposals,Riley Hardeman,29.5,23,Bet365,NA
St Kilda Saints v North Melbourne Kangaroos,St Kilda Saints,North Melbourne Kangaroos,North Melbourne Kangaroos,St Kilda Saints,Player Disposals,Dylan Stephens,9.5,1.06,Bet365,NA
St Kilda Saints v North Melbourne Kangaroos,St Kilda Saints,North Melbourne Kangaroos,North Melbourne Kangaroos,St Kilda Saints,Player Disposals,Dylan Stephens,14.5,1.45,Bet365,NA
St Kilda Saints v North Melbourne Kangaroos,St Kilda Saints,North Melbourne Kangaroos,North Melbourne Kangaroos,St Kilda Saints,Player Disposals,Dylan Stephens,19.5,3.35,Bet365,NA
St Kilda Saints v North Melbourne Kangaroos,St Kilda Saints,North Melbourne Kangaroos,North Melbourne Kangaroos,St Kilda Saints,Player Disposals,Dylan Stephens,24.5,10,Bet365,NA
St Kilda Saints v North Melbourne Kangaroos,St Kilda Saints,North Melbourne Kangaroos,North Melbourne Kangaroos,St Kilda Saints,Player Disposals,George Wardlaw,9.5,1.06,Bet365,NA
St Kilda Saints v North Melbourne Kangaroos,St Kilda Saints,North Melbourne Kangaroos,North Melbourne Kangaroos,St Kilda Saints,Player Disposals,George Wardlaw,14.5,1.45,Bet365,NA
St Kilda Saints v North Melbourne Kangaroos,St Kilda Saints,North Melbourne Kangaroos,North Melbourne Kangaroos,St Kilda Saints,Player Disposals,George Wardlaw,19.5,3.35,Bet365,NA
St Kilda Saints v North Melbourne Kangaroos,St Kilda Saints,North Melbourne Kangaroos,North Melbourne Kangaroos,St Kilda Saints,Player Disposals,George Wardlaw,24.5,10,Bet365,NA
St Kilda Saints v North Melbourne Kangaroos,St Kilda Saints,North Melbourne Kangaroos,NA,NA,Player Disposals,Finn O'Sullivan,9.5,1.08,Bet365,NA
St Kilda Saints v North Melbourne Kangaroos,St Kilda Saints,North Melbourne Kangaroos,NA,NA,Player Disposals,Finn O'Sullivan,14.5,1.62,Bet365,NA
St Kilda Saints v North Melbourne Kangaroos,St Kilda Saints,North Melbourne Kangaroos,NA,NA,Player Disposals,Finn O'Sullivan,19.5,4.33,Bet365,NA
St Kilda Saints v North Melbourne Kangaroos,St Kilda Saints,North Melbourne Kangaroos,NA,NA,Player Disposals,Finn O'Sullivan,24.5,13,Bet365,NA
St Kilda Saints v North Melbourne Kangaroos,St Kilda Saints,North Melbourne Kangaroos,North Melbourne Kangaroos,St Kilda Saints,Player Disposals,Brynn Teakle,9.5,1.12,Bet365,NA
St Kilda Saints v North Melbourne Kangaroos,St Kilda Saints,North Melbourne Kangaroos,North Melbourne Kangaroos,St Kilda Saints,Player Disposals,Brynn Teakle,14.5,1.87,Bet365,NA
St Kilda Saints v North Melbourne Kangaroos,St Kilda Saints,North Melbourne Kangaroos,North Melbourne Kangaroos,St Kilda Saints,Player Disposals,Brynn Teakle,19.5,5.75,Bet365,NA
St Kilda Saints v North Melbourne Kangaroos,St Kilda Saints,North Melbourne Kangaroos,North Melbourne Kangaroos,St Kilda Saints,Player Disposals,Brynn Teakle,24.5,19,Bet365,NA
St Kilda Saints v North Melbourne Kangaroos,St Kilda Saints,North Melbourne Kangaroos,North Melbourne Kangaroos,St Kilda Saints,Player Disposals,Cooper Harvey,9.5,1.12,Bet365,NA
St Kilda Saints v North Melbourne Kangaroos,St Kilda Saints,North Melbourne Kangaroos,North Melbourne Kangaroos,St Kilda Saints,Player Disposals,Cooper Harvey,14.5,1.87,Bet365,NA
St Kilda Saints v North Melbourne Kangaroos,St Kilda Saints,North Melbourne Kangaroos,North Melbourne Kangaroos,St Kilda Saints,Player Disposals,Cooper Harvey,19.5,5.75,Bet365,NA
St Kilda Saints v North Melbourne Kangaroos,St Kilda Saints,North Melbourne Kangaroos,North Melbourne Kangaroos,St Kilda Saints,Player Disposals,Cooper Harvey,24.5,19,Bet365,NA
St Kilda Saints v North Melbourne Kangaroos,St Kilda Saints,North Melbourne Kangaroos,North Melbourne Kangaroos,St Kilda Saints,Player Disposals,Toby Pink,9.5,1.18,Bet365,NA
St Kilda Saints v North Melbourne Kangaroos,St Kilda Saints,North Melbourne Kangaroos,North Melbourne Kangaroos,St Kilda Saints,Player Disposals,Toby Pink,14.5,2.25,Bet365,NA
St Kilda Saints v North Melbourne Kangaroos,St Kilda Saints,North Melbourne Kangaroos,North Melbourne Kangaroos,St Kilda Saints,Player Disposals,Toby Pink,19.5,7.5,Bet365,NA
St Kilda Saints v North Melbourne Kangaroos,St Kilda Saints,North Melbourne Kangaroos,North Melbourne Kangaroos,St Kilda Saints,Player Disposals,Zane Duursma,9.5,1.18,Bet365,NA
St Kilda Saints v North Melbourne Kangaroos,St Kilda Saints,North Melbourne Kangaroos,North Melbourne Kangaroos,St Kilda Saints,Player Disposals,Zane Duursma,14.5,2.25,Bet365,NA
St Kilda Saints v North Melbourne Kangaroos,St Kilda Saints,North Melbourne Kangaroos,North Melbourne Kangaroos,St Kilda Saints,Player Disposals,Zane Duursma,19.5,7.5,Bet365,NA
St Kilda Saints v North Melbourne Kangaroos,St Kilda Saints,North Melbourne Kangaroos,North Melbourne Kangaroos,St Kilda Saints,Player Disposals,Griffin Logue,9.5,1.26,Bet365,NA
St Kilda Saints v North Melbourne Kangaroos,St Kilda Saints,North Melbourne Kangaroos,North Melbourne Kangaroos,St Kilda Saints,Player Disposals,Griffin Logue,14.5,2.8,Bet365,NA
St Kilda Saints v North Melbourne Kangaroos,St Kilda Saints,North Melbourne Kangaroos,North Melbourne Kangaroos,St Kilda Saints,Player Disposals,Griffin Logue,19.5,10,Bet365,NA
St Kilda Saints v North Melbourne Kangaroos,St Kilda Saints,North Melbourne Kangaroos,North Melbourne Kangaroos,St Kilda Saints,Player Disposals,Cameron Zurhaar,9.5,1.26,Bet365,NA
St Kilda Saints v North Melbourne Kangaroos,St Kilda Saints,North Melbourne Kangaroos,North Melbourne Kangaroos,St Kilda Saints,Player Disposals,Cameron Zurhaar,14.5,2.8,Bet365,NA
St Kilda Saints v North Melbourne Kangaroos,St Kilda Saints,North Melbourne Kangaroos,North Melbourne Kangaroos,St Kilda Saints,Player Disposals,Cameron Zurhaar,19.5,10,Bet365,NA
St Kilda Saints v North Melbourne Kangaroos,St Kilda Saints,North Melbourne Kangaroos,North Melbourne Kangaroos,St Kilda Saints,Player Disposals,Charlie Comben,9.5,1.26,Bet365,NA
St Kilda Saints v North Melbourne Kangaroos,St Kilda Saints,North Melbourne Kangaroos,North Melbourne Kangaroos,St Kilda Saints,Player Disposals,Charlie Comben,14.5,2.8,Bet365,NA
St Kilda Saints v North Melbourne Kangaroos,St Kilda Saints,North Melbourne Kangaroos,North Melbourne Kangaroos,St Kilda Saints,Player Disposals,Charlie Comben,19.5,10,Bet365,NA
St Kilda Saints v North Melbourne Kangaroos,St Kilda Saints,North Melbourne Kangaroos,North Melbourne Kangaroos,St Kilda Saints,Player Disposals,Paul Curtis,9.5,1.38,Bet365,NA
St Kilda Saints v North Melbourne Kangaroos,St Kilda Saints,North Melbourne Kangaroos,North Melbourne Kangaroos,St Kilda Saints,Player Disposals,Paul Curtis,14.5,3.75,Bet365,NA
St Kilda Saints v North Melbourne Kangaroos,St Kilda Saints,North Melbourne Kangaroos,North Melbourne Kangaroos,St Kilda Saints,Player Disposals,Paul Curtis,19.5,15,Bet365,NA
St Kilda Saints v North Melbourne Kangaroos,St Kilda Saints,North Melbourne Kangaroos,North Melbourne Kangaroos,St Kilda Saints,Player Disposals,Robert Hansen Jr,9.5,1.38,Bet365,NA
St Kilda Saints v North Melbourne Kangaroos,St Kilda Saints,North Melbourne Kangaroos,North Melbourne Kangaroos,St Kilda Saints,Player Disposals,Robert Hansen Jr,14.5,3.75,Bet365,NA
St Kilda Saints v North Melbourne Kangaroos,St Kilda Saints,North Melbourne Kangaroos,North Melbourne Kangaroos,St Kilda Saints,Player Disposals,Robert Hansen Jr,19.5,15,Bet365,NA
St Kilda Saints v North Melbourne Kangaroos,St Kilda Saints,North Melbourne Kangaroos,North Melbourne Kangaroos,St Kilda Saints,Player Disposals,Jack Darling,9.5,1.57,Bet365,NA
St Kilda Saints v North Melbourne Kangaroos,St Kilda Saints,North Melbourne Kangaroos,North Melbourne Kangaroos,St Kilda Saints,Player Disposals,Jack Darling,14.5,5,Bet365,NA
St Kilda Saints v North Melbourne Kangaroos,St Kilda Saints,North Melbourne Kangaroos,North Melbourne Kangaroos,St Kilda Saints,Player Disposals,Jack Darling,19.5,19,Bet365,NA
St Kilda Saints v North Melbourne Kangaroos,St Kilda Saints,North Melbourne Kangaroos,North Melbourne Kangaroos,St Kilda Saints,Player Disposals,Nick Larkey,9.5,1.57,Bet365,NA
St Kilda Saints v North Melbourne Kangaroos,St Kilda Saints,North Melbourne Kangaroos,North Melbourne Kangaroos,St Kilda Saints,Player Disposals,Nick Larkey,14.5,5,Bet365,NA
St Kilda Saints v North Melbourne Kangaroos,St Kilda Saints,North Melbourne Kangaroos,North Melbourne Kangaroos,St Kilda Saints,Player Disposals,Nick Larkey,19.5,19,Bet365,NA
St Kilda Saints v North Melbourne Kangaroos,St Kilda Saints,North Melbourne Kangaroos,North Melbourne Kangaroos,St Kilda Saints,Player Disposals,Jacob Konstanty,9.5,1.57,Bet365,NA
St Kilda Saints v North Melbourne Kangaroos,St Kilda Saints,North Melbourne Kangaroos,North Melbourne Kangaroos,St Kilda Saints,Player Disposals,Jacob Konstanty,14.5,5,Bet365,NA
St Kilda Saints v North Melbourne Kangaroos,St Kilda Saints,North Melbourne Kangaroos,North Melbourne Kangaroos,St Kilda Saints,Player Disposals,Jacob Konstanty,19.5,19,Bet365,NA
St Kilda Saints v North Melbourne Kangaroos,St Kilda Saints,North Melbourne Kangaroos,NA,NA,Player Disposals,Zac Banch,9.5,1.57,Bet365,NA
St Kilda Saints v North Melbourne Kangaroos,St Kilda Saints,North Melbourne Kangaroos,NA,NA,Player Disposals,Zac Banch,14.5,5,Bet365,NA
St Kilda Saints v North Melbourne Kangaroos,St Kilda Saints,North Melbourne Kangaroos,NA,NA,Player Disposals,Zac Banch,19.5,19,Bet365,NA
Collingwood Magpies v Brisbane Lions,Collingwood Magpies,Brisbane Lions,Collingwood Magpies,Brisbane Lions,Player Disposals,Nick Daicos,31.5,1.68,Bet365,2.12
Collingwood Magpies v Brisbane Lions,Collingwood Magpies,Brisbane Lions,Collingwood Magpies,Brisbane Lions,Player Disposals,Darcy Cameron,17.5,2.2,Bet365,1.62
Collingwood Magpies v Brisbane Lions,Collingwood Magpies,Brisbane Lions,Collingwood Magpies,Brisbane Lions,Player Disposals,Jack Crisp,19.5,1.87,Bet365,1.87
Collingwood Magpies v Brisbane Lions,Collingwood Magpies,Brisbane Lions,Collingwood Magpies,Brisbane Lions,Player Disposals,Josh Daicos,28.5,1.87,Bet365,1.87
Collingwood Magpies v Brisbane Lions,Collingwood Magpies,Brisbane Lions,Collingwood Magpies,Brisbane Lions,Player Disposals,Ned Long,19.5,2.2,Bet365,1.62
Collingwood Magpies v Brisbane Lions,Collingwood Magpies,Brisbane Lions,Collingwood Magpies,Brisbane Lions,Player Disposals,Brayden Maynard,17.5,1.87,Bet365,1.87
Collingwood Magpies v Brisbane Lions,Collingwood Magpies,Brisbane Lions,Collingwood Magpies,Brisbane Lions,Player Disposals,Scott Pendlebury,23.5,1.87,Bet365,1.87
Collingwood Magpies v Brisbane Lions,Collingwood Magpies,Brisbane Lions,Collingwood Magpies,Brisbane Lions,Player Disposals,Steele Sidebottom,20.5,1.87,Bet365,1.87
Collingwood Magpies v Brisbane Lions,Collingwood Magpies,Brisbane Lions,Brisbane Lions,Collingwood Magpies,Player Disposals,Dayne Zorko,24.5,1.65,Bet365,2.15
Collingwood Magpies v Brisbane Lions,Collingwood Magpies,Brisbane Lions,Brisbane Lions,Collingwood Magpies,Player Disposals,Lachie Neale,26.5,1.65,Bet365,2.15
Collingwood Magpies v Brisbane Lions,Collingwood Magpies,Brisbane Lions,Brisbane Lions,Collingwood Magpies,Player Disposals,Hugh McCluggage,26.5,1.87,Bet365,1.87
Collingwood Magpies v Brisbane Lions,Collingwood Magpies,Brisbane Lions,Brisbane Lions,Collingwood Magpies,Player Disposals,Jaspa Fletcher,20.5,1.87,Bet365,1.87
Collingwood Magpies v Brisbane Lions,Collingwood Magpies,Brisbane Lions,Brisbane Lions,Collingwood Magpies,Player Disposals,Josh Dunkley,24.5,1.87,Bet365,1.87
Collingwood Magpies v Brisbane Lions,Collingwood Magpies,Brisbane Lions,Brisbane Lions,Collingwood Magpies,Player Disposals,Jarrod Berry,19.5,1.87,Bet365,1.87
Collingwood Magpies v Brisbane Lions,Collingwood Magpies,Brisbane Lions,Brisbane Lions,Collingwood Magpies,Player Disposals,Zac Bailey,18.5,1.87,Bet365,1.87
Collingwood Magpies v Brisbane Lions,Collingwood Magpies,Brisbane Lions,Brisbane Lions,Collingwood Magpies,Player Disposals,Will Ashcroft,25.5,1.87,Bet365,1.87
