match,home_team,away_team,market_name,player_name,player_team,line,over_price,under_price,agency,opposition_team,group_by_header,event_id,outcome_name,outcome_id,fixed_market_id
Sydney Swans v Fremantle Dockers,Sydney Swans,Fremantle Dockers,Player Marks,Alex Pearce,Fremantle Dockers,2.5,1.31,NA,BetRight,Sydney Swans,Player Props,62910162,Alex Pearce 3+,1,331820640
Sydney Swans v Fremantle Dockers,Sydney Swans,Fremantle Dockers,Player Marks,Alex Pearce,Fremantle Dockers,3.5,1.77,NA,BetRight,Sydney Swans,Player Props,62910162,Alex Pearce 4+,2,331820641
Sydney Swans v Fremantle Dockers,Sydney Swans,Fremantle Dockers,Player Marks,Alex Pearce,Fremantle Dockers,4.5,2.7,NA,BetRight,Sydney Swans,Player Props,62910162,Alex Pearce 5+,3,331820639
Sydney Swans v Fremantle Dockers,Sydney Swans,Fremantle Dockers,Player Marks,Alex Pearce,Fremantle Dockers,5.5,4.4,NA,BetRight,Sydney Swans,Player Props,62910162,Alex Pearce 6+,4,331820642
Sydney Swans v Fremantle Dockers,Sydney Swans,Fremantle Dockers,Player Marks,Andrew Brayshaw,Fremantle Dockers,2.5,1.37,NA,BetRight,Sydney Swans,Player Props,62910153,Andrew Brayshaw 3+,1,331820604
Sydney Swans v Fremantle Dockers,Sydney Swans,Fremantle Dockers,Player Marks,Andrew Brayshaw,Fremantle Dockers,3.5,1.93,NA,BetRight,Sydney Swans,Player Props,62910153,Andrew Brayshaw 4+,2,331820606
Sydney Swans v Fremantle Dockers,Sydney Swans,Fremantle Dockers,Player Marks,Andrew Brayshaw,Fremantle Dockers,4.5,3.05,NA,BetRight,Sydney Swans,Player Props,62910153,Andrew Brayshaw 5+,3,331820603
Sydney Swans v Fremantle Dockers,Sydney Swans,Fremantle Dockers,Player Marks,Andrew Brayshaw,Fremantle Dockers,5.5,4.9,NA,BetRight,Sydney Swans,Player Props,62910153,Andrew Brayshaw 6+,4,331820605
Sydney Swans v Fremantle Dockers,Sydney Swans,Fremantle Dockers,Player Marks,Angus Sheldrick,Sydney Swans,1.5,1.17,NA,BetRight,Fremantle Dockers,Player Props,62910150,Angus Sheldrick 2+,1,331820593
Sydney Swans v Fremantle Dockers,Sydney Swans,Fremantle Dockers,Player Marks,Angus Sheldrick,Sydney Swans,2.5,1.61,NA,BetRight,Fremantle Dockers,Player Props,62910150,Angus Sheldrick 3+,2,331820591
Sydney Swans v Fremantle Dockers,Sydney Swans,Fremantle Dockers,Player Marks,Angus Sheldrick,Sydney Swans,3.5,2.45,NA,BetRight,Fremantle Dockers,Player Props,62910150,Angus Sheldrick 4+,3,331820594
Sydney Swans v Fremantle Dockers,Sydney Swans,Fremantle Dockers,Player Marks,Angus Sheldrick,Sydney Swans,4.5,4.25,NA,BetRight,Fremantle Dockers,Player Props,62910150,Angus Sheldrick 5+,4,331820592
Sydney Swans v Fremantle Dockers,Sydney Swans,Fremantle Dockers,Player Marks,Billy Cootee,Sydney Swans,1.5,1.12,NA,BetRight,Fremantle Dockers,Player Props,62910135,Billy Cootee 2+,1,331820535
Sydney Swans v Fremantle Dockers,Sydney Swans,Fremantle Dockers,Player Marks,Billy Cootee,Sydney Swans,2.5,1.45,NA,BetRight,Fremantle Dockers,Player Props,62910135,Billy Cootee 3+,2,331820536
Sydney Swans v Fremantle Dockers,Sydney Swans,Fremantle Dockers,Player Marks,Billy Cootee,Sydney Swans,3.5,2.05,NA,BetRight,Fremantle Dockers,Player Props,62910135,Billy Cootee 4+,3,331820534
Sydney Swans v Fremantle Dockers,Sydney Swans,Fremantle Dockers,Player Marks,Billy Cootee,Sydney Swans,4.5,3.35,NA,BetRight,Fremantle Dockers,Player Props,62910135,Billy Cootee 5+,4,331820537
Sydney Swans v Fremantle Dockers,Sydney Swans,Fremantle Dockers,Player Marks,Caiden Cleary,Sydney Swans,1.5,1.13,NA,BetRight,Fremantle Dockers,Player Props,62910134,Caiden Cleary 2+,1,331820531
Sydney Swans v Fremantle Dockers,Sydney Swans,Fremantle Dockers,Player Marks,Caiden Cleary,Sydney Swans,2.5,1.49,NA,BetRight,Fremantle Dockers,Player Props,62910134,Caiden Cleary 3+,2,331820532
Sydney Swans v Fremantle Dockers,Sydney Swans,Fremantle Dockers,Player Marks,Caiden Cleary,Sydney Swans,3.5,2.15,NA,BetRight,Fremantle Dockers,Player Props,62910134,Caiden Cleary 4+,3,331820530
Sydney Swans v Fremantle Dockers,Sydney Swans,Fremantle Dockers,Player Marks,Caiden Cleary,Sydney Swans,4.5,3.55,NA,BetRight,Fremantle Dockers,Player Props,62910134,Caiden Cleary 5+,4,331820533
Sydney Swans v Fremantle Dockers,Sydney Swans,Fremantle Dockers,Player Marks,Charlie Curnow,Sydney Swans,4.5,1.66,NA,BetRight,Fremantle Dockers,Player Props,62910137,Charlie Curnow 5+,1,331820542
Sydney Swans v Fremantle Dockers,Sydney Swans,Fremantle Dockers,Player Marks,Charlie Curnow,Sydney Swans,6.5,3.45,NA,BetRight,Fremantle Dockers,Player Props,62910137,Charlie Curnow 7+,2,331820543
Sydney Swans v Fremantle Dockers,Sydney Swans,Fremantle Dockers,Player Marks,Charlie Curnow,Sydney Swans,8.5,8.5,NA,BetRight,Fremantle Dockers,Player Props,62910137,Charlie Curnow 9+,3,331820544
Sydney Swans v Fremantle Dockers,Sydney Swans,Fremantle Dockers,Player Marks,Corey Wagner,Fremantle Dockers,1.5,1.17,NA,BetRight,Sydney Swans,Player Props,62910167,Corey Wagner 2+,1,331820659
Sydney Swans v Fremantle Dockers,Sydney Swans,Fremantle Dockers,Player Marks,Corey Wagner,Fremantle Dockers,2.5,1.59,NA,BetRight,Sydney Swans,Player Props,62910167,Corey Wagner 3+,2,331820661
Sydney Swans v Fremantle Dockers,Sydney Swans,Fremantle Dockers,Player Marks,Corey Wagner,Fremantle Dockers,3.5,2.35,NA,BetRight,Sydney Swans,Player Props,62910167,Corey Wagner 4+,3,331820660
Sydney Swans v Fremantle Dockers,Sydney Swans,Fremantle Dockers,Player Marks,Corey Wagner,Fremantle Dockers,4.5,4.25,NA,BetRight,Sydney Swans,Player Props,62910167,Corey Wagner 5+,4,331820662
Sydney Swans v Fremantle Dockers,Sydney Swans,Fremantle Dockers,Player Marks,Dane Rampe,Sydney Swans,2.5,1.29,NA,BetRight,Fremantle Dockers,Player Props,62910147,Dane Rampe 3+,1,331820579
Sydney Swans v Fremantle Dockers,Sydney Swans,Fremantle Dockers,Player Marks,Dane Rampe,Sydney Swans,3.5,1.77,NA,BetRight,Fremantle Dockers,Player Props,62910147,Dane Rampe 4+,2,331820582
Sydney Swans v Fremantle Dockers,Sydney Swans,Fremantle Dockers,Player Marks,Dane Rampe,Sydney Swans,4.5,2.6,NA,BetRight,Fremantle Dockers,Player Props,62910147,Dane Rampe 5+,3,331820580
Sydney Swans v Fremantle Dockers,Sydney Swans,Fremantle Dockers,Player Marks,Dane Rampe,Sydney Swans,5.5,4.25,NA,BetRight,Fremantle Dockers,Player Props,62910147,Dane Rampe 6+,4,331820581
Sydney Swans v Fremantle Dockers,Sydney Swans,Fremantle Dockers,Player Marks,Errol Gulden,Sydney Swans,2.5,1.29,NA,BetRight,Fremantle Dockers,Player Props,62910139,Errol Gulden 3+,1,331820552
Sydney Swans v Fremantle Dockers,Sydney Swans,Fremantle Dockers,Player Marks,Errol Gulden,Sydney Swans,3.5,1.74,NA,BetRight,Fremantle Dockers,Player Props,62910139,Errol Gulden 4+,2,331820551
Sydney Swans v Fremantle Dockers,Sydney Swans,Fremantle Dockers,Player Marks,Errol Gulden,Sydney Swans,4.5,2.55,NA,BetRight,Fremantle Dockers,Player Props,62910139,Errol Gulden 5+,3,331820549
Sydney Swans v Fremantle Dockers,Sydney Swans,Fremantle Dockers,Player Marks,Errol Gulden,Sydney Swans,5.5,4.25,NA,BetRight,Fremantle Dockers,Player Props,62910139,Errol Gulden 6+,4,331820550
Sydney Swans v Fremantle Dockers,Sydney Swans,Fremantle Dockers,Player Marks,Harry Cunningham,Sydney Swans,4.5,1.21,NA,BetRight,Fremantle Dockers,Player Props,62910136,Harry Cunningham 5+,1,331820541
Sydney Swans v Fremantle Dockers,Sydney Swans,Fremantle Dockers,Player Marks,Harry Cunningham,Sydney Swans,6.5,1.89,NA,BetRight,Fremantle Dockers,Player Props,62910136,Harry Cunningham 7+,2,331820538
Sydney Swans v Fremantle Dockers,Sydney Swans,Fremantle Dockers,Player Marks,Harry Cunningham,Sydney Swans,8.5,3.75,NA,BetRight,Fremantle Dockers,Player Props,62910136,Harry Cunningham 9+,3,331820540
Sydney Swans v Fremantle Dockers,Sydney Swans,Fremantle Dockers,Player Marks,Harry Cunningham,Sydney Swans,10.5,8.5,NA,BetRight,Fremantle Dockers,Player Props,62910136,Harry Cunningham 11+,4,331820539
Sydney Swans v Fremantle Dockers,Sydney Swans,Fremantle Dockers,Player Marks,Harry Kyle,Sydney Swans,1.5,1.2,NA,BetRight,Fremantle Dockers,Player Props,62910330,Harry Kyle 2+,1,331821418
Sydney Swans v Fremantle Dockers,Sydney Swans,Fremantle Dockers,Player Marks,Harry Kyle,Sydney Swans,2.5,1.64,NA,BetRight,Fremantle Dockers,Player Props,62910330,Harry Kyle 3+,2,331821416
Sydney Swans v Fremantle Dockers,Sydney Swans,Fremantle Dockers,Player Marks,Harry Kyle,Sydney Swans,3.5,2.6,NA,BetRight,Fremantle Dockers,Player Props,62910330,Harry Kyle 4+,3,331821419
Sydney Swans v Fremantle Dockers,Sydney Swans,Fremantle Dockers,Player Marks,Harry Kyle,Sydney Swans,4.5,4.5,NA,BetRight,Fremantle Dockers,Player Props,62910330,Harry Kyle 5+,4,331821417
Sydney Swans v Fremantle Dockers,Sydney Swans,Fremantle Dockers,Player Marks,Hayden McLean,Sydney Swans,2.5,1.16,NA,BetRight,Fremantle Dockers,Player Props,62910146,Hayden McLean 3+,1,331820577
Sydney Swans v Fremantle Dockers,Sydney Swans,Fremantle Dockers,Player Marks,Hayden McLean,Sydney Swans,3.5,1.45,NA,BetRight,Fremantle Dockers,Player Props,62910146,Hayden McLean 4+,2,331820576
Sydney Swans v Fremantle Dockers,Sydney Swans,Fremantle Dockers,Player Marks,Hayden McLean,Sydney Swans,4.5,1.99,NA,BetRight,Fremantle Dockers,Player Props,62910146,Hayden McLean 5+,3,331820578
Sydney Swans v Fremantle Dockers,Sydney Swans,Fremantle Dockers,Player Marks,Hayden McLean,Sydney Swans,5.5,2.95,NA,BetRight,Fremantle Dockers,Player Props,62910146,Hayden McLean 6+,4,331820575
Sydney Swans v Fremantle Dockers,Sydney Swans,Fremantle Dockers,Player Marks,Hayden Young,Fremantle Dockers,2.5,1.24,NA,BetRight,Sydney Swans,Player Props,62910169,Hayden Young 3+,1,331820670
Sydney Swans v Fremantle Dockers,Sydney Swans,Fremantle Dockers,Player Marks,Hayden Young,Fremantle Dockers,3.5,1.61,NA,BetRight,Sydney Swans,Player Props,62910169,Hayden Young 4+,2,331820668
Sydney Swans v Fremantle Dockers,Sydney Swans,Fremantle Dockers,Player Marks,Hayden Young,Fremantle Dockers,4.5,2.35,NA,BetRight,Sydney Swans,Player Props,62910169,Hayden Young 5+,3,331820669
Sydney Swans v Fremantle Dockers,Sydney Swans,Fremantle Dockers,Player Marks,Hayden Young,Fremantle Dockers,5.5,3.55,NA,BetRight,Sydney Swans,Player Props,62910169,Hayden Young 6+,4,331820667
Sydney Swans v Fremantle Dockers,Sydney Swans,Fremantle Dockers,Player Marks,Heath Chapman,Fremantle Dockers,4.5,1.49,NA,BetRight,Sydney Swans,Player Props,62910154,Heath Chapman 5+,1,331820609
Sydney Swans v Fremantle Dockers,Sydney Swans,Fremantle Dockers,Player Marks,Heath Chapman,Fremantle Dockers,6.5,2.95,NA,BetRight,Sydney Swans,Player Props,62910154,Heath Chapman 7+,2,331820607
Sydney Swans v Fremantle Dockers,Sydney Swans,Fremantle Dockers,Player Marks,Heath Chapman,Fremantle Dockers,8.5,6.75,NA,BetRight,Sydney Swans,Player Props,62910154,Heath Chapman 9+,3,331820608
Sydney Swans v Fremantle Dockers,Sydney Swans,Fremantle Dockers,Player Marks,Jai Serong,Sydney Swans,2.5,1.24,NA,BetRight,Fremantle Dockers,Player Props,62910149,Jai Serong 3+,1,331820587
Sydney Swans v Fremantle Dockers,Sydney Swans,Fremantle Dockers,Player Marks,Jai Serong,Sydney Swans,3.5,1.61,NA,BetRight,Fremantle Dockers,Player Props,62910149,Jai Serong 4+,2,331820589
Sydney Swans v Fremantle Dockers,Sydney Swans,Fremantle Dockers,Player Marks,Jai Serong,Sydney Swans,4.5,2.35,NA,BetRight,Fremantle Dockers,Player Props,62910149,Jai Serong 5+,3,331820588
Sydney Swans v Fremantle Dockers,Sydney Swans,Fremantle Dockers,Player Marks,Jai Serong,Sydney Swans,5.5,3.85,NA,BetRight,Fremantle Dockers,Player Props,62910149,Jai Serong 6+,4,331820590
Sydney Swans v Fremantle Dockers,Sydney Swans,Fremantle Dockers,Player Marks,Jake Lloyd,Sydney Swans,4.5,1.14,NA,BetRight,Fremantle Dockers,Player Props,62910141,Jake Lloyd 5+,1,331820559
Sydney Swans v Fremantle Dockers,Sydney Swans,Fremantle Dockers,Player Marks,Jake Lloyd,Sydney Swans,6.5,1.67,NA,BetRight,Fremantle Dockers,Player Props,62910141,Jake Lloyd 7+,2,331820557
Sydney Swans v Fremantle Dockers,Sydney Swans,Fremantle Dockers,Player Marks,Jake Lloyd,Sydney Swans,8.5,2.95,NA,BetRight,Fremantle Dockers,Player Props,62910141,Jake Lloyd 9+,3,331820560
Sydney Swans v Fremantle Dockers,Sydney Swans,Fremantle Dockers,Player Marks,Jake Lloyd,Sydney Swans,10.5,6,NA,BetRight,Fremantle Dockers,Player Props,62910141,Jake Lloyd 11+,4,331820558
Sydney Swans v Fremantle Dockers,Sydney Swans,Fremantle Dockers,Player Marks,Jesse Dattoli,Sydney Swans,2.5,1.19,NA,BetRight,Fremantle Dockers,Player Props,62910138,Jesse Dattoli 3+,1,331820545
Sydney Swans v Fremantle Dockers,Sydney Swans,Fremantle Dockers,Player Marks,Jesse Dattoli,Sydney Swans,3.5,1.49,NA,BetRight,Fremantle Dockers,Player Props,62910138,Jesse Dattoli 4+,2,331820548
Sydney Swans v Fremantle Dockers,Sydney Swans,Fremantle Dockers,Player Marks,Jesse Dattoli,Sydney Swans,4.5,2.1,NA,BetRight,Fremantle Dockers,Player Props,62910138,Jesse Dattoli 5+,3,331820546
Sydney Swans v Fremantle Dockers,Sydney Swans,Fremantle Dockers,Player Marks,Jesse Dattoli,Sydney Swans,5.5,3.2,NA,BetRight,Fremantle Dockers,Player Props,62910138,Jesse Dattoli 6+,4,331820547
Sydney Swans v Fremantle Dockers,Sydney Swans,Fremantle Dockers,Player Marks,Joel Amartey,Sydney Swans,1.5,1.1,NA,BetRight,Fremantle Dockers,Player Props,62910133,Joel Amartey 2+,1,331820526
Sydney Swans v Fremantle Dockers,Sydney Swans,Fremantle Dockers,Player Marks,Joel Amartey,Sydney Swans,2.5,1.39,NA,BetRight,Fremantle Dockers,Player Props,62910133,Joel Amartey 3+,2,331820529
Sydney Swans v Fremantle Dockers,Sydney Swans,Fremantle Dockers,Player Marks,Joel Amartey,Sydney Swans,3.5,1.99,NA,BetRight,Fremantle Dockers,Player Props,62910133,Joel Amartey 4+,3,331820527
Sydney Swans v Fremantle Dockers,Sydney Swans,Fremantle Dockers,Player Marks,Joel Amartey,Sydney Swans,4.5,3.05,NA,BetRight,Fremantle Dockers,Player Props,62910133,Joel Amartey 5+,4,331820528
Sydney Swans v Fremantle Dockers,Sydney Swans,Fremantle Dockers,Player Marks,Joel Amartey,Sydney Swans,5.5,5,NA,BetRight,Fremantle Dockers,Player Props,62910133,Joel Amartey 6+,5,331821415
Sydney Swans v Fremantle Dockers,Sydney Swans,Fremantle Dockers,Player Marks,Joel Hamling,Sydney Swans,2.5,1.17,NA,BetRight,Fremantle Dockers,Player Props,62910140,Joel Hamling 3+,1,331820555
Sydney Swans v Fremantle Dockers,Sydney Swans,Fremantle Dockers,Player Marks,Joel Hamling,Sydney Swans,3.5,1.49,NA,BetRight,Fremantle Dockers,Player Props,62910140,Joel Hamling 4+,2,331820554
Sydney Swans v Fremantle Dockers,Sydney Swans,Fremantle Dockers,Player Marks,Joel Hamling,Sydney Swans,4.5,2.04,NA,BetRight,Fremantle Dockers,Player Props,62910140,Joel Hamling 5+,3,331820556
Sydney Swans v Fremantle Dockers,Sydney Swans,Fremantle Dockers,Player Marks,Joel Hamling,Sydney Swans,5.5,3.05,NA,BetRight,Fremantle Dockers,Player Props,62910140,Joel Hamling 6+,4,331820553
Sydney Swans v Fremantle Dockers,Sydney Swans,Fremantle Dockers,Player Marks,Jordan Clark,Fremantle Dockers,3.5,1.13,NA,BetRight,Sydney Swans,Player Props,62910155,Jordan Clark 4+,1,331820613
Sydney Swans v Fremantle Dockers,Sydney Swans,Fremantle Dockers,Player Marks,Jordan Clark,Fremantle Dockers,5.5,1.66,NA,BetRight,Sydney Swans,Player Props,62910155,Jordan Clark 6+,2,331820611
Sydney Swans v Fremantle Dockers,Sydney Swans,Fremantle Dockers,Player Marks,Jordan Clark,Fremantle Dockers,7.5,3.05,NA,BetRight,Sydney Swans,Player Props,62910155,Jordan Clark 8+,3,331820612
Sydney Swans v Fremantle Dockers,Sydney Swans,Fremantle Dockers,Player Marks,Jordan Clark,Fremantle Dockers,9.5,7,NA,BetRight,Sydney Swans,Player Props,62910155,Jordan Clark 10+,4,331820610
Sydney Swans v Fremantle Dockers,Sydney Swans,Fremantle Dockers,Player Marks,Josh Treacy,Fremantle Dockers,3.5,1.14,NA,BetRight,Sydney Swans,Player Props,62910165,Josh Treacy 4+,1,331820653
Sydney Swans v Fremantle Dockers,Sydney Swans,Fremantle Dockers,Player Marks,Josh Treacy,Fremantle Dockers,5.5,1.74,NA,BetRight,Sydney Swans,Player Props,62910165,Josh Treacy 6+,2,331820651
Sydney Swans v Fremantle Dockers,Sydney Swans,Fremantle Dockers,Player Marks,Josh Treacy,Fremantle Dockers,7.5,3.45,NA,BetRight,Sydney Swans,Player Props,62910165,Josh Treacy 8+,3,331820654
Sydney Swans v Fremantle Dockers,Sydney Swans,Fremantle Dockers,Player Marks,Josh Treacy,Fremantle Dockers,9.5,8,NA,BetRight,Sydney Swans,Player Props,62910165,Josh Treacy 10+,4,331820652
Sydney Swans v Fremantle Dockers,Sydney Swans,Fremantle Dockers,Player Marks,Judd McVee,Fremantle Dockers,2.5,1.31,NA,BetRight,Sydney Swans,Player Props,62910161,Judd McVee 3+,1,331820636
Sydney Swans v Fremantle Dockers,Sydney Swans,Fremantle Dockers,Player Marks,Judd McVee,Fremantle Dockers,3.5,1.74,NA,BetRight,Sydney Swans,Player Props,62910161,Judd McVee 4+,2,331820638
Sydney Swans v Fremantle Dockers,Sydney Swans,Fremantle Dockers,Player Marks,Judd McVee,Fremantle Dockers,4.5,2.6,NA,BetRight,Sydney Swans,Player Props,62910161,Judd McVee 5+,3,331820635
Sydney Swans v Fremantle Dockers,Sydney Swans,Fremantle Dockers,Player Marks,Judd McVee,Fremantle Dockers,5.5,4.25,NA,BetRight,Sydney Swans,Player Props,62910161,Judd McVee 6+,4,331820637
Sydney Swans v Fremantle Dockers,Sydney Swans,Fremantle Dockers,Player Marks,Justin McInerney,Sydney Swans,2.5,1.17,NA,BetRight,Fremantle Dockers,Player Props,62910144,Justin McInerney 3+,1,331820572
Sydney Swans v Fremantle Dockers,Sydney Swans,Fremantle Dockers,Player Marks,Justin McInerney,Sydney Swans,3.5,1.47,NA,BetRight,Fremantle Dockers,Player Props,62910144,Justin McInerney 4+,2,331820574
Sydney Swans v Fremantle Dockers,Sydney Swans,Fremantle Dockers,Player Marks,Justin McInerney,Sydney Swans,4.5,1.99,NA,BetRight,Fremantle Dockers,Player Props,62910144,Justin McInerney 5+,3,331820571
Sydney Swans v Fremantle Dockers,Sydney Swans,Fremantle Dockers,Player Marks,Justin McInerney,Sydney Swans,5.5,3.05,NA,BetRight,Fremantle Dockers,Player Props,62910144,Justin McInerney 6+,4,331820573
Sydney Swans v Fremantle Dockers,Sydney Swans,Fremantle Dockers,Player Marks,Jye Amiss,Fremantle Dockers,2.5,1.16,NA,BetRight,Sydney Swans,Player Props,62910152,Jye Amiss 3+,1,331820600
Sydney Swans v Fremantle Dockers,Sydney Swans,Fremantle Dockers,Player Marks,Jye Amiss,Fremantle Dockers,3.5,1.45,NA,BetRight,Sydney Swans,Player Props,62910152,Jye Amiss 4+,2,331820602
Sydney Swans v Fremantle Dockers,Sydney Swans,Fremantle Dockers,Player Marks,Jye Amiss,Fremantle Dockers,4.5,1.99,NA,BetRight,Sydney Swans,Player Props,62910152,Jye Amiss 5+,3,331820599
Sydney Swans v Fremantle Dockers,Sydney Swans,Fremantle Dockers,Player Marks,Jye Amiss,Fremantle Dockers,5.5,2.95,NA,BetRight,Sydney Swans,Player Props,62910152,Jye Amiss 6+,4,331820601
Sydney Swans v Fremantle Dockers,Sydney Swans,Fremantle Dockers,Player Marks,Karl Worner,Fremantle Dockers,3.5,1.14,NA,BetRight,Sydney Swans,Player Props,62910168,Karl Worner 4+,1,331820665
Sydney Swans v Fremantle Dockers,Sydney Swans,Fremantle Dockers,Player Marks,Karl Worner,Fremantle Dockers,5.5,1.77,NA,BetRight,Sydney Swans,Player Props,62910168,Karl Worner 6+,2,331820663
Sydney Swans v Fremantle Dockers,Sydney Swans,Fremantle Dockers,Player Marks,Karl Worner,Fremantle Dockers,7.5,3.45,NA,BetRight,Sydney Swans,Player Props,62910168,Karl Worner 8+,3,331820664
Sydney Swans v Fremantle Dockers,Sydney Swans,Fremantle Dockers,Player Marks,Karl Worner,Fremantle Dockers,9.5,8,NA,BetRight,Sydney Swans,Player Props,62910168,Karl Worner 10+,4,331820666
Sydney Swans v Fremantle Dockers,Sydney Swans,Fremantle Dockers,Player Marks,Logan McDonald,Sydney Swans,2.5,1.1,NA,BetRight,Fremantle Dockers,Player Props,62910143,Logan McDonald 3+,1,331820568
Sydney Swans v Fremantle Dockers,Sydney Swans,Fremantle Dockers,Player Marks,Logan McDonald,Sydney Swans,3.5,1.32,NA,BetRight,Fremantle Dockers,Player Props,62910143,Logan McDonald 4+,2,331820566
Sydney Swans v Fremantle Dockers,Sydney Swans,Fremantle Dockers,Player Marks,Logan McDonald,Sydney Swans,4.5,1.74,NA,BetRight,Fremantle Dockers,Player Props,62910143,Logan McDonald 5+,3,331820564
Sydney Swans v Fremantle Dockers,Sydney Swans,Fremantle Dockers,Player Marks,Logan McDonald,Sydney Swans,5.5,2.45,NA,BetRight,Fremantle Dockers,Player Props,62910143,Logan McDonald 6+,4,331820567
Sydney Swans v Fremantle Dockers,Sydney Swans,Fremantle Dockers,Player Marks,Logan McDonald,Sydney Swans,6.5,3.85,NA,BetRight,Fremantle Dockers,Player Props,62910143,Logan McDonald 7+,5,331820565
Sydney Swans v Fremantle Dockers,Sydney Swans,Fremantle Dockers,Player Marks,Luke Jackson,Fremantle Dockers,2.5,1.32,NA,BetRight,Sydney Swans,Player Props,62910158,Luke Jackson 3+,1,331820625
Sydney Swans v Fremantle Dockers,Sydney Swans,Fremantle Dockers,Player Marks,Luke Jackson,Fremantle Dockers,3.5,1.79,NA,BetRight,Sydney Swans,Player Props,62910158,Luke Jackson 4+,2,331820624
Sydney Swans v Fremantle Dockers,Sydney Swans,Fremantle Dockers,Player Marks,Luke Jackson,Fremantle Dockers,4.5,2.7,NA,BetRight,Sydney Swans,Player Props,62910158,Luke Jackson 5+,3,331820626
Sydney Swans v Fremantle Dockers,Sydney Swans,Fremantle Dockers,Player Marks,Luke Jackson,Fremantle Dockers,5.5,4.5,NA,BetRight,Sydney Swans,Player Props,62910158,Luke Jackson 6+,4,331820623
Sydney Swans v Fremantle Dockers,Sydney Swans,Fremantle Dockers,Player Marks,Luke Ryan,Fremantle Dockers,4.5,1.19,NA,BetRight,Sydney Swans,Player Props,62910163,Luke Ryan 5+,1,331820646
Sydney Swans v Fremantle Dockers,Sydney Swans,Fremantle Dockers,Player Marks,Luke Ryan,Fremantle Dockers,6.5,1.81,NA,BetRight,Sydney Swans,Player Props,62910163,Luke Ryan 7+,2,331820643
Sydney Swans v Fremantle Dockers,Sydney Swans,Fremantle Dockers,Player Marks,Luke Ryan,Fremantle Dockers,8.5,3.35,NA,BetRight,Sydney Swans,Player Props,62910163,Luke Ryan 9+,3,331820645
Sydney Swans v Fremantle Dockers,Sydney Swans,Fremantle Dockers,Player Marks,Luke Ryan,Fremantle Dockers,10.5,7,NA,BetRight,Sydney Swans,Player Props,62910163,Luke Ryan 11+,4,331820644
Sydney Swans v Fremantle Dockers,Sydney Swans,Fremantle Dockers,Player Marks,Matthew Johnson,Fremantle Dockers,2.5,1.35,NA,BetRight,Sydney Swans,Player Props,62910159,Matthew Johnson 3+,1,331820629
Sydney Swans v Fremantle Dockers,Sydney Swans,Fremantle Dockers,Player Marks,Matthew Johnson,Fremantle Dockers,3.5,1.91,NA,BetRight,Sydney Swans,Player Props,62910159,Matthew Johnson 4+,2,331820628
Sydney Swans v Fremantle Dockers,Sydney Swans,Fremantle Dockers,Player Marks,Matthew Johnson,Fremantle Dockers,4.5,2.95,NA,BetRight,Sydney Swans,Player Props,62910159,Matthew Johnson 5+,3,331820630
Sydney Swans v Fremantle Dockers,Sydney Swans,Fremantle Dockers,Player Marks,Matthew Johnson,Fremantle Dockers,5.5,5,NA,BetRight,Sydney Swans,Player Props,62910159,Matthew Johnson 6+,4,331820627
Sydney Swans v Fremantle Dockers,Sydney Swans,Fremantle Dockers,Player Marks,Matthew Roberts,Sydney Swans,2.5,1.24,NA,BetRight,Fremantle Dockers,Player Props,62910148,Matthew Roberts 3+,1,331820586
Sydney Swans v Fremantle Dockers,Sydney Swans,Fremantle Dockers,Player Marks,Matthew Roberts,Sydney Swans,3.5,1.64,NA,BetRight,Fremantle Dockers,Player Props,62910148,Matthew Roberts 4+,2,331820584
Sydney Swans v Fremantle Dockers,Sydney Swans,Fremantle Dockers,Player Marks,Matthew Roberts,Sydney Swans,4.5,2.35,NA,BetRight,Fremantle Dockers,Player Props,62910148,Matthew Roberts 5+,3,331820583
Sydney Swans v Fremantle Dockers,Sydney Swans,Fremantle Dockers,Player Marks,Matthew Roberts,Sydney Swans,5.5,3.75,NA,BetRight,Fremantle Dockers,Player Props,62910148,Matthew Roberts 6+,4,331820585
Sydney Swans v Fremantle Dockers,Sydney Swans,Fremantle Dockers,Player Marks,Michael Frederick,Fremantle Dockers,2.5,1.37,NA,BetRight,Sydney Swans,Player Props,62910157,Michael Frederick 3+,1,331820622
Sydney Swans v Fremantle Dockers,Sydney Swans,Fremantle Dockers,Player Marks,Michael Frederick,Fremantle Dockers,3.5,1.93,NA,BetRight,Sydney Swans,Player Props,62910157,Michael Frederick 4+,2,331820621
Sydney Swans v Fremantle Dockers,Sydney Swans,Fremantle Dockers,Player Marks,Michael Frederick,Fremantle Dockers,4.5,3.05,NA,BetRight,Sydney Swans,Player Props,62910157,Michael Frederick 5+,3,331820619
Sydney Swans v Fremantle Dockers,Sydney Swans,Fremantle Dockers,Player Marks,Michael Frederick,Fremantle Dockers,5.5,5,NA,BetRight,Sydney Swans,Player Props,62910157,Michael Frederick 6+,4,331820620
Sydney Swans v Fremantle Dockers,Sydney Swans,Fremantle Dockers,Player Marks,Neil Erasmus,Fremantle Dockers,2.5,1.14,NA,BetRight,Sydney Swans,Player Props,62910156,Neil Erasmus 3+,1,331820614
Sydney Swans v Fremantle Dockers,Sydney Swans,Fremantle Dockers,Player Marks,Neil Erasmus,Fremantle Dockers,3.5,1.39,NA,BetRight,Sydney Swans,Player Props,62910156,Neil Erasmus 4+,2,331820618
Sydney Swans v Fremantle Dockers,Sydney Swans,Fremantle Dockers,Player Marks,Neil Erasmus,Fremantle Dockers,4.5,1.87,NA,BetRight,Sydney Swans,Player Props,62910156,Neil Erasmus 5+,3,331820615
Sydney Swans v Fremantle Dockers,Sydney Swans,Fremantle Dockers,Player Marks,Neil Erasmus,Fremantle Dockers,5.5,2.7,NA,BetRight,Sydney Swans,Player Props,62910156,Neil Erasmus 6+,4,331820617
Sydney Swans v Fremantle Dockers,Sydney Swans,Fremantle Dockers,Player Marks,Neil Erasmus,Fremantle Dockers,6.5,4.25,NA,BetRight,Sydney Swans,Player Props,62910156,Neil Erasmus 7+,5,331820616
Sydney Swans v Fremantle Dockers,Sydney Swans,Fremantle Dockers,Player Marks,Oscar McDonald,Fremantle Dockers,3.5,1.13,NA,BetRight,Sydney Swans,Player Props,62910160,Oscar McDonald 4+,1,331820634
Sydney Swans v Fremantle Dockers,Sydney Swans,Fremantle Dockers,Player Marks,Oscar McDonald,Fremantle Dockers,5.5,1.69,NA,BetRight,Sydney Swans,Player Props,62910160,Oscar McDonald 6+,2,331820632
Sydney Swans v Fremantle Dockers,Sydney Swans,Fremantle Dockers,Player Marks,Oscar McDonald,Fremantle Dockers,7.5,3.2,NA,BetRight,Sydney Swans,Player Props,62910160,Oscar McDonald 8+,3,331820633
Sydney Swans v Fremantle Dockers,Sydney Swans,Fremantle Dockers,Player Marks,Oscar McDonald,Fremantle Dockers,9.5,7,NA,BetRight,Sydney Swans,Player Props,62910160,Oscar McDonald 10+,4,331820631
Sydney Swans v Fremantle Dockers,Sydney Swans,Fremantle Dockers,Player Marks,Patrick Voss,Fremantle Dockers,2.5,1.35,NA,BetRight,Sydney Swans,Player Props,62910166,Patrick Voss 3+,1,331820656
Sydney Swans v Fremantle Dockers,Sydney Swans,Fremantle Dockers,Player Marks,Patrick Voss,Fremantle Dockers,3.5,1.89,NA,BetRight,Sydney Swans,Player Props,62910166,Patrick Voss 4+,2,331820658
Sydney Swans v Fremantle Dockers,Sydney Swans,Fremantle Dockers,Player Marks,Patrick Voss,Fremantle Dockers,4.5,2.85,NA,BetRight,Sydney Swans,Player Props,62910166,Patrick Voss 5+,3,331820657
Sydney Swans v Fremantle Dockers,Sydney Swans,Fremantle Dockers,Player Marks,Patrick Voss,Fremantle Dockers,5.5,4.9,NA,BetRight,Sydney Swans,Player Props,62910166,Patrick Voss 6+,4,331820655
Sydney Swans v Fremantle Dockers,Sydney Swans,Fremantle Dockers,Player Marks,Sam Switkowski,Fremantle Dockers,1.5,1.17,NA,BetRight,Sydney Swans,Player Props,62910164,Sam Switkowski 2+,1,331820650
Sydney Swans v Fremantle Dockers,Sydney Swans,Fremantle Dockers,Player Marks,Sam Switkowski,Fremantle Dockers,2.5,1.56,NA,BetRight,Sydney Swans,Player Props,62910164,Sam Switkowski 3+,2,331820647
Sydney Swans v Fremantle Dockers,Sydney Swans,Fremantle Dockers,Player Marks,Sam Switkowski,Fremantle Dockers,3.5,2.35,NA,BetRight,Sydney Swans,Player Props,62910164,Sam Switkowski 4+,3,331820649
Sydney Swans v Fremantle Dockers,Sydney Swans,Fremantle Dockers,Player Marks,Sam Switkowski,Fremantle Dockers,4.5,4.25,NA,BetRight,Sydney Swans,Player Props,62910164,Sam Switkowski 5+,4,331820648
Sydney Swans v Fremantle Dockers,Sydney Swans,Fremantle Dockers,Player Marks,Samuel Wicks,Sydney Swans,2.5,1.37,NA,BetRight,Fremantle Dockers,Player Props,62910151,Samuel Wicks 3+,1,331820597
Sydney Swans v Fremantle Dockers,Sydney Swans,Fremantle Dockers,Player Marks,Samuel Wicks,Sydney Swans,3.5,1.93,NA,BetRight,Fremantle Dockers,Player Props,62910151,Samuel Wicks 4+,2,331820595
Sydney Swans v Fremantle Dockers,Sydney Swans,Fremantle Dockers,Player Marks,Samuel Wicks,Sydney Swans,4.5,2.95,NA,BetRight,Fremantle Dockers,Player Props,62910151,Samuel Wicks 5+,3,331820598
Sydney Swans v Fremantle Dockers,Sydney Swans,Fremantle Dockers,Player Marks,Samuel Wicks,Sydney Swans,5.5,4.9,NA,BetRight,Fremantle Dockers,Player Props,62910151,Samuel Wicks 6+,4,331820596
Sydney Swans v Fremantle Dockers,Sydney Swans,Fremantle Dockers,Player Marks,Tom McCartin,Sydney Swans,4.5,1.64,NA,BetRight,Fremantle Dockers,Player Props,62910142,Tom McCartin 5+,1,331820561
Sydney Swans v Fremantle Dockers,Sydney Swans,Fremantle Dockers,Player Marks,Tom McCartin,Sydney Swans,6.5,3.25,NA,BetRight,Fremantle Dockers,Player Props,62910142,Tom McCartin 7+,2,331820563
Sydney Swans v Fremantle Dockers,Sydney Swans,Fremantle Dockers,Player Marks,Tom McCartin,Sydney Swans,8.5,8,NA,BetRight,Fremantle Dockers,Player Props,62910142,Tom McCartin 9+,3,331820562
