match,home_team,away_team,player_name,player_team,opposition_team,market_name,line,over_price,under_price,agency
Hawthorn Hawks v Western Bulldogs,Hawthorn Hawks,Western Bulldogs,Josh Ward,Hawthorn Hawks,Western Bulldogs,Player Tackles,4,1.79,1.79,Dabble
Hawthorn Hawks v Western Bulldogs,Hawthorn Hawks,Western Bulldogs,Joel Freijah,Western Bulldogs,Hawthorn Hawks,Player Tackles,3.5,1.79,1.79,Dabble
Hawthorn Hawks v Western Bulldogs,Hawthorn Hawks,Western Bulldogs,Ryley Sanders,Western Bulldogs,Hawthorn Hawks,Player Tackles,2.5,1.79,1.79,Dabble
Hawthorn Hawks v Western Bulldogs,Hawthorn Hawks,Western Bulldogs,Matthew Kennedy,Western Bulldogs,Hawthorn Hawks,Player Tackles,4.5,1.79,1.79,Dabble
Hawthorn Hawks v Western Bulldogs,Hawthorn Hawks,Western Bulldogs,Cam Mackenzie,Hawthorn Hawks,Western Bulldogs,Player Tackles,4,1.79,1.79,Dabble
Hawthorn Hawks v Western Bulldogs,Hawthorn Hawks,Western Bulldogs,Jai Newcombe,Hawthorn Hawks,Western Bulldogs,Player Tackles,3.5,1.79,1.79,Dabble
Hawthorn Hawks v Western Bulldogs,Hawthorn Hawks,Western Bulldogs,Conor Nash,Hawthorn Hawks,Western Bulldogs,Player Tackles,5.5,1.79,1.79,Dabble
Hawthorn Hawks v Western Bulldogs,Hawthorn Hawks,Western Bulldogs,Marcus Bontempelli,Western Bulldogs,Hawthorn Hawks,Player Tackles,4.5,1.79,1.79,Dabble
Geelong Cats v West Coast Eagles,Geelong Cats,West Coast Eagles,Tom Atkins,Geelong Cats,West Coast Eagles,Player Tackles,6.5,1.79,1.79,Dabble
Geelong Cats v West Coast Eagles,Geelong Cats,West Coast Eagles,Jack Graham,West Coast Eagles,Geelong Cats,Player Tackles,6.5,1.79,1.79,Dabble
Geelong Cats v West Coast Eagles,Geelong Cats,West Coast Eagles,Bailey Smith,Geelong Cats,West Coast Eagles,Player Tackles,4.5,1.79,1.79,Dabble
Geelong Cats v West Coast Eagles,Geelong Cats,West Coast Eagles,Tim Kelly,West Coast Eagles,Geelong Cats,Player Tackles,3,1.79,1.79,Dabble
Geelong Cats v West Coast Eagles,Geelong Cats,West Coast Eagles,Liam Baker,West Coast Eagles,Geelong Cats,Player Tackles,3,1.79,1.79,Dabble
Geelong Cats v West Coast Eagles,Geelong Cats,West Coast Eagles,Gryan Miers,Geelong Cats,West Coast Eagles,Player Tackles,3.5,1.79,1.79,Dabble
Geelong Cats v West Coast Eagles,Geelong Cats,West Coast Eagles,Max Holmes,Geelong Cats,West Coast Eagles,Player Tackles,4.5,1.79,1.79,Dabble
Geelong Cats v West Coast Eagles,Geelong Cats,West Coast Eagles,Jack Bowes,Geelong Cats,West Coast Eagles,Player Tackles,3.5,1.79,1.79,Dabble
Geelong Cats v West Coast Eagles,Geelong Cats,West Coast Eagles,Harley Reid,West Coast Eagles,Geelong Cats,Player Tackles,3,1.79,1.79,Dabble
GWS Giants v Richmond Tigers,GWS Giants,Richmond Tigers,Sam Lalor,Richmond Tigers,GWS Giants,Player Tackles,3.5,1.79,1.79,Dabble
GWS Giants v Richmond Tigers,GWS Giants,Richmond Tigers,Stephen Coniglio,GWS Giants,Richmond Tigers,Player Tackles,4,1.79,1.79,Dabble
GWS Giants v Richmond Tigers,GWS Giants,Richmond Tigers,Finn Callaghan,GWS Giants,Richmond Tigers,Player Tackles,4,1.79,1.79,Dabble
GWS Giants v Richmond Tigers,GWS Giants,Richmond Tigers,Jack Ross,Richmond Tigers,GWS Giants,Player Tackles,4.5,1.79,1.79,Dabble
GWS Giants v Richmond Tigers,GWS Giants,Richmond Tigers,Clayton Oliver,GWS Giants,Richmond Tigers,Player Tackles,3.5,1.79,1.79,Dabble
GWS Giants v Richmond Tigers,GWS Giants,Richmond Tigers,Ryan Angwin,GWS Giants,Richmond Tigers,Player Tackles,3.5,1.79,1.79,Dabble
GWS Giants v Richmond Tigers,GWS Giants,Richmond Tigers,Tim Taranto,Richmond Tigers,GWS Giants,Player Tackles,6,1.79,1.79,Dabble
Port Adelaide Power v St Kilda Saints,Port Adelaide Power,St Kilda Saints,Ollie Wines,Port Adelaide Power,St Kilda Saints,Player Tackles,4,1.79,1.79,Dabble
Port Adelaide Power v St Kilda Saints,Port Adelaide Power,St Kilda Saints,Jason Horne-Francis,Port Adelaide Power,St Kilda Saints,Player Tackles,3,1.79,1.79,Dabble
Port Adelaide Power v St Kilda Saints,Port Adelaide Power,St Kilda Saints,Willem Drew,Port Adelaide Power,St Kilda Saints,Player Tackles,5.5,1.79,1.79,Dabble
Port Adelaide Power v St Kilda Saints,Port Adelaide Power,St Kilda Saints,Max Hall,St Kilda Saints,Port Adelaide Power,Player Tackles,3,1.79,1.79,Dabble
Port Adelaide Power v St Kilda Saints,Port Adelaide Power,St Kilda Saints,Zak Butters,Port Adelaide Power,St Kilda Saints,Player Tackles,4.5,1.79,1.79,Dabble
Port Adelaide Power v St Kilda Saints,Port Adelaide Power,St Kilda Saints,Hugo Garcia,St Kilda Saints,Port Adelaide Power,Player Tackles,6,1.79,1.79,Dabble
Port Adelaide Power v St Kilda Saints,Port Adelaide Power,St Kilda Saints,Sam Flanders,St Kilda Saints,Port Adelaide Power,Player Tackles,3,1.79,1.79,Dabble
Port Adelaide Power v St Kilda Saints,Port Adelaide Power,St Kilda Saints,Mattaes Phillipou,St Kilda Saints,Port Adelaide Power,Player Tackles,3.5,1.79,1.79,Dabble
Hawthorn Hawks v Western Bulldogs,Hawthorn Hawks,Western Bulldogs,Matthew Kennedy,Western Bulldogs,Hawthorn Hawks,Player Tackles,5.5,1.62,NA,Dabble
Hawthorn Hawks v Western Bulldogs,Hawthorn Hawks,Western Bulldogs,Marcus Bontempelli,Western Bulldogs,Hawthorn Hawks,Player Tackles,5.5,1.73,NA,Dabble
Hawthorn Hawks v Western Bulldogs,Hawthorn Hawks,Western Bulldogs,Cam Mackenzie,Hawthorn Hawks,Western Bulldogs,Player Tackles,5.5,2.63,NA,Dabble
Hawthorn Hawks v Western Bulldogs,Hawthorn Hawks,Western Bulldogs,Ryley Sanders,Western Bulldogs,Hawthorn Hawks,Player Tackles,5.5,2.8,NA,Dabble
Hawthorn Hawks v Western Bulldogs,Hawthorn Hawks,Western Bulldogs,Ed Richards,Western Bulldogs,Hawthorn Hawks,Player Tackles,5.5,2.9,NA,Dabble
Hawthorn Hawks v Western Bulldogs,Hawthorn Hawks,Western Bulldogs,Sam Butler,Hawthorn Hawks,Western Bulldogs,Player Tackles,5.5,3,NA,Dabble
Hawthorn Hawks v Western Bulldogs,Hawthorn Hawks,Western Bulldogs,Flynn Perez,NA,NA,Player Tackles,5.5,3.2,NA,Dabble
Hawthorn Hawks v Western Bulldogs,Hawthorn Hawks,Western Bulldogs,Jai Newcombe,Hawthorn Hawks,Western Bulldogs,Player Tackles,5.5,3.6,NA,Dabble
Hawthorn Hawks v Western Bulldogs,Hawthorn Hawks,Western Bulldogs,Lloyd Meek,Hawthorn Hawks,Western Bulldogs,Player Tackles,5.5,4.1,NA,Dabble
Hawthorn Hawks v Western Bulldogs,Hawthorn Hawks,Western Bulldogs,Rory Lobb,Western Bulldogs,Hawthorn Hawks,Player Tackles,5.5,4.5,NA,Dabble
Hawthorn Hawks v Western Bulldogs,Hawthorn Hawks,Western Bulldogs,Rhylee West,Western Bulldogs,Hawthorn Hawks,Player Tackles,5.5,5.25,NA,Dabble
Hawthorn Hawks v Western Bulldogs,Hawthorn Hawks,Western Bulldogs,Joel Freijah,Western Bulldogs,Hawthorn Hawks,Player Tackles,8.5,7.5,NA,Dabble
Hawthorn Hawks v Western Bulldogs,Hawthorn Hawks,Western Bulldogs,Josh Ward,Hawthorn Hawks,Western Bulldogs,Player Tackles,8.5,7.5,NA,Dabble
Hawthorn Hawks v Western Bulldogs,Hawthorn Hawks,Western Bulldogs,Joel Freijah,Western Bulldogs,Hawthorn Hawks,Player Tackles,4.5,1.57,NA,Dabble
Hawthorn Hawks v Western Bulldogs,Hawthorn Hawks,Western Bulldogs,Josh Ward,Hawthorn Hawks,Western Bulldogs,Player Tackles,4.5,1.57,NA,Dabble
Hawthorn Hawks v Western Bulldogs,Hawthorn Hawks,Western Bulldogs,Cam Mackenzie,Hawthorn Hawks,Western Bulldogs,Player Tackles,4.5,1.85,NA,Dabble
Hawthorn Hawks v Western Bulldogs,Hawthorn Hawks,Western Bulldogs,Ryley Sanders,Western Bulldogs,Hawthorn Hawks,Player Tackles,4.5,1.9,NA,Dabble
Hawthorn Hawks v Western Bulldogs,Hawthorn Hawks,Western Bulldogs,Ed Richards,Western Bulldogs,Hawthorn Hawks,Player Tackles,4.5,2,NA,Dabble
Hawthorn Hawks v Western Bulldogs,Hawthorn Hawks,Western Bulldogs,Sam Butler,Hawthorn Hawks,Western Bulldogs,Player Tackles,4.5,2,NA,Dabble
Hawthorn Hawks v Western Bulldogs,Hawthorn Hawks,Western Bulldogs,Flynn Perez,NA,NA,Player Tackles,4.5,2.05,NA,Dabble
Hawthorn Hawks v Western Bulldogs,Hawthorn Hawks,Western Bulldogs,Jai Newcombe,Hawthorn Hawks,Western Bulldogs,Player Tackles,4.5,2.25,NA,Dabble
Hawthorn Hawks v Western Bulldogs,Hawthorn Hawks,Western Bulldogs,Lloyd Meek,Hawthorn Hawks,Western Bulldogs,Player Tackles,4.5,2.5,NA,Dabble
Hawthorn Hawks v Western Bulldogs,Hawthorn Hawks,Western Bulldogs,Rory Lobb,Western Bulldogs,Hawthorn Hawks,Player Tackles,4.5,2.8,NA,Dabble
Hawthorn Hawks v Western Bulldogs,Hawthorn Hawks,Western Bulldogs,Rhylee West,Western Bulldogs,Hawthorn Hawks,Player Tackles,4.5,3.1,NA,Dabble
Hawthorn Hawks v Western Bulldogs,Hawthorn Hawks,Western Bulldogs,Bailey Williams,Western Bulldogs,Hawthorn Hawks,Player Tackles,4.5,3.4,NA,Dabble
Hawthorn Hawks v Western Bulldogs,Hawthorn Hawks,Western Bulldogs,Dylan Moore,Hawthorn Hawks,Western Bulldogs,Player Tackles,4.5,3.5,NA,Dabble
Hawthorn Hawks v Western Bulldogs,Hawthorn Hawks,Western Bulldogs,Connor Macdonald,Hawthorn Hawks,Western Bulldogs,Player Tackles,4.5,4.1,NA,Dabble
Hawthorn Hawks v Western Bulldogs,Hawthorn Hawks,Western Bulldogs,Massimo D'Ambrosio,Hawthorn Hawks,Western Bulldogs,Player Tackles,4.5,4.1,NA,Dabble
Hawthorn Hawks v Western Bulldogs,Hawthorn Hawks,Western Bulldogs,Nick Watson,Hawthorn Hawks,Western Bulldogs,Player Tackles,4.5,4.33,NA,Dabble
Hawthorn Hawks v Western Bulldogs,Hawthorn Hawks,Western Bulldogs,Harvey Gallagher,Western Bulldogs,Hawthorn Hawks,Player Tackles,4.5,4.6,NA,Dabble
Hawthorn Hawks v Western Bulldogs,Hawthorn Hawks,Western Bulldogs,Sam Darcy,Western Bulldogs,Hawthorn Hawks,Player Tackles,4.5,4.6,NA,Dabble
Hawthorn Hawks v Western Bulldogs,Hawthorn Hawks,Western Bulldogs,Ned Reeves,Hawthorn Hawks,Western Bulldogs,Player Tackles,4.5,4.75,NA,Dabble
Hawthorn Hawks v Western Bulldogs,Hawthorn Hawks,Western Bulldogs,Blake Hardwick,Hawthorn Hawks,Western Bulldogs,Player Tackles,4.5,5.75,NA,Dabble
Hawthorn Hawks v Western Bulldogs,Hawthorn Hawks,Western Bulldogs,Sam Davidson,Western Bulldogs,Hawthorn Hawks,Player Tackles,4.5,5.75,NA,Dabble
Hawthorn Hawks v Western Bulldogs,Hawthorn Hawks,Western Bulldogs,Mabior Chol,Hawthorn Hawks,Western Bulldogs,Player Tackles,4.5,6.25,NA,Dabble
Hawthorn Hawks v Western Bulldogs,Hawthorn Hawks,Western Bulldogs,Aaron Naughton,Western Bulldogs,Hawthorn Hawks,Player Tackles,4.5,6.5,NA,Dabble
Hawthorn Hawks v Western Bulldogs,Hawthorn Hawks,Western Bulldogs,Louis Emmett,Western Bulldogs,Hawthorn Hawks,Player Tackles,4.5,6.5,NA,Dabble
Hawthorn Hawks v Western Bulldogs,Hawthorn Hawks,Western Bulldogs,Jarman Impey,Hawthorn Hawks,Western Bulldogs,Player Tackles,4.5,6.75,NA,Dabble
Hawthorn Hawks v Western Bulldogs,Hawthorn Hawks,Western Bulldogs,Cooper Hynes,Western Bulldogs,Hawthorn Hawks,Player Tackles,4.5,7,NA,Dabble
Hawthorn Hawks v Western Bulldogs,Hawthorn Hawks,Western Bulldogs,Josh Ward,Hawthorn Hawks,Western Bulldogs,Player Tackles,6.5,3.1,NA,Dabble
Hawthorn Hawks v Western Bulldogs,Hawthorn Hawks,Western Bulldogs,Joel Freijah,Western Bulldogs,Hawthorn Hawks,Player Tackles,6.5,3.1,NA,Dabble
Hawthorn Hawks v Western Bulldogs,Hawthorn Hawks,Western Bulldogs,Cam Mackenzie,Hawthorn Hawks,Western Bulldogs,Player Tackles,6.5,4.2,NA,Dabble
Hawthorn Hawks v Western Bulldogs,Hawthorn Hawks,Western Bulldogs,Ryley Sanders,Western Bulldogs,Hawthorn Hawks,Player Tackles,6.5,4.33,NA,Dabble
Hawthorn Hawks v Western Bulldogs,Hawthorn Hawks,Western Bulldogs,Sam Butler,Hawthorn Hawks,Western Bulldogs,Player Tackles,6.5,4.75,NA,Dabble
Hawthorn Hawks v Western Bulldogs,Hawthorn Hawks,Western Bulldogs,Ed Richards,Western Bulldogs,Hawthorn Hawks,Player Tackles,6.5,4.75,NA,Dabble
Hawthorn Hawks v Western Bulldogs,Hawthorn Hawks,Western Bulldogs,Conor Nash,Hawthorn Hawks,Western Bulldogs,Player Tackles,9.5,6.5,NA,Dabble
Hawthorn Hawks v Western Bulldogs,Hawthorn Hawks,Western Bulldogs,Matthew Kennedy,Western Bulldogs,Hawthorn Hawks,Player Tackles,9.5,7,NA,Dabble
Hawthorn Hawks v Western Bulldogs,Hawthorn Hawks,Western Bulldogs,Marcus Bontempelli,Western Bulldogs,Hawthorn Hawks,Player Tackles,9.5,8,NA,Dabble
Hawthorn Hawks v Western Bulldogs,Hawthorn Hawks,Western Bulldogs,Bailey Williams,Western Bulldogs,Hawthorn Hawks,Player Tackles,1.5,1.14,NA,Dabble
Hawthorn Hawks v Western Bulldogs,Hawthorn Hawks,Western Bulldogs,Dylan Moore,Hawthorn Hawks,Western Bulldogs,Player Tackles,1.5,1.14,NA,Dabble
Hawthorn Hawks v Western Bulldogs,Hawthorn Hawks,Western Bulldogs,Massimo D'Ambrosio,Hawthorn Hawks,Western Bulldogs,Player Tackles,1.5,1.17,NA,Dabble
Hawthorn Hawks v Western Bulldogs,Hawthorn Hawks,Western Bulldogs,Connor Macdonald,Hawthorn Hawks,Western Bulldogs,Player Tackles,1.5,1.18,NA,Dabble
Hawthorn Hawks v Western Bulldogs,Hawthorn Hawks,Western Bulldogs,Nick Watson,Hawthorn Hawks,Western Bulldogs,Player Tackles,1.5,1.2,NA,Dabble
Hawthorn Hawks v Western Bulldogs,Hawthorn Hawks,Western Bulldogs,Sam Darcy,Western Bulldogs,Hawthorn Hawks,Player Tackles,1.5,1.21,NA,Dabble
Hawthorn Hawks v Western Bulldogs,Hawthorn Hawks,Western Bulldogs,Harvey Gallagher,Western Bulldogs,Hawthorn Hawks,Player Tackles,1.5,1.21,NA,Dabble
Hawthorn Hawks v Western Bulldogs,Hawthorn Hawks,Western Bulldogs,Ned Reeves,Hawthorn Hawks,Western Bulldogs,Player Tackles,1.5,1.22,NA,Dabble
Hawthorn Hawks v Western Bulldogs,Hawthorn Hawks,Western Bulldogs,Blake Hardwick,Hawthorn Hawks,Western Bulldogs,Player Tackles,1.5,1.26,NA,Dabble
Hawthorn Hawks v Western Bulldogs,Hawthorn Hawks,Western Bulldogs,Sam Davidson,Western Bulldogs,Hawthorn Hawks,Player Tackles,1.5,1.26,NA,Dabble
Hawthorn Hawks v Western Bulldogs,Hawthorn Hawks,Western Bulldogs,Mabior Chol,Hawthorn Hawks,Western Bulldogs,Player Tackles,1.5,1.3,NA,Dabble
Hawthorn Hawks v Western Bulldogs,Hawthorn Hawks,Western Bulldogs,Aaron Naughton,Western Bulldogs,Hawthorn Hawks,Player Tackles,1.5,1.32,NA,Dabble
Hawthorn Hawks v Western Bulldogs,Hawthorn Hawks,Western Bulldogs,Louis Emmett,Western Bulldogs,Hawthorn Hawks,Player Tackles,1.5,1.33,NA,Dabble
Hawthorn Hawks v Western Bulldogs,Hawthorn Hawks,Western Bulldogs,Jarman Impey,Hawthorn Hawks,Western Bulldogs,Player Tackles,1.5,1.33,NA,Dabble
Hawthorn Hawks v Western Bulldogs,Hawthorn Hawks,Western Bulldogs,Cooper Hynes,Western Bulldogs,Hawthorn Hawks,Player Tackles,1.5,1.36,NA,Dabble
Hawthorn Hawks v Western Bulldogs,Hawthorn Hawks,Western Bulldogs,Michael Sellwood,Western Bulldogs,Hawthorn Hawks,Player Tackles,1.5,1.38,NA,Dabble
Hawthorn Hawks v Western Bulldogs,Hawthorn Hawks,Western Bulldogs,Jordan Croft,Western Bulldogs,Hawthorn Hawks,Player Tackles,1.5,1.38,NA,Dabble
Hawthorn Hawks v Western Bulldogs,Hawthorn Hawks,Western Bulldogs,Karl Amon,Hawthorn Hawks,Western Bulldogs,Player Tackles,1.5,1.38,NA,Dabble
Hawthorn Hawks v Western Bulldogs,Hawthorn Hawks,Western Bulldogs,Josh Weddle,Hawthorn Hawks,Western Bulldogs,Player Tackles,1.5,1.46,NA,Dabble
Hawthorn Hawks v Western Bulldogs,Hawthorn Hawks,Western Bulldogs,Connor Budarick,Western Bulldogs,Hawthorn Hawks,Player Tackles,1.5,1.46,NA,Dabble
Hawthorn Hawks v Western Bulldogs,Hawthorn Hawks,Western Bulldogs,Lachlan Bramble,Western Bulldogs,Hawthorn Hawks,Player Tackles,1.5,1.48,NA,Dabble
Hawthorn Hawks v Western Bulldogs,Hawthorn Hawks,Western Bulldogs,Oskar Baker,Western Bulldogs,Hawthorn Hawks,Player Tackles,1.5,1.57,NA,Dabble
Hawthorn Hawks v Western Bulldogs,Hawthorn Hawks,Western Bulldogs,James Sicily,Hawthorn Hawks,Western Bulldogs,Player Tackles,1.5,1.57,NA,Dabble
Hawthorn Hawks v Western Bulldogs,Hawthorn Hawks,Western Bulldogs,Conor Nash,Hawthorn Hawks,Western Bulldogs,Player Tackles,7.5,2.9,NA,Dabble
Hawthorn Hawks v Western Bulldogs,Hawthorn Hawks,Western Bulldogs,Matthew Kennedy,Western Bulldogs,Hawthorn Hawks,Player Tackles,7.5,3,NA,Dabble
Hawthorn Hawks v Western Bulldogs,Hawthorn Hawks,Western Bulldogs,Marcus Bontempelli,Western Bulldogs,Hawthorn Hawks,Player Tackles,7.5,3.4,NA,Dabble
Hawthorn Hawks v Western Bulldogs,Hawthorn Hawks,Western Bulldogs,Marcus Bontempelli,Western Bulldogs,Hawthorn Hawks,Player Tackles,3.5,1.15,NA,Dabble
Hawthorn Hawks v Western Bulldogs,Hawthorn Hawks,Western Bulldogs,Cam Mackenzie,Hawthorn Hawks,Western Bulldogs,Player Tackles,3.5,1.4,NA,Dabble
Hawthorn Hawks v Western Bulldogs,Hawthorn Hawks,Western Bulldogs,Ryley Sanders,Western Bulldogs,Hawthorn Hawks,Player Tackles,3.5,1.42,NA,Dabble
Hawthorn Hawks v Western Bulldogs,Hawthorn Hawks,Western Bulldogs,Ed Richards,Western Bulldogs,Hawthorn Hawks,Player Tackles,3.5,1.46,NA,Dabble
Hawthorn Hawks v Western Bulldogs,Hawthorn Hawks,Western Bulldogs,Sam Butler,Hawthorn Hawks,Western Bulldogs,Player Tackles,3.5,1.48,NA,Dabble
Hawthorn Hawks v Western Bulldogs,Hawthorn Hawks,Western Bulldogs,Flynn Perez,NA,NA,Player Tackles,3.5,1.5,NA,Dabble
Hawthorn Hawks v Western Bulldogs,Hawthorn Hawks,Western Bulldogs,Lloyd Meek,Hawthorn Hawks,Western Bulldogs,Player Tackles,3.5,1.7,NA,Dabble
Hawthorn Hawks v Western Bulldogs,Hawthorn Hawks,Western Bulldogs,Rory Lobb,Western Bulldogs,Hawthorn Hawks,Player Tackles,3.5,1.83,NA,Dabble
Hawthorn Hawks v Western Bulldogs,Hawthorn Hawks,Western Bulldogs,Rhylee West,Western Bulldogs,Hawthorn Hawks,Player Tackles,3.5,2,NA,Dabble
Hawthorn Hawks v Western Bulldogs,Hawthorn Hawks,Western Bulldogs,Bailey Williams,Western Bulldogs,Hawthorn Hawks,Player Tackles,3.5,2.1,NA,Dabble
Hawthorn Hawks v Western Bulldogs,Hawthorn Hawks,Western Bulldogs,Dylan Moore,Hawthorn Hawks,Western Bulldogs,Player Tackles,3.5,2.15,NA,Dabble
Hawthorn Hawks v Western Bulldogs,Hawthorn Hawks,Western Bulldogs,Massimo D'Ambrosio,Hawthorn Hawks,Western Bulldogs,Player Tackles,3.5,2.38,NA,Dabble
Hawthorn Hawks v Western Bulldogs,Hawthorn Hawks,Western Bulldogs,Connor Macdonald,Hawthorn Hawks,Western Bulldogs,Player Tackles,3.5,2.4,NA,Dabble
Hawthorn Hawks v Western Bulldogs,Hawthorn Hawks,Western Bulldogs,Nick Watson,Hawthorn Hawks,Western Bulldogs,Player Tackles,3.5,2.5,NA,Dabble
Hawthorn Hawks v Western Bulldogs,Hawthorn Hawks,Western Bulldogs,Harvey Gallagher,Western Bulldogs,Hawthorn Hawks,Player Tackles,3.5,2.6,NA,Dabble
Hawthorn Hawks v Western Bulldogs,Hawthorn Hawks,Western Bulldogs,Sam Darcy,Western Bulldogs,Hawthorn Hawks,Player Tackles,3.5,2.63,NA,Dabble
Hawthorn Hawks v Western Bulldogs,Hawthorn Hawks,Western Bulldogs,Ned Reeves,Hawthorn Hawks,Western Bulldogs,Player Tackles,3.5,2.63,NA,Dabble
Hawthorn Hawks v Western Bulldogs,Hawthorn Hawks,Western Bulldogs,Sam Davidson,Western Bulldogs,Hawthorn Hawks,Player Tackles,3.5,3.1,NA,Dabble
Hawthorn Hawks v Western Bulldogs,Hawthorn Hawks,Western Bulldogs,Blake Hardwick,Hawthorn Hawks,Western Bulldogs,Player Tackles,3.5,3.1,NA,Dabble
Hawthorn Hawks v Western Bulldogs,Hawthorn Hawks,Western Bulldogs,Mabior Chol,Hawthorn Hawks,Western Bulldogs,Player Tackles,3.5,3.3,NA,Dabble
Hawthorn Hawks v Western Bulldogs,Hawthorn Hawks,Western Bulldogs,Aaron Naughton,Western Bulldogs,Hawthorn Hawks,Player Tackles,3.5,3.4,NA,Dabble
Hawthorn Hawks v Western Bulldogs,Hawthorn Hawks,Western Bulldogs,Louis Emmett,Western Bulldogs,Hawthorn Hawks,Player Tackles,3.5,3.4,NA,Dabble
Hawthorn Hawks v Western Bulldogs,Hawthorn Hawks,Western Bulldogs,Jarman Impey,Hawthorn Hawks,Western Bulldogs,Player Tackles,3.5,3.6,NA,Dabble
Hawthorn Hawks v Western Bulldogs,Hawthorn Hawks,Western Bulldogs,Cooper Hynes,Western Bulldogs,Hawthorn Hawks,Player Tackles,3.5,3.75,NA,Dabble
Hawthorn Hawks v Western Bulldogs,Hawthorn Hawks,Western Bulldogs,Michael Sellwood,Western Bulldogs,Hawthorn Hawks,Player Tackles,3.5,3.9,NA,Dabble
Hawthorn Hawks v Western Bulldogs,Hawthorn Hawks,Western Bulldogs,Jordan Croft,Western Bulldogs,Hawthorn Hawks,Player Tackles,3.5,3.9,NA,Dabble
Hawthorn Hawks v Western Bulldogs,Hawthorn Hawks,Western Bulldogs,Karl Amon,Hawthorn Hawks,Western Bulldogs,Player Tackles,3.5,3.9,NA,Dabble
Hawthorn Hawks v Western Bulldogs,Hawthorn Hawks,Western Bulldogs,Josh Weddle,Hawthorn Hawks,Western Bulldogs,Player Tackles,3.5,4.33,NA,Dabble
Hawthorn Hawks v Western Bulldogs,Hawthorn Hawks,Western Bulldogs,Connor Budarick,Western Bulldogs,Hawthorn Hawks,Player Tackles,3.5,4.5,NA,Dabble
Hawthorn Hawks v Western Bulldogs,Hawthorn Hawks,Western Bulldogs,Lachlan Bramble,Western Bulldogs,Hawthorn Hawks,Player Tackles,3.5,4.75,NA,Dabble
Hawthorn Hawks v Western Bulldogs,Hawthorn Hawks,Western Bulldogs,Oskar Baker,Western Bulldogs,Hawthorn Hawks,Player Tackles,3.5,5.5,NA,Dabble
Hawthorn Hawks v Western Bulldogs,Hawthorn Hawks,Western Bulldogs,James Sicily,Hawthorn Hawks,Western Bulldogs,Player Tackles,3.5,5.5,NA,Dabble
Hawthorn Hawks v Western Bulldogs,Hawthorn Hawks,Western Bulldogs,Cam Mackenzie,Hawthorn Hawks,Western Bulldogs,Player Tackles,2.5,1.14,NA,Dabble
Hawthorn Hawks v Western Bulldogs,Hawthorn Hawks,Western Bulldogs,Ed Richards,Western Bulldogs,Hawthorn Hawks,Player Tackles,2.5,1.18,NA,Dabble
Hawthorn Hawks v Western Bulldogs,Hawthorn Hawks,Western Bulldogs,Flynn Perez,NA,NA,Player Tackles,2.5,1.18,NA,Dabble
Hawthorn Hawks v Western Bulldogs,Hawthorn Hawks,Western Bulldogs,Sam Butler,Hawthorn Hawks,Western Bulldogs,Player Tackles,2.5,1.18,NA,Dabble
Hawthorn Hawks v Western Bulldogs,Hawthorn Hawks,Western Bulldogs,Jai Newcombe,Hawthorn Hawks,Western Bulldogs,Player Tackles,2.5,1.22,NA,Dabble
Hawthorn Hawks v Western Bulldogs,Hawthorn Hawks,Western Bulldogs,Lloyd Meek,Hawthorn Hawks,Western Bulldogs,Player Tackles,2.5,1.26,NA,Dabble
Hawthorn Hawks v Western Bulldogs,Hawthorn Hawks,Western Bulldogs,Rory Lobb,Western Bulldogs,Hawthorn Hawks,Player Tackles,2.5,1.33,NA,Dabble
Hawthorn Hawks v Western Bulldogs,Hawthorn Hawks,Western Bulldogs,Rhylee West,Western Bulldogs,Hawthorn Hawks,Player Tackles,2.5,1.4,NA,Dabble
Hawthorn Hawks v Western Bulldogs,Hawthorn Hawks,Western Bulldogs,Bailey Williams,Western Bulldogs,Hawthorn Hawks,Player Tackles,2.5,1.45,NA,Dabble
Hawthorn Hawks v Western Bulldogs,Hawthorn Hawks,Western Bulldogs,Dylan Moore,Hawthorn Hawks,Western Bulldogs,Player Tackles,2.5,1.46,NA,Dabble
Hawthorn Hawks v Western Bulldogs,Hawthorn Hawks,Western Bulldogs,Massimo D'Ambrosio,Hawthorn Hawks,Western Bulldogs,Player Tackles,2.5,1.55,NA,Dabble
Hawthorn Hawks v Western Bulldogs,Hawthorn Hawks,Western Bulldogs,Connor Macdonald,Hawthorn Hawks,Western Bulldogs,Player Tackles,2.5,1.57,NA,Dabble
Hawthorn Hawks v Western Bulldogs,Hawthorn Hawks,Western Bulldogs,Nick Watson,Hawthorn Hawks,Western Bulldogs,Player Tackles,2.5,1.62,NA,Dabble
Hawthorn Hawks v Western Bulldogs,Hawthorn Hawks,Western Bulldogs,Harvey Gallagher,Western Bulldogs,Hawthorn Hawks,Player Tackles,2.5,1.67,NA,Dabble
Hawthorn Hawks v Western Bulldogs,Hawthorn Hawks,Western Bulldogs,Ned Reeves,Hawthorn Hawks,Western Bulldogs,Player Tackles,2.5,1.68,NA,Dabble
Hawthorn Hawks v Western Bulldogs,Hawthorn Hawks,Western Bulldogs,Sam Darcy,Western Bulldogs,Hawthorn Hawks,Player Tackles,2.5,1.68,NA,Dabble
Hawthorn Hawks v Western Bulldogs,Hawthorn Hawks,Western Bulldogs,Sam Davidson,Western Bulldogs,Hawthorn Hawks,Player Tackles,2.5,1.86,NA,Dabble
Hawthorn Hawks v Western Bulldogs,Hawthorn Hawks,Western Bulldogs,Blake Hardwick,Hawthorn Hawks,Western Bulldogs,Player Tackles,2.5,1.86,NA,Dabble
Hawthorn Hawks v Western Bulldogs,Hawthorn Hawks,Western Bulldogs,Mabior Chol,Hawthorn Hawks,Western Bulldogs,Player Tackles,2.5,1.94,NA,Dabble
Hawthorn Hawks v Western Bulldogs,Hawthorn Hawks,Western Bulldogs,Aaron Naughton,Western Bulldogs,Hawthorn Hawks,Player Tackles,2.5,1.98,NA,Dabble
Hawthorn Hawks v Western Bulldogs,Hawthorn Hawks,Western Bulldogs,Louis Emmett,Western Bulldogs,Hawthorn Hawks,Player Tackles,2.5,1.98,NA,Dabble
Hawthorn Hawks v Western Bulldogs,Hawthorn Hawks,Western Bulldogs,Jarman Impey,Hawthorn Hawks,Western Bulldogs,Player Tackles,2.5,2,NA,Dabble
Hawthorn Hawks v Western Bulldogs,Hawthorn Hawks,Western Bulldogs,Cooper Hynes,Western Bulldogs,Hawthorn Hawks,Player Tackles,2.5,2.05,NA,Dabble
Hawthorn Hawks v Western Bulldogs,Hawthorn Hawks,Western Bulldogs,Michael Sellwood,Western Bulldogs,Hawthorn Hawks,Player Tackles,2.5,2.1,NA,Dabble
Hawthorn Hawks v Western Bulldogs,Hawthorn Hawks,Western Bulldogs,Jordan Croft,Western Bulldogs,Hawthorn Hawks,Player Tackles,2.5,2.15,NA,Dabble
Hawthorn Hawks v Western Bulldogs,Hawthorn Hawks,Western Bulldogs,Karl Amon,Hawthorn Hawks,Western Bulldogs,Player Tackles,2.5,2.15,NA,Dabble
Hawthorn Hawks v Western Bulldogs,Hawthorn Hawks,Western Bulldogs,Josh Weddle,Hawthorn Hawks,Western Bulldogs,Player Tackles,2.5,2.3,NA,Dabble
Hawthorn Hawks v Western Bulldogs,Hawthorn Hawks,Western Bulldogs,Lachlan Bramble,Western Bulldogs,Hawthorn Hawks,Player Tackles,2.5,2.4,NA,Dabble
Hawthorn Hawks v Western Bulldogs,Hawthorn Hawks,Western Bulldogs,Connor Budarick,Western Bulldogs,Hawthorn Hawks,Player Tackles,2.5,2.4,NA,Dabble
Hawthorn Hawks v Western Bulldogs,Hawthorn Hawks,Western Bulldogs,James Sicily,Hawthorn Hawks,Western Bulldogs,Player Tackles,2.5,2.63,NA,Dabble
Hawthorn Hawks v Western Bulldogs,Hawthorn Hawks,Western Bulldogs,Oskar Baker,Western Bulldogs,Hawthorn Hawks,Player Tackles,2.5,2.75,NA,Dabble
