match,event_id,home_team,away_team,market_name,market_id,player_name,player_team,opposition_team,entrant_id,line,over_price,under_price,agency
Sydney Swans v Fremantle Dockers,2c7c3a58-4be3-46a7-81dd-e2d07fa6a130,Sydney Swans,Fremantle Dockers,Player Goals,07615a1f-3003-4c5c-9fc1-392758dd08c0,Isaiah Dudley,Fremantle Dockers,Sydney Swans,7bdca5f1-203f-4d7d-b661-c85f6a2db944,0.5,1.3599999999999999,NA,Neds
Sydney Swans v Fremantle Dockers,2c7c3a58-4be3-46a7-81dd-e2d07fa6a130,Sydney Swans,Fremantle Dockers,Player Goals,07615a1f-3003-4c5c-9fc1-392758dd08c0,Jake Lloyd,Sydney Swans,Fremantle Dockers,6102f051-7efa-4bb7-b139-0af694e5d036,0.5,4.1,NA,Neds
Sydney Swans v Fremantle Dockers,2c7c3a58-4be3-46a7-81dd-e2d07fa6a130,Sydney Swans,Fremantle Dockers,Player Goals,07615a1f-3003-4c5c-9fc1-392758dd08c0,Neil Erasmus,Fremantle Dockers,Sydney Swans,a60c81a6-8d4f-489f-b162-a638464ec940,0.5,4.25,NA,Neds
Sydney Swans v Fremantle Dockers,2c7c3a58-4be3-46a7-81dd-e2d07fa6a130,Sydney Swans,Fremantle Dockers,Player Goals,07615a1f-3003-4c5c-9fc1-392758dd08c0,Matt Roberts,Sydney Swans,Fremantle Dockers,1a0bc2a8-cbd4-4c62-99d1-121739484513,0.5,4.1,NA,Neds
Sydney Swans v Fremantle Dockers,2c7c3a58-4be3-46a7-81dd-e2d07fa6a130,Sydney Swans,Fremantle Dockers,Player Goals,07615a1f-3003-4c5c-9fc1-392758dd08c0,Billy Cootee,Sydney Swans,Fremantle Dockers,247134a3-1109-4c07-9cbf-218f6bb72811,0.5,1.73,NA,Neds
Sydney Swans v Fremantle Dockers,2c7c3a58-4be3-46a7-81dd-e2d07fa6a130,Sydney Swans,Fremantle Dockers,Player Goals,07615a1f-3003-4c5c-9fc1-392758dd08c0,Tom Hanily,Sydney Swans,Fremantle Dockers,9cac0c3e-fc35-4465-b26b-3172c4e923cf,0.5,2.25,NA,Neds
Sydney Swans v Fremantle Dockers,2c7c3a58-4be3-46a7-81dd-e2d07fa6a130,Sydney Swans,Fremantle Dockers,Player Goals,07615a1f-3003-4c5c-9fc1-392758dd08c0,Jye Amiss,Fremantle Dockers,Sydney Swans,b4ef492b-4d9f-44f8-980c-2852d27eadd7,0.5,1.04,NA,Neds
Sydney Swans v Fremantle Dockers,2c7c3a58-4be3-46a7-81dd-e2d07fa6a130,Sydney Swans,Fremantle Dockers,Player Goals,07615a1f-3003-4c5c-9fc1-392758dd08c0,Corey Wagner,Fremantle Dockers,Sydney Swans,25213ad0-4635-40b0-a357-4daa9cde4872,0.5,4.25,NA,Neds
Sydney Swans v Fremantle Dockers,2c7c3a58-4be3-46a7-81dd-e2d07fa6a130,Sydney Swans,Fremantle Dockers,Player Goals,07615a1f-3003-4c5c-9fc1-392758dd08c0,Caiden Cleary,Sydney Swans,Fremantle Dockers,7925cd1d-8ffc-4066-be7b-9f45614150c2,0.5,3.25,NA,Neds
Sydney Swans v Fremantle Dockers,2c7c3a58-4be3-46a7-81dd-e2d07fa6a130,Sydney Swans,Fremantle Dockers,Player Goals,07615a1f-3003-4c5c-9fc1-392758dd08c0,Caleb Serong,Fremantle Dockers,Sydney Swans,83ee5fd6-c9bc-4430-8b45-22c436f9d37d,0.5,3.25,NA,Neds
Sydney Swans v Fremantle Dockers,2c7c3a58-4be3-46a7-81dd-e2d07fa6a130,Sydney Swans,Fremantle Dockers,Player Goals,07615a1f-3003-4c5c-9fc1-392758dd08c0,Luke Jackson,Fremantle Dockers,Sydney Swans,35badbd6-af42-4be1-a586-94f4e27085ab,0.5,1.26,NA,Neds
Sydney Swans v Fremantle Dockers,2c7c3a58-4be3-46a7-81dd-e2d07fa6a130,Sydney Swans,Fremantle Dockers,Player Goals,07615a1f-3003-4c5c-9fc1-392758dd08c0,Shai Bolton,Fremantle Dockers,Sydney Swans,e8ca12b8-48ef-4679-acf7-48d1c8ff3446,0.5,1.53,NA,Neds
Sydney Swans v Fremantle Dockers,2c7c3a58-4be3-46a7-81dd-e2d07fa6a130,Sydney Swans,Fremantle Dockers,Player Goals,07615a1f-3003-4c5c-9fc1-392758dd08c0,Mason Cox,Fremantle Dockers,Sydney Swans,fe208224-9ca3-4800-87c0-fa16ff63389f,0.5,3.75,NA,Neds
Sydney Swans v Fremantle Dockers,2c7c3a58-4be3-46a7-81dd-e2d07fa6a130,Sydney Swans,Fremantle Dockers,Player Goals,07615a1f-3003-4c5c-9fc1-392758dd08c0,Sam Switkowski,Fremantle Dockers,Sydney Swans,00e4c2e6-fcb4-47e8-ac97-43c38eb315a7,0.5,2.1,NA,Neds
Sydney Swans v Fremantle Dockers,2c7c3a58-4be3-46a7-81dd-e2d07fa6a130,Sydney Swans,Fremantle Dockers,Player Goals,07615a1f-3003-4c5c-9fc1-392758dd08c0,Jesse Dattoli,Sydney Swans,Fremantle Dockers,cdb9d2c2-a516-452d-a380-a4f6603451f1,0.5,1.98,NA,Neds
Sydney Swans v Fremantle Dockers,2c7c3a58-4be3-46a7-81dd-e2d07fa6a130,Sydney Swans,Fremantle Dockers,Player Goals,07615a1f-3003-4c5c-9fc1-392758dd08c0,Jordan Clark,Fremantle Dockers,Sydney Swans,ba9f88f2-6615-4999-9e70-001f3ca3e2a3,0.5,4.1,NA,Neds
Sydney Swans v Fremantle Dockers,2c7c3a58-4be3-46a7-81dd-e2d07fa6a130,Sydney Swans,Fremantle Dockers,Player Goals,07615a1f-3003-4c5c-9fc1-392758dd08c0,Brodie Grundy,Sydney Swans,Fremantle Dockers,5e4dfc96-6db0-4f22-b5b4-fe804f4c2060,0.5,4.1,NA,Neds
Sydney Swans v Fremantle Dockers,2c7c3a58-4be3-46a7-81dd-e2d07fa6a130,Sydney Swans,Fremantle Dockers,Player Goals,07615a1f-3003-4c5c-9fc1-392758dd08c0,Josh Treacy,Fremantle Dockers,Sydney Swans,250aa674-45bc-4131-b7bb-5621101475ee,0.5,1.03,NA,Neds
Sydney Swans v Fremantle Dockers,2c7c3a58-4be3-46a7-81dd-e2d07fa6a130,Sydney Swans,Fremantle Dockers,Player Goals,07615a1f-3003-4c5c-9fc1-392758dd08c0,Michael Frederick,Fremantle Dockers,Sydney Swans,25b9e400-855d-4213-aca2-336aa955f205,0.5,1.44,NA,Neds
Sydney Swans v Fremantle Dockers,2c7c3a58-4be3-46a7-81dd-e2d07fa6a130,Sydney Swans,Fremantle Dockers,Player Goals,07615a1f-3003-4c5c-9fc1-392758dd08c0,Errol Gulden,Sydney Swans,Fremantle Dockers,6a2194de-13d5-48d0-b809-c86f361e61ca,0.5,2.65,NA,Neds
Sydney Swans v Fremantle Dockers,2c7c3a58-4be3-46a7-81dd-e2d07fa6a130,Sydney Swans,Fremantle Dockers,Player Goals,07615a1f-3003-4c5c-9fc1-392758dd08c0,Braeden Campbell,Sydney Swans,Fremantle Dockers,6f243c98-b846-40e0-8b5a-e585a20dcb42,0.5,2.1,NA,Neds
Sydney Swans v Fremantle Dockers,2c7c3a58-4be3-46a7-81dd-e2d07fa6a130,Sydney Swans,Fremantle Dockers,Player Goals,07615a1f-3003-4c5c-9fc1-392758dd08c0,Logan McDonald,Sydney Swans,Fremantle Dockers,17f49274-80ed-4d6f-9f54-f73d04d35a41,0.5,1.09,NA,Neds
Sydney Swans v Fremantle Dockers,2c7c3a58-4be3-46a7-81dd-e2d07fa6a130,Sydney Swans,Fremantle Dockers,Player Goals,07615a1f-3003-4c5c-9fc1-392758dd08c0,Tom Papley,Sydney Swans,Fremantle Dockers,ba2d720a-097e-4626-bae1-ee7f41d193f2,0.5,1.12,NA,Neds
Sydney Swans v Fremantle Dockers,2c7c3a58-4be3-46a7-81dd-e2d07fa6a130,Sydney Swans,Fremantle Dockers,Player Goals,07615a1f-3003-4c5c-9fc1-392758dd08c0,Hayden McLean,Sydney Swans,Fremantle Dockers,428cb7eb-3281-4392-ab55-d0675d81cfd1,0.5,1.24,NA,Neds
Sydney Swans v Fremantle Dockers,2c7c3a58-4be3-46a7-81dd-e2d07fa6a130,Sydney Swans,Fremantle Dockers,Player Goals,07615a1f-3003-4c5c-9fc1-392758dd08c0,James Rowbottom,Sydney Swans,Fremantle Dockers,40588345-7544-4e82-8d2e-4ea5ee306df2,0.5,3.05,NA,Neds
Sydney Swans v Fremantle Dockers,2c7c3a58-4be3-46a7-81dd-e2d07fa6a130,Sydney Swans,Fremantle Dockers,Player Goals,07615a1f-3003-4c5c-9fc1-392758dd08c0,Patrick Voss,Fremantle Dockers,Sydney Swans,6f524763-c477-4e32-a97b-dda24504d68f,0.5,1.1,NA,Neds
Sydney Swans v Fremantle Dockers,2c7c3a58-4be3-46a7-81dd-e2d07fa6a130,Sydney Swans,Fremantle Dockers,Player Goals,07615a1f-3003-4c5c-9fc1-392758dd08c0,Andrew Brayshaw,Fremantle Dockers,Sydney Swans,6734de42-bd5c-4eed-90b6-ab7d1fdf7672,0.5,2.65,NA,Neds
Sydney Swans v Fremantle Dockers,2c7c3a58-4be3-46a7-81dd-e2d07fa6a130,Sydney Swans,Fremantle Dockers,Player Goals,07615a1f-3003-4c5c-9fc1-392758dd08c0,Murphy Reid,Fremantle Dockers,Sydney Swans,4c28f2b9-4de5-4b9b-8a04-d7a222a2b24a,0.5,1.94,NA,Neds
Sydney Swans v Fremantle Dockers,2c7c3a58-4be3-46a7-81dd-e2d07fa6a130,Sydney Swans,Fremantle Dockers,Player Goals,07615a1f-3003-4c5c-9fc1-392758dd08c0,Hayden Young,Fremantle Dockers,Sydney Swans,7d2fc417-f228-4ad1-a4f0-128ebf150be4,0.5,2.1,NA,Neds
Sydney Swans v Fremantle Dockers,2c7c3a58-4be3-46a7-81dd-e2d07fa6a130,Sydney Swans,Fremantle Dockers,Player Goals,07615a1f-3003-4c5c-9fc1-392758dd08c0,Charlie Curnow,Sydney Swans,Fremantle Dockers,9a9fab30-9c6c-4793-a23e-7ab6f62f1f44,0.5,1.02,NA,Neds
Sydney Swans v Fremantle Dockers,2c7c3a58-4be3-46a7-81dd-e2d07fa6a130,Sydney Swans,Fremantle Dockers,Player Goals,07615a1f-3003-4c5c-9fc1-392758dd08c0,Jai Serong,Sydney Swans,Fremantle Dockers,aa078a9f-ab51-4c38-b2b0-a258e5a3cfb6,0.5,4,NA,Neds
Sydney Swans v Fremantle Dockers,2c7c3a58-4be3-46a7-81dd-e2d07fa6a130,Sydney Swans,Fremantle Dockers,Player Goals,07615a1f-3003-4c5c-9fc1-392758dd08c0,Angus Sheldrick,Sydney Swans,Fremantle Dockers,7821182e-1665-4e06-a10b-df342e2d3689,0.5,4,NA,Neds
Sydney Swans v Fremantle Dockers,2c7c3a58-4be3-46a7-81dd-e2d07fa6a130,Sydney Swans,Fremantle Dockers,Player Goals,07615a1f-3003-4c5c-9fc1-392758dd08c0,Matthew Johnson,Fremantle Dockers,Sydney Swans,aeb5bc3c-2333-491b-812f-87efd727d3af,0.5,4.1,NA,Neds
Sydney Swans v Fremantle Dockers,2c7c3a58-4be3-46a7-81dd-e2d07fa6a130,Sydney Swans,Fremantle Dockers,Player Goals,07615a1f-3003-4c5c-9fc1-392758dd08c0,Justin McInerney,Sydney Swans,Fremantle Dockers,1bb33c6a-dc53-45f4-b905-b22ec24725ba,0.5,2.25,NA,Neds
Sydney Swans v Fremantle Dockers,2c7c3a58-4be3-46a7-81dd-e2d07fa6a130,Sydney Swans,Fremantle Dockers,Player Goals,3f9f46e0-40fb-4d32-a1d3-f4d887eec487,Murphy Reid,Fremantle Dockers,Sydney Swans,37e35a1a-c506-4323-9780-de8885a951e1,2.5,23,NA,Neds
Sydney Swans v Fremantle Dockers,2c7c3a58-4be3-46a7-81dd-e2d07fa6a130,Sydney Swans,Fremantle Dockers,Player Goals,3f9f46e0-40fb-4d32-a1d3-f4d887eec487,Michael Frederick,Fremantle Dockers,Sydney Swans,6abacdef-be39-445b-8819-328bfcdd09c3,2.5,8.25,NA,Neds
Sydney Swans v Fremantle Dockers,2c7c3a58-4be3-46a7-81dd-e2d07fa6a130,Sydney Swans,Fremantle Dockers,Player Goals,3f9f46e0-40fb-4d32-a1d3-f4d887eec487,Tom Papley,Sydney Swans,Fremantle Dockers,d58677dc-b72b-40d5-9a9f-39669b04acb1,2.5,3.15,NA,Neds
Sydney Swans v Fremantle Dockers,2c7c3a58-4be3-46a7-81dd-e2d07fa6a130,Sydney Swans,Fremantle Dockers,Player Goals,3f9f46e0-40fb-4d32-a1d3-f4d887eec487,Jye Amiss,Fremantle Dockers,Sydney Swans,3ca988cc-11ba-427f-b616-0b3bbd96d956,2.5,2.25,NA,Neds
Sydney Swans v Fremantle Dockers,2c7c3a58-4be3-46a7-81dd-e2d07fa6a130,Sydney Swans,Fremantle Dockers,Player Goals,3f9f46e0-40fb-4d32-a1d3-f4d887eec487,Billy Cootee,Sydney Swans,Fremantle Dockers,5d0651c1-ab10-4d65-ab39-63e80cadba17,2.5,17,NA,Neds
Sydney Swans v Fremantle Dockers,2c7c3a58-4be3-46a7-81dd-e2d07fa6a130,Sydney Swans,Fremantle Dockers,Player Goals,3f9f46e0-40fb-4d32-a1d3-f4d887eec487,Patrick Voss,Fremantle Dockers,Sydney Swans,ad96ca48-70a4-400e-9d24-308abb744834,2.5,2.9,NA,Neds
Sydney Swans v Fremantle Dockers,2c7c3a58-4be3-46a7-81dd-e2d07fa6a130,Sydney Swans,Fremantle Dockers,Player Goals,3f9f46e0-40fb-4d32-a1d3-f4d887eec487,Hayden McLean,Sydney Swans,Fremantle Dockers,08ea062d-aacd-41b5-9321-1e7919dd2d3c,2.5,4.8,NA,Neds
Sydney Swans v Fremantle Dockers,2c7c3a58-4be3-46a7-81dd-e2d07fa6a130,Sydney Swans,Fremantle Dockers,Player Goals,3f9f46e0-40fb-4d32-a1d3-f4d887eec487,Josh Treacy,Fremantle Dockers,Sydney Swans,88a31fbb-9c79-4837-adf3-b558cbd9f55d,2.5,2.2,NA,Neds
Sydney Swans v Fremantle Dockers,2c7c3a58-4be3-46a7-81dd-e2d07fa6a130,Sydney Swans,Fremantle Dockers,Player Goals,3f9f46e0-40fb-4d32-a1d3-f4d887eec487,Isaiah Dudley,Fremantle Dockers,Sydney Swans,24d8ba3c-31ff-46f5-aa64-9e61a3547c7b,2.5,6.8,NA,Neds
Sydney Swans v Fremantle Dockers,2c7c3a58-4be3-46a7-81dd-e2d07fa6a130,Sydney Swans,Fremantle Dockers,Player Goals,3f9f46e0-40fb-4d32-a1d3-f4d887eec487,Jesse Dattoli,Sydney Swans,Fremantle Dockers,3614c01e-ca32-44f5-82c3-8cabd0cde912,2.5,26,NA,Neds
Sydney Swans v Fremantle Dockers,2c7c3a58-4be3-46a7-81dd-e2d07fa6a130,Sydney Swans,Fremantle Dockers,Player Goals,3f9f46e0-40fb-4d32-a1d3-f4d887eec487,Logan McDonald,Sydney Swans,Fremantle Dockers,e19ab1f2-77e0-4ec2-8dac-244c731da3ed,2.5,2.8,NA,Neds
Sydney Swans v Fremantle Dockers,2c7c3a58-4be3-46a7-81dd-e2d07fa6a130,Sydney Swans,Fremantle Dockers,Player Goals,3f9f46e0-40fb-4d32-a1d3-f4d887eec487,Shai Bolton,Fremantle Dockers,Sydney Swans,d252c07d-0c28-45e1-bea5-f3fba50abb87,2.5,10.5,NA,Neds
Sydney Swans v Fremantle Dockers,2c7c3a58-4be3-46a7-81dd-e2d07fa6a130,Sydney Swans,Fremantle Dockers,Player Goals,3f9f46e0-40fb-4d32-a1d3-f4d887eec487,Luke Jackson,Fremantle Dockers,Sydney Swans,c29e6494-4b46-4b37-92b0-991c8505f176,2.5,5,NA,Neds
Sydney Swans v Fremantle Dockers,2c7c3a58-4be3-46a7-81dd-e2d07fa6a130,Sydney Swans,Fremantle Dockers,Player Goals,3f9f46e0-40fb-4d32-a1d3-f4d887eec487,Charlie Curnow,Sydney Swans,Fremantle Dockers,7fca9612-64cd-407a-835f-2352f2634ca0,2.5,2.1,NA,Neds
Hawthorn Hawks v Brisbane Lions,df33de65-320c-45fb-9b3b-7bbe4a2cf2d3,Hawthorn Hawks,Brisbane Lions,Player Goals,53dc6382-db12-4adc-b6e1-341275d8da56,Nick Watson,Hawthorn Hawks,Brisbane Lions,5c828c92-e47d-41c6-b4f8-dc99367e7803,3.5,3.3,NA,Neds
Hawthorn Hawks v Brisbane Lions,df33de65-320c-45fb-9b3b-7bbe4a2cf2d3,Hawthorn Hawks,Brisbane Lions,Player Goals,53dc6382-db12-4adc-b6e1-341275d8da56,Zac Bailey,Brisbane Lions,Hawthorn Hawks,f20db958-c8f2-453f-9dfa-05573eedd01e,3.5,16,NA,Neds
Hawthorn Hawks v Brisbane Lions,df33de65-320c-45fb-9b3b-7bbe4a2cf2d3,Hawthorn Hawks,Brisbane Lions,Player Goals,53dc6382-db12-4adc-b6e1-341275d8da56,Mabior Chol,Hawthorn Hawks,Brisbane Lions,bd73c09c-283b-47ce-8094-8ac5d95927f1,3.5,14,NA,Neds
Hawthorn Hawks v Brisbane Lions,df33de65-320c-45fb-9b3b-7bbe4a2cf2d3,Hawthorn Hawks,Brisbane Lions,Player Goals,53dc6382-db12-4adc-b6e1-341275d8da56,Kai Lohmann,Brisbane Lions,Hawthorn Hawks,fa706730-4f19-480e-86b6-298176e246d2,3.5,10,NA,Neds
Hawthorn Hawks v Brisbane Lions,df33de65-320c-45fb-9b3b-7bbe4a2cf2d3,Hawthorn Hawks,Brisbane Lions,Player Goals,53dc6382-db12-4adc-b6e1-341275d8da56,Logan Morris,Brisbane Lions,Hawthorn Hawks,7c9d1192-fb95-4642-932e-956646461f12,3.5,5,NA,Neds
Hawthorn Hawks v Brisbane Lions,df33de65-320c-45fb-9b3b-7bbe4a2cf2d3,Hawthorn Hawks,Brisbane Lions,Player Goals,53dc6382-db12-4adc-b6e1-341275d8da56,Dylan Moore,Hawthorn Hawks,Brisbane Lions,a4d0052f-7f30-4c63-9428-1026aed5ada2,3.5,26,NA,Neds
Hawthorn Hawks v Brisbane Lions,df33de65-320c-45fb-9b3b-7bbe4a2cf2d3,Hawthorn Hawks,Brisbane Lions,Player Goals,53dc6382-db12-4adc-b6e1-341275d8da56,Mitch Lewis,Hawthorn Hawks,Brisbane Lions,e2d1a0a5-a033-42d0-9531-3fe91218a2cc,3.5,11,NA,Neds
Hawthorn Hawks v Brisbane Lions,df33de65-320c-45fb-9b3b-7bbe4a2cf2d3,Hawthorn Hawks,Brisbane Lions,Player Goals,53dc6382-db12-4adc-b6e1-341275d8da56,Oscar Allen,Brisbane Lions,Hawthorn Hawks,3b62bd5e-6a7c-4b82-96a3-fe02e1abaa19,3.5,11,NA,Neds
Hawthorn Hawks v Brisbane Lions,df33de65-320c-45fb-9b3b-7bbe4a2cf2d3,Hawthorn Hawks,Brisbane Lions,Player Goals,53dc6382-db12-4adc-b6e1-341275d8da56,Cam Rayner,Brisbane Lions,Hawthorn Hawks,7e24316f-b51f-4ee3-8bde-51783c0f08f7,3.5,29,NA,Neds
Hawthorn Hawks v Brisbane Lions,df33de65-320c-45fb-9b3b-7bbe4a2cf2d3,Hawthorn Hawks,Brisbane Lions,Player Goals,53dc6382-db12-4adc-b6e1-341275d8da56,Jack Gunston,Hawthorn Hawks,Brisbane Lions,f2061c01-f40f-4165-b1a0-71211167bcb2,3.5,3.2,NA,Neds
Hawthorn Hawks v Brisbane Lions,df33de65-320c-45fb-9b3b-7bbe4a2cf2d3,Hawthorn Hawks,Brisbane Lions,Player Goals,53dc6382-db12-4adc-b6e1-341275d8da56,Eric Hipwood,Brisbane Lions,Hawthorn Hawks,7d60bdba-863b-433e-8666-a58b613d371c,3.5,16,NA,Neds
Hawthorn Hawks v Brisbane Lions,df33de65-320c-45fb-9b3b-7bbe4a2cf2d3,Hawthorn Hawks,Brisbane Lions,Player Goals,53dc6382-db12-4adc-b6e1-341275d8da56,Charlie Cameron,Brisbane Lions,Hawthorn Hawks,15770977-eaaf-4a46-80a6-5f0869ce5d4f,3.5,5,NA,Neds
Hawthorn Hawks v Brisbane Lions,df33de65-320c-45fb-9b3b-7bbe4a2cf2d3,Hawthorn Hawks,Brisbane Lions,Player Goals,5aaec28a-154b-4627-bd26-652da6142363,Josh Weddle,Hawthorn Hawks,Brisbane Lions,34e47e25-b242-4dce-b8a2-2a36c8ef4f31,0.5,4.1,NA,Neds
Hawthorn Hawks v Brisbane Lions,df33de65-320c-45fb-9b3b-7bbe4a2cf2d3,Hawthorn Hawks,Brisbane Lions,Player Goals,5aaec28a-154b-4627-bd26-652da6142363,Jack Gunston,Hawthorn Hawks,Brisbane Lions,6ea49a15-566d-4743-a628-dee498529049,0.5,1.01,NA,Neds
Hawthorn Hawks v Brisbane Lions,df33de65-320c-45fb-9b3b-7bbe4a2cf2d3,Hawthorn Hawks,Brisbane Lions,Player Goals,5aaec28a-154b-4627-bd26-652da6142363,Oscar Allen,Brisbane Lions,Hawthorn Hawks,e90c1a6e-7df3-416d-9a14-c88913592456,0.5,1.2,NA,Neds
Hawthorn Hawks v Brisbane Lions,df33de65-320c-45fb-9b3b-7bbe4a2cf2d3,Hawthorn Hawks,Brisbane Lions,Player Goals,5aaec28a-154b-4627-bd26-652da6142363,Dayne Zorko,Brisbane Lions,Hawthorn Hawks,ae092ee0-a3f8-42c9-9274-05ec331f78d3,0.5,3.4,NA,Neds
Hawthorn Hawks v Brisbane Lions,df33de65-320c-45fb-9b3b-7bbe4a2cf2d3,Hawthorn Hawks,Brisbane Lions,Player Goals,5aaec28a-154b-4627-bd26-652da6142363,Zac Bailey,Brisbane Lions,Hawthorn Hawks,d2ac52e1-0c54-45a8-a106-2aea91cee829,0.5,1.28,NA,Neds
Hawthorn Hawks v Brisbane Lions,df33de65-320c-45fb-9b3b-7bbe4a2cf2d3,Hawthorn Hawks,Brisbane Lions,Player Goals,5aaec28a-154b-4627-bd26-652da6142363,Charlie Cameron,Brisbane Lions,Hawthorn Hawks,0a7c7033-3850-4ef7-b111-0090ea3ec1e0,0.5,1.06,NA,Neds
Hawthorn Hawks v Brisbane Lions,df33de65-320c-45fb-9b3b-7bbe4a2cf2d3,Hawthorn Hawks,Brisbane Lions,Player Goals,5aaec28a-154b-4627-bd26-652da6142363,Conor McKenna,Brisbane Lions,Hawthorn Hawks,bcef6f63-1edc-4dca-af0e-7493a8dfccbc,0.5,1.8,NA,Neds
Hawthorn Hawks v Brisbane Lions,df33de65-320c-45fb-9b3b-7bbe4a2cf2d3,Hawthorn Hawks,Brisbane Lions,Player Goals,5aaec28a-154b-4627-bd26-652da6142363,Lachie Neale,Brisbane Lions,Hawthorn Hawks,64039e54-4f81-42c2-8325-25d85c3f95fe,0.5,4.4,NA,Neds
Hawthorn Hawks v Brisbane Lions,df33de65-320c-45fb-9b3b-7bbe4a2cf2d3,Hawthorn Hawks,Brisbane Lions,Player Goals,5aaec28a-154b-4627-bd26-652da6142363,Will Ashcroft,Brisbane Lions,Hawthorn Hawks,41317a38-712b-4646-aecd-894126eb79de,0.5,3.25,NA,Neds
Hawthorn Hawks v Brisbane Lions,df33de65-320c-45fb-9b3b-7bbe4a2cf2d3,Hawthorn Hawks,Brisbane Lions,Player Goals,5aaec28a-154b-4627-bd26-652da6142363,Mabior Chol,Hawthorn Hawks,Brisbane Lions,e9f5d12f-e656-4e2f-b15e-86fb661cc460,0.5,1.26,NA,Neds
Hawthorn Hawks v Brisbane Lions,df33de65-320c-45fb-9b3b-7bbe4a2cf2d3,Hawthorn Hawks,Brisbane Lions,Player Goals,5aaec28a-154b-4627-bd26-652da6142363,Josh Ward,Hawthorn Hawks,Brisbane Lions,88b9e6c6-2a78-4550-a8e2-7d62a4236c8b,0.5,4.25,NA,Neds
Hawthorn Hawks v Brisbane Lions,df33de65-320c-45fb-9b3b-7bbe4a2cf2d3,Hawthorn Hawks,Brisbane Lions,Player Goals,5aaec28a-154b-4627-bd26-652da6142363,Karl Amon,Hawthorn Hawks,Brisbane Lions,dba9e004-29d5-4190-9b79-a29bb68e5a8f,0.5,4.1,NA,Neds
Hawthorn Hawks v Brisbane Lions,df33de65-320c-45fb-9b3b-7bbe4a2cf2d3,Hawthorn Hawks,Brisbane Lions,Player Goals,5aaec28a-154b-4627-bd26-652da6142363,Lloyd Meek,Hawthorn Hawks,Brisbane Lions,beebe51f-c859-47a5-91cc-92e14632cd85,0.5,4.1,NA,Neds
Hawthorn Hawks v Brisbane Lions,df33de65-320c-45fb-9b3b-7bbe4a2cf2d3,Hawthorn Hawks,Brisbane Lions,Player Goals,5aaec28a-154b-4627-bd26-652da6142363,Kai Lohmann,Brisbane Lions,Hawthorn Hawks,b8362f6c-15a5-43a3-b4e1-ed6d4b8f5130,0.5,1.19,NA,Neds
Hawthorn Hawks v Brisbane Lions,df33de65-320c-45fb-9b3b-7bbe4a2cf2d3,Hawthorn Hawks,Brisbane Lions,Player Goals,5aaec28a-154b-4627-bd26-652da6142363,Cam Rayner,Brisbane Lions,Hawthorn Hawks,910ad519-7493-47cc-9972-48f876606a8a,0.5,1.45,NA,Neds
Hawthorn Hawks v Brisbane Lions,df33de65-320c-45fb-9b3b-7bbe4a2cf2d3,Hawthorn Hawks,Brisbane Lions,Player Goals,5aaec28a-154b-4627-bd26-652da6142363,Hugh McCluggage,Brisbane Lions,Hawthorn Hawks,512e2c15-8257-4da6-8d15-38678a405f1b,0.5,2.4,NA,Neds
Hawthorn Hawks v Brisbane Lions,df33de65-320c-45fb-9b3b-7bbe4a2cf2d3,Hawthorn Hawks,Brisbane Lions,Player Goals,5aaec28a-154b-4627-bd26-652da6142363,Logan Morris,Brisbane Lions,Hawthorn Hawks,12fb7c09-f8e1-47a2-837a-7b486b035bb5,0.5,1.06,NA,Neds
Hawthorn Hawks v Brisbane Lions,df33de65-320c-45fb-9b3b-7bbe4a2cf2d3,Hawthorn Hawks,Brisbane Lions,Player Goals,5aaec28a-154b-4627-bd26-652da6142363,Cam Mackenzie,Hawthorn Hawks,Brisbane Lions,5c6fd3a6-29af-4ff4-8b9a-5baf230f99b5,0.5,4.25,NA,Neds
Hawthorn Hawks v Brisbane Lions,df33de65-320c-45fb-9b3b-7bbe4a2cf2d3,Hawthorn Hawks,Brisbane Lions,Player Goals,5aaec28a-154b-4627-bd26-652da6142363,Connor Macdonald,Hawthorn Hawks,Brisbane Lions,b20bd52e-abf5-44d5-b188-5059338f0ba1,0.5,2.15,NA,Neds
Hawthorn Hawks v Brisbane Lions,df33de65-320c-45fb-9b3b-7bbe4a2cf2d3,Hawthorn Hawks,Brisbane Lions,Player Goals,5aaec28a-154b-4627-bd26-652da6142363,Massimo D'Ambrosio,Hawthorn Hawks,Brisbane Lions,36413cda-41a4-4c3e-af2a-5d45967456ec,0.5,4.25,NA,Neds
Hawthorn Hawks v Brisbane Lions,df33de65-320c-45fb-9b3b-7bbe4a2cf2d3,Hawthorn Hawks,Brisbane Lions,Player Goals,5aaec28a-154b-4627-bd26-652da6142363,Jarman Impey,Hawthorn Hawks,Brisbane Lions,00080dca-8a14-4270-8765-639ce5977f15,0.5,4.4,NA,Neds
Hawthorn Hawks v Brisbane Lions,df33de65-320c-45fb-9b3b-7bbe4a2cf2d3,Hawthorn Hawks,Brisbane Lions,Player Goals,5aaec28a-154b-4627-bd26-652da6142363,Jaspa Fletcher,Brisbane Lions,Hawthorn Hawks,ee921ca9-34fb-432c-84c0-c8eff4f0ab1a,0.5,4.1,NA,Neds
Hawthorn Hawks v Brisbane Lions,df33de65-320c-45fb-9b3b-7bbe4a2cf2d3,Hawthorn Hawks,Brisbane Lions,Player Goals,5aaec28a-154b-4627-bd26-652da6142363,Mitch Lewis,Hawthorn Hawks,Brisbane Lions,c84bde74-a359-4179-ba34-9b6738897f71,0.5,1.2,NA,Neds
Hawthorn Hawks v Brisbane Lions,df33de65-320c-45fb-9b3b-7bbe4a2cf2d3,Hawthorn Hawks,Brisbane Lions,Player Goals,5aaec28a-154b-4627-bd26-652da6142363,Max Beattie,Hawthorn Hawks,Brisbane Lions,370c076a-9aec-4ba2-8e0a-e5f4f1110a47,0.5,2.85,NA,Neds
Hawthorn Hawks v Brisbane Lions,df33de65-320c-45fb-9b3b-7bbe4a2cf2d3,Hawthorn Hawks,Brisbane Lions,Player Goals,5aaec28a-154b-4627-bd26-652da6142363,Harry Morrison,Hawthorn Hawks,Brisbane Lions,2fa2e841-d5d6-4ca7-a94d-d3a2624d43e7,0.5,4.25,NA,Neds
Hawthorn Hawks v Brisbane Lions,df33de65-320c-45fb-9b3b-7bbe4a2cf2d3,Hawthorn Hawks,Brisbane Lions,Player Goals,5aaec28a-154b-4627-bd26-652da6142363,Eric Hipwood,Brisbane Lions,Hawthorn Hawks,795cc48f-9d21-490a-bffe-0288b922aa9f,0.5,1.28,NA,Neds
Hawthorn Hawks v Brisbane Lions,df33de65-320c-45fb-9b3b-7bbe4a2cf2d3,Hawthorn Hawks,Brisbane Lions,Player Goals,5aaec28a-154b-4627-bd26-652da6142363,Nick Watson,Hawthorn Hawks,Brisbane Lions,cd5aea7c-e448-427a-98a7-2b34f14ccc4c,0.5,1.01,NA,Neds
Hawthorn Hawks v Brisbane Lions,df33de65-320c-45fb-9b3b-7bbe4a2cf2d3,Hawthorn Hawks,Brisbane Lions,Player Goals,5aaec28a-154b-4627-bd26-652da6142363,Jarrod Berry,Brisbane Lions,Hawthorn Hawks,740c2759-c2af-4913-9517-d8b034825e99,0.5,4.4,NA,Neds
Hawthorn Hawks v Brisbane Lions,df33de65-320c-45fb-9b3b-7bbe4a2cf2d3,Hawthorn Hawks,Brisbane Lions,Player Goals,5aaec28a-154b-4627-bd26-652da6142363,Sam Draper,Brisbane Lions,Hawthorn Hawks,5d477655-4bf9-488d-9dc0-bdfb26b0eb6f,0.5,2.2,NA,Neds
Hawthorn Hawks v Brisbane Lions,df33de65-320c-45fb-9b3b-7bbe4a2cf2d3,Hawthorn Hawks,Brisbane Lions,Player Goals,5aaec28a-154b-4627-bd26-652da6142363,Darcy Fort,Brisbane Lions,Hawthorn Hawks,aa0cb067-7e72-4388-933e-0a39ee80ee54,0.5,4.1,NA,Neds
Hawthorn Hawks v Brisbane Lions,df33de65-320c-45fb-9b3b-7bbe4a2cf2d3,Hawthorn Hawks,Brisbane Lions,Player Goals,5aaec28a-154b-4627-bd26-652da6142363,Will Day,Hawthorn Hawks,Brisbane Lions,085f12e2-9c43-43c8-a340-566e2c6a4d7a,0.5,3.05,NA,Neds
Hawthorn Hawks v Brisbane Lions,df33de65-320c-45fb-9b3b-7bbe4a2cf2d3,Hawthorn Hawks,Brisbane Lions,Player Goals,5aaec28a-154b-4627-bd26-652da6142363,Dylan Moore,Hawthorn Hawks,Brisbane Lions,eaf9f10d-85f1-471c-8ea6-5e4565340365,0.5,1.4,NA,Neds
Hawthorn Hawks v Brisbane Lions,df33de65-320c-45fb-9b3b-7bbe4a2cf2d3,Hawthorn Hawks,Brisbane Lions,Player Goals,5aaec28a-154b-4627-bd26-652da6142363,Jai Newcombe,Hawthorn Hawks,Brisbane Lions,30e0d218-f754-4d0d-a564-6585a8a49fdc,0.5,3.75,NA,Neds
Hawthorn Hawks v Brisbane Lions,df33de65-320c-45fb-9b3b-7bbe4a2cf2d3,Hawthorn Hawks,Brisbane Lions,Player Goals,5aaec28a-154b-4627-bd26-652da6142363,Josh Dunkley,Brisbane Lions,Hawthorn Hawks,cd3ed5e5-4c4e-40d5-8ea8-5fcf87ceacac,0.5,4.4,NA,Neds
Hawthorn Hawks v Brisbane Lions,df33de65-320c-45fb-9b3b-7bbe4a2cf2d3,Hawthorn Hawks,Brisbane Lions,Player Goals,5aaec28a-154b-4627-bd26-652da6142363,Levi Ashcroft,Brisbane Lions,Hawthorn Hawks,4ca8c0d1-8b71-4911-9a0a-b4772d6bd21c,0.5,2.85,NA,Neds
Hawthorn Hawks v Brisbane Lions,df33de65-320c-45fb-9b3b-7bbe4a2cf2d3,Hawthorn Hawks,Brisbane Lions,Player Goals,5aaec28a-154b-4627-bd26-652da6142363,Jack Ginnivan,Hawthorn Hawks,Brisbane Lions,afa985be-9b6b-4601-93cf-2d4ba10c5a88,0.5,1.53,NA,Neds
Hawthorn Hawks v Brisbane Lions,df33de65-320c-45fb-9b3b-7bbe4a2cf2d3,Hawthorn Hawks,Brisbane Lions,Player Goals,7d4e106a-bfad-42d5-b232-d9ca4932b70c,Zac Bailey,Brisbane Lions,Hawthorn Hawks,ba0d1937-7d6e-474e-8e10-fbc7a982feaa,1.5,2.35,NA,Neds
Hawthorn Hawks v Brisbane Lions,df33de65-320c-45fb-9b3b-7bbe4a2cf2d3,Hawthorn Hawks,Brisbane Lions,Player Goals,7d4e106a-bfad-42d5-b232-d9ca4932b70c,Mabior Chol,Hawthorn Hawks,Brisbane Lions,f7261c25-cec6-4f7e-a926-d9f0a153124f,1.5,2.25,NA,Neds
Hawthorn Hawks v Brisbane Lions,df33de65-320c-45fb-9b3b-7bbe4a2cf2d3,Hawthorn Hawks,Brisbane Lions,Player Goals,7d4e106a-bfad-42d5-b232-d9ca4932b70c,Mitch Lewis,Hawthorn Hawks,Brisbane Lions,502763b6-3bd8-4bda-b839-4bef98b37e14,1.5,2.02,NA,Neds
Hawthorn Hawks v Brisbane Lions,df33de65-320c-45fb-9b3b-7bbe4a2cf2d3,Hawthorn Hawks,Brisbane Lions,Player Goals,7d4e106a-bfad-42d5-b232-d9ca4932b70c,Jack Gunston,Hawthorn Hawks,Brisbane Lions,16d0b670-3350-455f-8b4a-73ab415e1e50,1.5,1.28,NA,Neds
Hawthorn Hawks v Brisbane Lions,df33de65-320c-45fb-9b3b-7bbe4a2cf2d3,Hawthorn Hawks,Brisbane Lions,Player Goals,7d4e106a-bfad-42d5-b232-d9ca4932b70c,Connor Macdonald,Hawthorn Hawks,Brisbane Lions,fc3dc872-93f9-4bca-a9f4-8f9ec6f37588,1.5,7.5,NA,Neds
Hawthorn Hawks v Brisbane Lions,df33de65-320c-45fb-9b3b-7bbe4a2cf2d3,Hawthorn Hawks,Brisbane Lions,Player Goals,7d4e106a-bfad-42d5-b232-d9ca4932b70c,Will Day,Hawthorn Hawks,Brisbane Lions,9a6fc17c-ada0-420c-a7f8-0894dd472584,1.5,15,NA,Neds
Hawthorn Hawks v Brisbane Lions,df33de65-320c-45fb-9b3b-7bbe4a2cf2d3,Hawthorn Hawks,Brisbane Lions,Player Goals,7d4e106a-bfad-42d5-b232-d9ca4932b70c,Nick Watson,Hawthorn Hawks,Brisbane Lions,1322f037-e7f3-4ed5-94f8-3fe29440de73,1.5,1.28,NA,Neds
Hawthorn Hawks v Brisbane Lions,df33de65-320c-45fb-9b3b-7bbe4a2cf2d3,Hawthorn Hawks,Brisbane Lions,Player Goals,7d4e106a-bfad-42d5-b232-d9ca4932b70c,Charlie Cameron,Brisbane Lions,Hawthorn Hawks,c9ad8b43-e6ed-4626-ab86-c38ce6c4fd6a,1.5,1.5,NA,Neds
Hawthorn Hawks v Brisbane Lions,df33de65-320c-45fb-9b3b-7bbe4a2cf2d3,Hawthorn Hawks,Brisbane Lions,Player Goals,7d4e106a-bfad-42d5-b232-d9ca4932b70c,Levi Ashcroft,Brisbane Lions,Hawthorn Hawks,482aa5c3-69a5-4066-a116-6b305f960206,1.5,14,NA,Neds
Hawthorn Hawks v Brisbane Lions,df33de65-320c-45fb-9b3b-7bbe4a2cf2d3,Hawthorn Hawks,Brisbane Lions,Player Goals,7d4e106a-bfad-42d5-b232-d9ca4932b70c,Sam Draper,Brisbane Lions,Hawthorn Hawks,0f9ad008-e20c-4c88-af41-3e01bb690ca0,1.5,7.75,NA,Neds
Hawthorn Hawks v Brisbane Lions,df33de65-320c-45fb-9b3b-7bbe4a2cf2d3,Hawthorn Hawks,Brisbane Lions,Player Goals,7d4e106a-bfad-42d5-b232-d9ca4932b70c,Max Beattie,Hawthorn Hawks,Brisbane Lions,88735069-02b9-4a71-98a8-a893ad2a213b,1.5,14,NA,Neds
Hawthorn Hawks v Brisbane Lions,df33de65-320c-45fb-9b3b-7bbe4a2cf2d3,Hawthorn Hawks,Brisbane Lions,Player Goals,7d4e106a-bfad-42d5-b232-d9ca4932b70c,Oscar Allen,Brisbane Lions,Hawthorn Hawks,64f5a322-a946-4c9c-951a-ded2b8c1cd07,1.5,2.02,NA,Neds
Hawthorn Hawks v Brisbane Lions,df33de65-320c-45fb-9b3b-7bbe4a2cf2d3,Hawthorn Hawks,Brisbane Lions,Player Goals,7d4e106a-bfad-42d5-b232-d9ca4932b70c,Logan Morris,Brisbane Lions,Hawthorn Hawks,b60e5990-6494-4f35-8f29-1c3da5e62987,1.5,1.5,NA,Neds
Hawthorn Hawks v Brisbane Lions,df33de65-320c-45fb-9b3b-7bbe4a2cf2d3,Hawthorn Hawks,Brisbane Lions,Player Goals,7d4e106a-bfad-42d5-b232-d9ca4932b70c,Kai Lohmann,Brisbane Lions,Hawthorn Hawks,b82d7565-2acb-4dab-9b49-cb874721ee47,1.5,1.96,NA,Neds
Hawthorn Hawks v Brisbane Lions,df33de65-320c-45fb-9b3b-7bbe4a2cf2d3,Hawthorn Hawks,Brisbane Lions,Player Goals,7d4e106a-bfad-42d5-b232-d9ca4932b70c,Cam Rayner,Brisbane Lions,Hawthorn Hawks,285cc7ba-8ec3-4268-bfde-7f29aaec107c,1.5,3.1,NA,Neds
Hawthorn Hawks v Brisbane Lions,df33de65-320c-45fb-9b3b-7bbe4a2cf2d3,Hawthorn Hawks,Brisbane Lions,Player Goals,7d4e106a-bfad-42d5-b232-d9ca4932b70c,Dylan Moore,Hawthorn Hawks,Brisbane Lions,d7920295-c06e-4daf-847d-c3e7f295c5e1,1.5,2.85,NA,Neds
Hawthorn Hawks v Brisbane Lions,df33de65-320c-45fb-9b3b-7bbe4a2cf2d3,Hawthorn Hawks,Brisbane Lions,Player Goals,7d4e106a-bfad-42d5-b232-d9ca4932b70c,Conor McKenna,Brisbane Lions,Hawthorn Hawks,6ce4d0c2-66a5-426e-9f9d-8bfad8435488,1.5,5,NA,Neds
Hawthorn Hawks v Brisbane Lions,df33de65-320c-45fb-9b3b-7bbe4a2cf2d3,Hawthorn Hawks,Brisbane Lions,Player Goals,7d4e106a-bfad-42d5-b232-d9ca4932b70c,Jack Ginnivan,Hawthorn Hawks,Brisbane Lions,572655bc-50b4-4227-ad1d-db851530d31a,1.5,3.5,NA,Neds
Hawthorn Hawks v Brisbane Lions,df33de65-320c-45fb-9b3b-7bbe4a2cf2d3,Hawthorn Hawks,Brisbane Lions,Player Goals,7d4e106a-bfad-42d5-b232-d9ca4932b70c,Hugh McCluggage,Brisbane Lions,Hawthorn Hawks,f58d853b-aa58-45a0-9654-e390bd8ed55e,1.5,9.5,NA,Neds
Hawthorn Hawks v Brisbane Lions,df33de65-320c-45fb-9b3b-7bbe4a2cf2d3,Hawthorn Hawks,Brisbane Lions,Player Goals,7d4e106a-bfad-42d5-b232-d9ca4932b70c,Eric Hipwood,Brisbane Lions,Hawthorn Hawks,e40a56a8-7acd-44e0-8e99-87da2ddf3211,1.5,2.35,NA,Neds
Sydney Swans v Fremantle Dockers,2c7c3a58-4be3-46a7-81dd-e2d07fa6a130,Sydney Swans,Fremantle Dockers,Player Goals,916be530-d2cb-4bab-82a2-04e858d5cffa,Andrew Brayshaw,Fremantle Dockers,Sydney Swans,d520a49e-2bac-417a-8312-4670e6fe5a09,1.5,11.5,NA,Neds
Sydney Swans v Fremantle Dockers,2c7c3a58-4be3-46a7-81dd-e2d07fa6a130,Sydney Swans,Fremantle Dockers,Player Goals,916be530-d2cb-4bab-82a2-04e858d5cffa,Justin McInerney,Sydney Swans,Fremantle Dockers,75a88523-9f89-4609-953e-ff28935f39ec,1.5,8.25,NA,Neds
Sydney Swans v Fremantle Dockers,2c7c3a58-4be3-46a7-81dd-e2d07fa6a130,Sydney Swans,Fremantle Dockers,Player Goals,916be530-d2cb-4bab-82a2-04e858d5cffa,Jye Amiss,Fremantle Dockers,Sydney Swans,a07b7bf2-c312-400b-bca5-e199bb83085e,1.5,1.42,NA,Neds
Sydney Swans v Fremantle Dockers,2c7c3a58-4be3-46a7-81dd-e2d07fa6a130,Sydney Swans,Fremantle Dockers,Player Goals,916be530-d2cb-4bab-82a2-04e858d5cffa,Braeden Campbell,Sydney Swans,Fremantle Dockers,44d9bc81-0ca3-4361-aba6-300db9ace97e,1.5,7,NA,Neds
Sydney Swans v Fremantle Dockers,2c7c3a58-4be3-46a7-81dd-e2d07fa6a130,Sydney Swans,Fremantle Dockers,Player Goals,916be530-d2cb-4bab-82a2-04e858d5cffa,Hayden McLean,Sydney Swans,Fremantle Dockers,5bcaa790-c30c-4b18-b698-0400e30a4fa6,1.5,2.2,NA,Neds
Sydney Swans v Fremantle Dockers,2c7c3a58-4be3-46a7-81dd-e2d07fa6a130,Sydney Swans,Fremantle Dockers,Player Goals,916be530-d2cb-4bab-82a2-04e858d5cffa,James Rowbottom,Sydney Swans,Fremantle Dockers,c80cb703-117d-4ee4-b09c-bcba1bc3811f,1.5,15,NA,Neds
Sydney Swans v Fremantle Dockers,2c7c3a58-4be3-46a7-81dd-e2d07fa6a130,Sydney Swans,Fremantle Dockers,Player Goals,916be530-d2cb-4bab-82a2-04e858d5cffa,Hayden Young,Fremantle Dockers,Sydney Swans,95cd12be-2be9-4527-a26d-2413accbed0f,1.5,7,NA,Neds
Sydney Swans v Fremantle Dockers,2c7c3a58-4be3-46a7-81dd-e2d07fa6a130,Sydney Swans,Fremantle Dockers,Player Goals,916be530-d2cb-4bab-82a2-04e858d5cffa,Errol Gulden,Sydney Swans,Fremantle Dockers,653f74d3-b023-47fe-bd19-ff0ad46e5d07,1.5,11.5,NA,Neds
Sydney Swans v Fremantle Dockers,2c7c3a58-4be3-46a7-81dd-e2d07fa6a130,Sydney Swans,Fremantle Dockers,Player Goals,916be530-d2cb-4bab-82a2-04e858d5cffa,Tom Hanily,Sydney Swans,Fremantle Dockers,2c7d9d75-cab8-4530-a5f8-9b0f64ae0ea9,1.5,8.25,NA,Neds
Sydney Swans v Fremantle Dockers,2c7c3a58-4be3-46a7-81dd-e2d07fa6a130,Sydney Swans,Fremantle Dockers,Player Goals,916be530-d2cb-4bab-82a2-04e858d5cffa,Patrick Voss,Fremantle Dockers,Sydney Swans,e4398b85-23cc-42d3-a113-06ec96f13702,1.5,1.62,NA,Neds
Sydney Swans v Fremantle Dockers,2c7c3a58-4be3-46a7-81dd-e2d07fa6a130,Sydney Swans,Fremantle Dockers,Player Goals,916be530-d2cb-4bab-82a2-04e858d5cffa,Charlie Curnow,Sydney Swans,Fremantle Dockers,547e7d56-fcc4-4f0c-9fff-de88b0d0dc43,1.5,1.35,NA,Neds
Sydney Swans v Fremantle Dockers,2c7c3a58-4be3-46a7-81dd-e2d07fa6a130,Sydney Swans,Fremantle Dockers,Player Goals,916be530-d2cb-4bab-82a2-04e858d5cffa,Josh Treacy,Fremantle Dockers,Sydney Swans,8635ecc8-69f9-4990-a982-e9984505116a,1.5,1.38,NA,Neds
Sydney Swans v Fremantle Dockers,2c7c3a58-4be3-46a7-81dd-e2d07fa6a130,Sydney Swans,Fremantle Dockers,Player Goals,916be530-d2cb-4bab-82a2-04e858d5cffa,Murphy Reid,Fremantle Dockers,Sydney Swans,bf3ca0ba-fe00-4825-9726-03142ab638b1,1.5,5.8,NA,Neds
Sydney Swans v Fremantle Dockers,2c7c3a58-4be3-46a7-81dd-e2d07fa6a130,Sydney Swans,Fremantle Dockers,Player Goals,916be530-d2cb-4bab-82a2-04e858d5cffa,Tom Papley,Sydney Swans,Fremantle Dockers,22082859-be76-4a4d-8fcd-80fce4f57a86,1.5,1.7,NA,Neds
Sydney Swans v Fremantle Dockers,2c7c3a58-4be3-46a7-81dd-e2d07fa6a130,Sydney Swans,Fremantle Dockers,Player Goals,916be530-d2cb-4bab-82a2-04e858d5cffa,Billy Cootee,Sydney Swans,Fremantle Dockers,f7333144-7daa-4a28-a158-fe9115c943df,1.5,4.6,NA,Neds
Sydney Swans v Fremantle Dockers,2c7c3a58-4be3-46a7-81dd-e2d07fa6a130,Sydney Swans,Fremantle Dockers,Player Goals,916be530-d2cb-4bab-82a2-04e858d5cffa,Logan McDonald,Sydney Swans,Fremantle Dockers,d9e4aaff-a044-49a6-90cc-d3f03313d9a6,1.5,1.58,NA,Neds
Sydney Swans v Fremantle Dockers,2c7c3a58-4be3-46a7-81dd-e2d07fa6a130,Sydney Swans,Fremantle Dockers,Player Goals,916be530-d2cb-4bab-82a2-04e858d5cffa,Luke Jackson,Fremantle Dockers,Sydney Swans,acf2d46c-2cf1-49e1-99c4-de10dd492416,1.5,2.25,NA,Neds
Sydney Swans v Fremantle Dockers,2c7c3a58-4be3-46a7-81dd-e2d07fa6a130,Sydney Swans,Fremantle Dockers,Player Goals,916be530-d2cb-4bab-82a2-04e858d5cffa,Jesse Dattoli,Sydney Swans,Fremantle Dockers,1d8bb23f-15a6-4562-8e66-54fc2f6f5523,1.5,6.2,NA,Neds
Sydney Swans v Fremantle Dockers,2c7c3a58-4be3-46a7-81dd-e2d07fa6a130,Sydney Swans,Fremantle Dockers,Player Goals,916be530-d2cb-4bab-82a2-04e858d5cffa,Shai Bolton,Fremantle Dockers,Sydney Swans,3fe11630-c7dc-4c6e-b867-4a33cb2d739a,1.5,3.5,NA,Neds
Sydney Swans v Fremantle Dockers,2c7c3a58-4be3-46a7-81dd-e2d07fa6a130,Sydney Swans,Fremantle Dockers,Player Goals,916be530-d2cb-4bab-82a2-04e858d5cffa,Sam Switkowski,Fremantle Dockers,Sydney Swans,cb55cb80-5dbc-4dd9-881d-d1739bb19aa0,1.5,7,NA,Neds
Sydney Swans v Fremantle Dockers,2c7c3a58-4be3-46a7-81dd-e2d07fa6a130,Sydney Swans,Fremantle Dockers,Player Goals,916be530-d2cb-4bab-82a2-04e858d5cffa,Isaiah Dudley,Fremantle Dockers,Sydney Swans,fd0ef2c1-036c-4996-9054-b9d7efbf3e5b,1.5,2.7,NA,Neds
Sydney Swans v Fremantle Dockers,2c7c3a58-4be3-46a7-81dd-e2d07fa6a130,Sydney Swans,Fremantle Dockers,Player Goals,916be530-d2cb-4bab-82a2-04e858d5cffa,Michael Frederick,Fremantle Dockers,Sydney Swans,68ef2a91-5b08-4020-98a9-2d729b375f47,1.5,3,NA,Neds
Sydney Swans v Fremantle Dockers,2c7c3a58-4be3-46a7-81dd-e2d07fa6a130,Sydney Swans,Fremantle Dockers,Player Goals,923a5896-76bb-460a-a141-a021afa47228,Josh Treacy,Fremantle Dockers,Sydney Swans,195aca78-1d86-4ed7-8503-2af31d63a218,6.5,67,NA,Neds
Sydney Swans v Fremantle Dockers,2c7c3a58-4be3-46a7-81dd-e2d07fa6a130,Sydney Swans,Fremantle Dockers,Player Goals,923a5896-76bb-460a-a141-a021afa47228,Jye Amiss,Fremantle Dockers,Sydney Swans,363a07fc-37f8-4e54-bf70-4e66dbca22b7,6.5,67,NA,Neds
Sydney Swans v Fremantle Dockers,2c7c3a58-4be3-46a7-81dd-e2d07fa6a130,Sydney Swans,Fremantle Dockers,Player Goals,923a5896-76bb-460a-a141-a021afa47228,Charlie Curnow,Sydney Swans,Fremantle Dockers,05dcb93f-2d45-4239-bed3-05bfa671ba59,6.5,51,NA,Neds
Sydney Swans v Fremantle Dockers,2c7c3a58-4be3-46a7-81dd-e2d07fa6a130,Sydney Swans,Fremantle Dockers,Player Goals,9a1408c5-4a21-42f5-b2fe-baffd47d241c,Patrick Voss,Fremantle Dockers,Sydney Swans,da1ba620-42ad-4aeb-a4c2-e5d163b7994a,5.5,41,NA,Neds
Sydney Swans v Fremantle Dockers,2c7c3a58-4be3-46a7-81dd-e2d07fa6a130,Sydney Swans,Fremantle Dockers,Player Goals,9a1408c5-4a21-42f5-b2fe-baffd47d241c,Josh Treacy,Fremantle Dockers,Sydney Swans,bd372af3-0f5d-4482-9f66-aef3ddfdd2b4,5.5,21,NA,Neds
Sydney Swans v Fremantle Dockers,2c7c3a58-4be3-46a7-81dd-e2d07fa6a130,Sydney Swans,Fremantle Dockers,Player Goals,9a1408c5-4a21-42f5-b2fe-baffd47d241c,Jye Amiss,Fremantle Dockers,Sydney Swans,0e779ddb-4cdd-452f-81e7-6b8dd02c843a,5.5,23,NA,Neds
Sydney Swans v Fremantle Dockers,2c7c3a58-4be3-46a7-81dd-e2d07fa6a130,Sydney Swans,Fremantle Dockers,Player Goals,9a1408c5-4a21-42f5-b2fe-baffd47d241c,Charlie Curnow,Sydney Swans,Fremantle Dockers,86450531-6256-487e-a682-27c6d3422667,5.5,17,NA,Neds
Sydney Swans v Fremantle Dockers,2c7c3a58-4be3-46a7-81dd-e2d07fa6a130,Sydney Swans,Fremantle Dockers,Player Goals,9a1408c5-4a21-42f5-b2fe-baffd47d241c,Tom Papley,Sydney Swans,Fremantle Dockers,206da242-8113-4c28-ba09-9a3ead8b88d6,5.5,51,NA,Neds
Sydney Swans v Fremantle Dockers,2c7c3a58-4be3-46a7-81dd-e2d07fa6a130,Sydney Swans,Fremantle Dockers,Player Goals,9a1408c5-4a21-42f5-b2fe-baffd47d241c,Logan McDonald,Sydney Swans,Fremantle Dockers,6d6b6d18-a83c-434e-95f7-92a5db398ad2,5.5,41,NA,Neds
Hawthorn Hawks v Brisbane Lions,df33de65-320c-45fb-9b3b-7bbe4a2cf2d3,Hawthorn Hawks,Brisbane Lions,Player Goals,9a56f4a8-f0f8-457f-914b-154e107fac42,Kai Lohmann,Brisbane Lions,Hawthorn Hawks,28c7df2f-76fe-48b8-9156-ee3af4fe69da,4.5,29,NA,Neds
Hawthorn Hawks v Brisbane Lions,df33de65-320c-45fb-9b3b-7bbe4a2cf2d3,Hawthorn Hawks,Brisbane Lions,Player Goals,9a56f4a8-f0f8-457f-914b-154e107fac42,Nick Watson,Hawthorn Hawks,Brisbane Lions,8da05441-03d6-42dd-8385-7bdced1810e1,4.5,6.6,NA,Neds
Hawthorn Hawks v Brisbane Lions,df33de65-320c-45fb-9b3b-7bbe4a2cf2d3,Hawthorn Hawks,Brisbane Lions,Player Goals,9a56f4a8-f0f8-457f-914b-154e107fac42,Jack Gunston,Hawthorn Hawks,Brisbane Lions,867c8ea2-ac4d-4753-b85e-7e2a275284e9,4.5,6.25,NA,Neds
Hawthorn Hawks v Brisbane Lions,df33de65-320c-45fb-9b3b-7bbe4a2cf2d3,Hawthorn Hawks,Brisbane Lions,Player Goals,9a56f4a8-f0f8-457f-914b-154e107fac42,Charlie Cameron,Brisbane Lions,Hawthorn Hawks,e789aeb2-ef39-496b-8c14-74476d317d62,4.5,11.5,NA,Neds
Hawthorn Hawks v Brisbane Lions,df33de65-320c-45fb-9b3b-7bbe4a2cf2d3,Hawthorn Hawks,Brisbane Lions,Player Goals,9a56f4a8-f0f8-457f-914b-154e107fac42,Logan Morris,Brisbane Lions,Hawthorn Hawks,7ae2c53a-6789-47b9-96ee-3c87f6764f49,4.5,11.5,NA,Neds
Hawthorn Hawks v Brisbane Lions,df33de65-320c-45fb-9b3b-7bbe4a2cf2d3,Hawthorn Hawks,Brisbane Lions,Player Goals,9b6a3b86-91c5-4080-8d87-74df5b0aa86d,Jack Gunston,Hawthorn Hawks,Brisbane Lions,5b588d3c-8fa7-4042-b2a5-c5091c764b58,6.5,34,NA,Neds
Hawthorn Hawks v Brisbane Lions,df33de65-320c-45fb-9b3b-7bbe4a2cf2d3,Hawthorn Hawks,Brisbane Lions,Player Goals,9b6a3b86-91c5-4080-8d87-74df5b0aa86d,Nick Watson,Hawthorn Hawks,Brisbane Lions,c77789e8-db39-4ea4-b7d8-c3b32a74b3e0,6.5,34,NA,Neds
Hawthorn Hawks v Brisbane Lions,df33de65-320c-45fb-9b3b-7bbe4a2cf2d3,Hawthorn Hawks,Brisbane Lions,Player Goals,a021d5fb-f7c9-47fa-a779-b8b7a02fdcd1,Jack Ginnivan,Hawthorn Hawks,Brisbane Lions,3cb6a0bf-bcb2-43fa-bfe1-7a893211301d,2.5,10.5,NA,Neds
Hawthorn Hawks v Brisbane Lions,df33de65-320c-45fb-9b3b-7bbe4a2cf2d3,Hawthorn Hawks,Brisbane Lions,Player Goals,a021d5fb-f7c9-47fa-a779-b8b7a02fdcd1,Cam Rayner,Brisbane Lions,Hawthorn Hawks,75c571a3-692f-4cff-b77a-cad4db3eb526,2.5,8.5,NA,Neds
Hawthorn Hawks v Brisbane Lions,df33de65-320c-45fb-9b3b-7bbe4a2cf2d3,Hawthorn Hawks,Brisbane Lions,Player Goals,a021d5fb-f7c9-47fa-a779-b8b7a02fdcd1,Jack Gunston,Hawthorn Hawks,Brisbane Lions,82dcf8e4-1dfe-499e-82a4-d50bbab2443a,2.5,1.88,NA,Neds
Hawthorn Hawks v Brisbane Lions,df33de65-320c-45fb-9b3b-7bbe4a2cf2d3,Hawthorn Hawks,Brisbane Lions,Player Goals,a021d5fb-f7c9-47fa-a779-b8b7a02fdcd1,Logan Morris,Brisbane Lions,Hawthorn Hawks,3dc6acf0-ee5c-40aa-bad4-ccb388f08ffc,2.5,2.5,NA,Neds
Hawthorn Hawks v Brisbane Lions,df33de65-320c-45fb-9b3b-7bbe4a2cf2d3,Hawthorn Hawks,Brisbane Lions,Player Goals,a021d5fb-f7c9-47fa-a779-b8b7a02fdcd1,Mitch Lewis,Hawthorn Hawks,Brisbane Lions,967c4e9b-08d2-4a31-912c-938ef0846498,2.5,4.25,NA,Neds
Hawthorn Hawks v Brisbane Lions,df33de65-320c-45fb-9b3b-7bbe4a2cf2d3,Hawthorn Hawks,Brisbane Lions,Player Goals,a021d5fb-f7c9-47fa-a779-b8b7a02fdcd1,Conor McKenna,Brisbane Lions,Hawthorn Hawks,39a2e09c-86f6-45be-84c6-02d5c39c1113,2.5,19,NA,Neds
Hawthorn Hawks v Brisbane Lions,df33de65-320c-45fb-9b3b-7bbe4a2cf2d3,Hawthorn Hawks,Brisbane Lions,Player Goals,a021d5fb-f7c9-47fa-a779-b8b7a02fdcd1,Mabior Chol,Hawthorn Hawks,Brisbane Lions,1897de68-34de-4157-bd88-bf967f4e9a12,2.5,5,NA,Neds
Hawthorn Hawks v Brisbane Lions,df33de65-320c-45fb-9b3b-7bbe4a2cf2d3,Hawthorn Hawks,Brisbane Lions,Player Goals,a021d5fb-f7c9-47fa-a779-b8b7a02fdcd1,Charlie Cameron,Brisbane Lions,Hawthorn Hawks,f3864401-3df0-48c6-aae9-05a2e0501a3d,2.5,2.5,NA,Neds
Hawthorn Hawks v Brisbane Lions,df33de65-320c-45fb-9b3b-7bbe4a2cf2d3,Hawthorn Hawks,Brisbane Lions,Player Goals,a021d5fb-f7c9-47fa-a779-b8b7a02fdcd1,Zac Bailey,Brisbane Lions,Hawthorn Hawks,2028a311-0959-4806-b13b-f7ac17c6a0f0,2.5,5.5,NA,Neds
Hawthorn Hawks v Brisbane Lions,df33de65-320c-45fb-9b3b-7bbe4a2cf2d3,Hawthorn Hawks,Brisbane Lions,Player Goals,a021d5fb-f7c9-47fa-a779-b8b7a02fdcd1,Nick Watson,Hawthorn Hawks,Brisbane Lions,42f8631c-67be-4cae-a3cd-c844a83efe78,2.5,1.92,NA,Neds
Hawthorn Hawks v Brisbane Lions,df33de65-320c-45fb-9b3b-7bbe4a2cf2d3,Hawthorn Hawks,Brisbane Lions,Player Goals,a021d5fb-f7c9-47fa-a779-b8b7a02fdcd1,Kai Lohmann,Brisbane Lions,Hawthorn Hawks,62481c0d-74a2-441f-bbad-43950cbcea43,2.5,4,NA,Neds
Hawthorn Hawks v Brisbane Lions,df33de65-320c-45fb-9b3b-7bbe4a2cf2d3,Hawthorn Hawks,Brisbane Lions,Player Goals,a021d5fb-f7c9-47fa-a779-b8b7a02fdcd1,Dylan Moore,Hawthorn Hawks,Brisbane Lions,0d1b30e8-3750-49b9-b7ff-f3ed851009e4,2.5,7.5,NA,Neds
Hawthorn Hawks v Brisbane Lions,df33de65-320c-45fb-9b3b-7bbe4a2cf2d3,Hawthorn Hawks,Brisbane Lions,Player Goals,a021d5fb-f7c9-47fa-a779-b8b7a02fdcd1,Oscar Allen,Brisbane Lions,Hawthorn Hawks,15f2518f-fda3-467e-be3d-f62210c52cfe,2.5,4.25,NA,Neds
Hawthorn Hawks v Brisbane Lions,df33de65-320c-45fb-9b3b-7bbe4a2cf2d3,Hawthorn Hawks,Brisbane Lions,Player Goals,a021d5fb-f7c9-47fa-a779-b8b7a02fdcd1,Eric Hipwood,Brisbane Lions,Hawthorn Hawks,4d2dca95-b469-43c3-b550-27ce902c6562,2.5,5.5,NA,Neds
Hawthorn Hawks v Brisbane Lions,df33de65-320c-45fb-9b3b-7bbe4a2cf2d3,Hawthorn Hawks,Brisbane Lions,Player Goals,c088f422-f72d-4044-ba75-b3fcadab24b6,Charlie Cameron,Brisbane Lions,Hawthorn Hawks,d26f3101-6ae6-452e-8316-b65fad64109d,5.5,29,NA,Neds
Hawthorn Hawks v Brisbane Lions,df33de65-320c-45fb-9b3b-7bbe4a2cf2d3,Hawthorn Hawks,Brisbane Lions,Player Goals,c088f422-f72d-4044-ba75-b3fcadab24b6,Logan Morris,Brisbane Lions,Hawthorn Hawks,bfa8dd1c-926f-40df-a3ae-574a77f675ba,5.5,29,NA,Neds
Hawthorn Hawks v Brisbane Lions,df33de65-320c-45fb-9b3b-7bbe4a2cf2d3,Hawthorn Hawks,Brisbane Lions,Player Goals,c088f422-f72d-4044-ba75-b3fcadab24b6,Jack Gunston,Hawthorn Hawks,Brisbane Lions,5c074738-277f-41b6-a6db-44ef3df8457c,5.5,14,NA,Neds
Hawthorn Hawks v Brisbane Lions,df33de65-320c-45fb-9b3b-7bbe4a2cf2d3,Hawthorn Hawks,Brisbane Lions,Player Goals,c088f422-f72d-4044-ba75-b3fcadab24b6,Nick Watson,Hawthorn Hawks,Brisbane Lions,600efbd0-09d2-4ab3-9b04-dbb24ed1c061,5.5,14,NA,Neds
Sydney Swans v Fremantle Dockers,2c7c3a58-4be3-46a7-81dd-e2d07fa6a130,Sydney Swans,Fremantle Dockers,Player Goals,d406db12-c40d-44c6-aefe-221cfca45b4b,Charlie Curnow,Sydney Swans,Fremantle Dockers,798e3bbf-7411-499c-8942-3e35a4d5b1e8,3.5,3.75,NA,Neds
Sydney Swans v Fremantle Dockers,2c7c3a58-4be3-46a7-81dd-e2d07fa6a130,Sydney Swans,Fremantle Dockers,Player Goals,d406db12-c40d-44c6-aefe-221cfca45b4b,Michael Frederick,Fremantle Dockers,Sydney Swans,e3cfd3e7-9818-40ae-8018-9401478e9183,3.5,29,NA,Neds
Sydney Swans v Fremantle Dockers,2c7c3a58-4be3-46a7-81dd-e2d07fa6a130,Sydney Swans,Fremantle Dockers,Player Goals,d406db12-c40d-44c6-aefe-221cfca45b4b,Tom Papley,Sydney Swans,Fremantle Dockers,20592244-f840-475d-839b-8c879186b6e3,3.5,7,NA,Neds
Sydney Swans v Fremantle Dockers,2c7c3a58-4be3-46a7-81dd-e2d07fa6a130,Sydney Swans,Fremantle Dockers,Player Goals,d406db12-c40d-44c6-aefe-221cfca45b4b,Isaiah Dudley,Fremantle Dockers,Sydney Swans,1a96ac01-7a55-409b-bf07-0bbf5088e67f,3.5,21,NA,Neds
Sydney Swans v Fremantle Dockers,2c7c3a58-4be3-46a7-81dd-e2d07fa6a130,Sydney Swans,Fremantle Dockers,Player Goals,d406db12-c40d-44c6-aefe-221cfca45b4b,Luke Jackson,Fremantle Dockers,Sydney Swans,14d04f63-5b99-40c5-9e7a-b36df339dfd3,3.5,14,NA,Neds
Sydney Swans v Fremantle Dockers,2c7c3a58-4be3-46a7-81dd-e2d07fa6a130,Sydney Swans,Fremantle Dockers,Player Goals,d406db12-c40d-44c6-aefe-221cfca45b4b,Patrick Voss,Fremantle Dockers,Sydney Swans,cb0a86cb-9346-424d-b4e2-5cb576419c6f,3.5,6.2,NA,Neds
Sydney Swans v Fremantle Dockers,2c7c3a58-4be3-46a7-81dd-e2d07fa6a130,Sydney Swans,Fremantle Dockers,Player Goals,d406db12-c40d-44c6-aefe-221cfca45b4b,Logan McDonald,Sydney Swans,Fremantle Dockers,9b777ec0-8888-4ba1-993d-136fa366642b,3.5,5.8,NA,Neds
Sydney Swans v Fremantle Dockers,2c7c3a58-4be3-46a7-81dd-e2d07fa6a130,Sydney Swans,Fremantle Dockers,Player Goals,d406db12-c40d-44c6-aefe-221cfca45b4b,Josh Treacy,Fremantle Dockers,Sydney Swans,ac5fd91b-f18a-4678-808d-4e98c81210eb,3.5,4.1,NA,Neds
Sydney Swans v Fremantle Dockers,2c7c3a58-4be3-46a7-81dd-e2d07fa6a130,Sydney Swans,Fremantle Dockers,Player Goals,d406db12-c40d-44c6-aefe-221cfca45b4b,Jye Amiss,Fremantle Dockers,Sydney Swans,69e13e36-8209-409d-9338-61592a2a32f3,3.5,4.25,NA,Neds
Sydney Swans v Fremantle Dockers,2c7c3a58-4be3-46a7-81dd-e2d07fa6a130,Sydney Swans,Fremantle Dockers,Player Goals,d406db12-c40d-44c6-aefe-221cfca45b4b,Hayden McLean,Sydney Swans,Fremantle Dockers,b11fd1d5-621d-4c06-a236-b8409a076186,3.5,13,NA,Neds
Sydney Swans v Fremantle Dockers,2c7c3a58-4be3-46a7-81dd-e2d07fa6a130,Sydney Swans,Fremantle Dockers,Player Goals,f302dbe0-7b3b-4949-aab8-47566d72e3c5,Tom Papley,Sydney Swans,Fremantle Dockers,0d5e459d-3bb4-4e6c-a5b7-810566aced5f,4.5,19,NA,Neds
Sydney Swans v Fremantle Dockers,2c7c3a58-4be3-46a7-81dd-e2d07fa6a130,Sydney Swans,Fremantle Dockers,Player Goals,f302dbe0-7b3b-4949-aab8-47566d72e3c5,Patrick Voss,Fremantle Dockers,Sydney Swans,f30cefe1-2ca8-4864-8b91-56995619e8c8,4.5,15,NA,Neds
Sydney Swans v Fremantle Dockers,2c7c3a58-4be3-46a7-81dd-e2d07fa6a130,Sydney Swans,Fremantle Dockers,Player Goals,f302dbe0-7b3b-4949-aab8-47566d72e3c5,Logan McDonald,Sydney Swans,Fremantle Dockers,a80c75e6-4db9-422a-87cb-3735e303194c,4.5,14,NA,Neds
Sydney Swans v Fremantle Dockers,2c7c3a58-4be3-46a7-81dd-e2d07fa6a130,Sydney Swans,Fremantle Dockers,Player Goals,f302dbe0-7b3b-4949-aab8-47566d72e3c5,Jye Amiss,Fremantle Dockers,Sydney Swans,b3c86d30-4236-48a4-b3f9-f13f5e5f2693,4.5,9.25,NA,Neds
Sydney Swans v Fremantle Dockers,2c7c3a58-4be3-46a7-81dd-e2d07fa6a130,Sydney Swans,Fremantle Dockers,Player Goals,f302dbe0-7b3b-4949-aab8-47566d72e3c5,Josh Treacy,Fremantle Dockers,Sydney Swans,090a3b0e-aa4a-441a-9f82-ebb817a0091f,4.5,8.75,NA,Neds
Sydney Swans v Fremantle Dockers,2c7c3a58-4be3-46a7-81dd-e2d07fa6a130,Sydney Swans,Fremantle Dockers,Player Goals,f302dbe0-7b3b-4949-aab8-47566d72e3c5,Charlie Curnow,Sydney Swans,Fremantle Dockers,57225649-9bb1-4654-8ed2-9cf1d26b935a,4.5,7.75,NA,Neds
