match,start_time,market_name,home_team,home_line,home_win,away_team,away_line,away_win,margin,agency
Hawthorn Hawks v Collingwood Magpies,2025-08-07T09:30:00Z,Line,Hawthorn Hawks,7.5,1.9,Collingwood Magpies,-7.5,1.9,1.053,Pointsbet
Geelong Cats v Essendon Bombers,2025-08-08T09:40:00Z,Line,Geelong Cats,-67.5,1.9,Essendon Bombers,67.5,1.9,1.053,Pointsbet
Richmond Tigers v St Kilda Saints,2025-08-09T03:20:00Z,Line,Richmond Tigers,22.5,1.9,St Kilda Saints,-22.5,1.9,1.053,Pointsbet
Brisbane Lions v Sydney Swans,2025-08-09T06:15:00Z,Line,Brisbane Lions,-27.5,1.9,Sydney Swans,27.5,1.9,1.053,Pointsbet
Carlton v Gold Coast Suns,2025-08-09T09:35:00Z,Line,Carlton,29.5,1.9,Gold Coast Suns,-29.5,1.9,1.053,Pointsbet
Port Adelaide Power v Fremantle Dockers,2025-08-09T10:10:00Z,Line,Port Adelaide Power,28.5,1.87,Fremantle Dockers,-28.5,1.95,1.048,Pointsbet
GWS Giants v North Melbourne Kangaroos,2025-08-10T03:40:00Z,Line,GWS Giants,-47.5,1.9,North Melbourne Kangaroos,47.5,1.9,1.053,Pointsbet
Melbourne Demons v Western Bulldogs,2025-08-10T05:15:00Z,Line,Melbourne Demons,25.5,1.9,Western Bulldogs,-25.5,1.9,1.053,Pointsbet
West Coast Eagles v Adelaide Crows,2025-08-10T07:10:00Z,Line,West Coast Eagles,57.5,1.9,Adelaide Crows,-57.5,1.9,1.053,Pointsbet
