match,home_team,away_team,market_name,player_name,player_team,line,over_price,under_price,agency,opposition_team,EventKey,MarketKey,OutcomeKey,OutcomeKey_unders
Hawthorn Hawks v Brisbane Lions,Hawthorn Hawks,Brisbane Lions,Player Fantasy Points,Mitch Lewis,Hawthorn Hawks,49.5,1.2,NA,Pointsbet,Brisbane Lions,2886585,115261920,1,NA
Hawthorn Hawks v Brisbane Lions,Hawthorn Hawks,Brisbane Lions,Player Fantasy Points,Mitch Lewis,Hawthorn Hawks,59.5,1.5,NA,Pointsbet,Brisbane Lions,2886585,115261920,2,NA
Hawthorn Hawks v Brisbane Lions,Hawthorn Hawks,Brisbane Lions,Player Fantasy Points,Mitch Lewis,Hawthorn Hawks,69.5,2.1,NA,Pointsbet,Brisbane Lions,2886585,115261920,3,NA
Hawthorn Hawks v Brisbane Lions,Hawthorn Hawks,Brisbane Lions,Player Fantasy Points,Mitch Lewis,Hawthorn Hawks,79.5,3.4,NA,Pointsbet,Brisbane Lions,2886585,115261920,4,NA
Hawthorn Hawks v Brisbane Lions,Hawthorn Hawks,Brisbane Lions,Player Fantasy Points,Mitch Lewis,Hawthorn Hawks,89.5,6,NA,Pointsbet,Brisbane Lions,2886585,115261920,5,NA
Hawthorn Hawks v Brisbane Lions,Hawthorn Hawks,Brisbane Lions,Player Fantasy Points,Mitch Lewis,Hawthorn Hawks,99.5,12,NA,Pointsbet,Brisbane Lions,2886585,115261920,6,NA
Hawthorn Hawks v Brisbane Lions,Hawthorn Hawks,Brisbane Lions,Player Fantasy Points,Harry Morrison,Hawthorn Hawks,49.5,1.2,NA,Pointsbet,Brisbane Lions,2886585,115261920,9,NA
Hawthorn Hawks v Brisbane Lions,Hawthorn Hawks,Brisbane Lions,Player Fantasy Points,Harry Morrison,Hawthorn Hawks,59.5,1.48,NA,Pointsbet,Brisbane Lions,2886585,115261920,10,NA
Hawthorn Hawks v Brisbane Lions,Hawthorn Hawks,Brisbane Lions,Player Fantasy Points,Harry Morrison,Hawthorn Hawks,69.5,2,NA,Pointsbet,Brisbane Lions,2886585,115261920,11,NA
Hawthorn Hawks v Brisbane Lions,Hawthorn Hawks,Brisbane Lions,Player Fantasy Points,Harry Morrison,Hawthorn Hawks,79.5,3.1,NA,Pointsbet,Brisbane Lions,2886585,115261920,12,NA
Hawthorn Hawks v Brisbane Lions,Hawthorn Hawks,Brisbane Lions,Player Fantasy Points,Harry Morrison,Hawthorn Hawks,89.5,5.5,NA,Pointsbet,Brisbane Lions,2886585,115261920,13,NA
Hawthorn Hawks v Brisbane Lions,Hawthorn Hawks,Brisbane Lions,Player Fantasy Points,Harry Morrison,Hawthorn Hawks,99.5,11,NA,Pointsbet,Brisbane Lions,2886585,115261920,14,NA
Hawthorn Hawks v Brisbane Lions,Hawthorn Hawks,Brisbane Lions,Player Fantasy Points,Harry Morrison,Hawthorn Hawks,109.5,21,NA,Pointsbet,Brisbane Lions,2886585,115261920,15,NA
Hawthorn Hawks v Brisbane Lions,Hawthorn Hawks,Brisbane Lions,Player Fantasy Points,Lloyd Meek,Hawthorn Hawks,49.5,1.08,NA,Pointsbet,Brisbane Lions,2886585,115261920,17,NA
Hawthorn Hawks v Brisbane Lions,Hawthorn Hawks,Brisbane Lions,Player Fantasy Points,Lloyd Meek,Hawthorn Hawks,59.5,1.2,NA,Pointsbet,Brisbane Lions,2886585,115261920,18,NA
Hawthorn Hawks v Brisbane Lions,Hawthorn Hawks,Brisbane Lions,Player Fantasy Points,Lloyd Meek,Hawthorn Hawks,69.5,1.48,NA,Pointsbet,Brisbane Lions,2886585,115261920,19,NA
Hawthorn Hawks v Brisbane Lions,Hawthorn Hawks,Brisbane Lions,Player Fantasy Points,Lloyd Meek,Hawthorn Hawks,79.5,2,NA,Pointsbet,Brisbane Lions,2886585,115261920,20,NA
Hawthorn Hawks v Brisbane Lions,Hawthorn Hawks,Brisbane Lions,Player Fantasy Points,Lloyd Meek,Hawthorn Hawks,89.5,3.1,NA,Pointsbet,Brisbane Lions,2886585,115261920,21,NA
Hawthorn Hawks v Brisbane Lions,Hawthorn Hawks,Brisbane Lions,Player Fantasy Points,Lloyd Meek,Hawthorn Hawks,99.5,5.5,NA,Pointsbet,Brisbane Lions,2886585,115261920,22,NA
Hawthorn Hawks v Brisbane Lions,Hawthorn Hawks,Brisbane Lions,Player Fantasy Points,Lloyd Meek,Hawthorn Hawks,109.5,11,NA,Pointsbet,Brisbane Lions,2886585,115261920,23,NA
Hawthorn Hawks v Brisbane Lions,Hawthorn Hawks,Brisbane Lions,Player Fantasy Points,Lloyd Meek,Hawthorn Hawks,119.5,21,NA,Pointsbet,Brisbane Lions,2886585,115261920,24,NA
Hawthorn Hawks v Brisbane Lions,Hawthorn Hawks,Brisbane Lions,Player Fantasy Points,Massimo D'Ambrosio,Hawthorn Hawks,49.5,1.07,NA,Pointsbet,Brisbane Lions,2886585,115261920,25,NA
Hawthorn Hawks v Brisbane Lions,Hawthorn Hawks,Brisbane Lions,Player Fantasy Points,Massimo D'Ambrosio,Hawthorn Hawks,59.5,1.18,NA,Pointsbet,Brisbane Lions,2886585,115261920,26,NA
Hawthorn Hawks v Brisbane Lions,Hawthorn Hawks,Brisbane Lions,Player Fantasy Points,Massimo D'Ambrosio,Hawthorn Hawks,69.5,1.42,NA,Pointsbet,Brisbane Lions,2886585,115261920,27,NA
Hawthorn Hawks v Brisbane Lions,Hawthorn Hawks,Brisbane Lions,Player Fantasy Points,Massimo D'Ambrosio,Hawthorn Hawks,79.5,1.95,NA,Pointsbet,Brisbane Lions,2886585,115261920,28,NA
Hawthorn Hawks v Brisbane Lions,Hawthorn Hawks,Brisbane Lions,Player Fantasy Points,Massimo D'Ambrosio,Hawthorn Hawks,89.5,3,NA,Pointsbet,Brisbane Lions,2886585,115261920,29,NA
Hawthorn Hawks v Brisbane Lions,Hawthorn Hawks,Brisbane Lions,Player Fantasy Points,Massimo D'Ambrosio,Hawthorn Hawks,99.5,4.75,NA,Pointsbet,Brisbane Lions,2886585,115261920,30,NA
Hawthorn Hawks v Brisbane Lions,Hawthorn Hawks,Brisbane Lions,Player Fantasy Points,Massimo D'Ambrosio,Hawthorn Hawks,109.5,9.5,NA,Pointsbet,Brisbane Lions,2886585,115261920,31,NA
Hawthorn Hawks v Brisbane Lions,Hawthorn Hawks,Brisbane Lions,Player Fantasy Points,Massimo D'Ambrosio,Hawthorn Hawks,119.5,18,NA,Pointsbet,Brisbane Lions,2886585,115261920,32,NA
Hawthorn Hawks v Brisbane Lions,Hawthorn Hawks,Brisbane Lions,Player Fantasy Points,Dylan Moore,Hawthorn Hawks,49.5,1.08,NA,Pointsbet,Brisbane Lions,2886585,115261920,33,NA
Hawthorn Hawks v Brisbane Lions,Hawthorn Hawks,Brisbane Lions,Player Fantasy Points,Dylan Moore,Hawthorn Hawks,59.5,1.2,NA,Pointsbet,Brisbane Lions,2886585,115261920,34,NA
Hawthorn Hawks v Brisbane Lions,Hawthorn Hawks,Brisbane Lions,Player Fantasy Points,Dylan Moore,Hawthorn Hawks,69.5,1.5,NA,Pointsbet,Brisbane Lions,2886585,115261920,35,NA
Hawthorn Hawks v Brisbane Lions,Hawthorn Hawks,Brisbane Lions,Player Fantasy Points,Dylan Moore,Hawthorn Hawks,79.5,2.05,NA,Pointsbet,Brisbane Lions,2886585,115261920,36,NA
Hawthorn Hawks v Brisbane Lions,Hawthorn Hawks,Brisbane Lions,Player Fantasy Points,Dylan Moore,Hawthorn Hawks,89.5,3.2,NA,Pointsbet,Brisbane Lions,2886585,115261920,37,NA
Hawthorn Hawks v Brisbane Lions,Hawthorn Hawks,Brisbane Lions,Player Fantasy Points,Dylan Moore,Hawthorn Hawks,99.5,5.5,NA,Pointsbet,Brisbane Lions,2886585,115261920,38,NA
Hawthorn Hawks v Brisbane Lions,Hawthorn Hawks,Brisbane Lions,Player Fantasy Points,Dylan Moore,Hawthorn Hawks,109.5,11,NA,Pointsbet,Brisbane Lions,2886585,115261920,39,NA
Hawthorn Hawks v Brisbane Lions,Hawthorn Hawks,Brisbane Lions,Player Fantasy Points,Dylan Moore,Hawthorn Hawks,119.5,21,NA,Pointsbet,Brisbane Lions,2886585,115261920,40,NA
Hawthorn Hawks v Brisbane Lions,Hawthorn Hawks,Brisbane Lions,Player Fantasy Points,Will Day,Hawthorn Hawks,49.5,1.05,NA,Pointsbet,Brisbane Lions,2886585,115261920,41,NA
Hawthorn Hawks v Brisbane Lions,Hawthorn Hawks,Brisbane Lions,Player Fantasy Points,Will Day,Hawthorn Hawks,59.5,1.14,NA,Pointsbet,Brisbane Lions,2886585,115261920,42,NA
Hawthorn Hawks v Brisbane Lions,Hawthorn Hawks,Brisbane Lions,Player Fantasy Points,Will Day,Hawthorn Hawks,69.5,1.31,NA,Pointsbet,Brisbane Lions,2886585,115261920,43,NA
Hawthorn Hawks v Brisbane Lions,Hawthorn Hawks,Brisbane Lions,Player Fantasy Points,Will Day,Hawthorn Hawks,79.5,1.71,NA,Pointsbet,Brisbane Lions,2886585,115261920,44,NA
Hawthorn Hawks v Brisbane Lions,Hawthorn Hawks,Brisbane Lions,Player Fantasy Points,Will Day,Hawthorn Hawks,89.5,2.4,NA,Pointsbet,Brisbane Lions,2886585,115261920,45,NA
Hawthorn Hawks v Brisbane Lions,Hawthorn Hawks,Brisbane Lions,Player Fantasy Points,Will Day,Hawthorn Hawks,99.5,3.8,NA,Pointsbet,Brisbane Lions,2886585,115261920,46,NA
Hawthorn Hawks v Brisbane Lions,Hawthorn Hawks,Brisbane Lions,Player Fantasy Points,Will Day,Hawthorn Hawks,109.5,7.5,NA,Pointsbet,Brisbane Lions,2886585,115261920,47,NA
Hawthorn Hawks v Brisbane Lions,Hawthorn Hawks,Brisbane Lions,Player Fantasy Points,Will Day,Hawthorn Hawks,119.5,14,NA,Pointsbet,Brisbane Lions,2886585,115261920,48,NA
Hawthorn Hawks v Brisbane Lions,Hawthorn Hawks,Brisbane Lions,Player Fantasy Points,Jack Ginnivan,Hawthorn Hawks,49.5,1.13,NA,Pointsbet,Brisbane Lions,2886585,115261920,49,NA
Hawthorn Hawks v Brisbane Lions,Hawthorn Hawks,Brisbane Lions,Player Fantasy Points,Jack Ginnivan,Hawthorn Hawks,59.5,1.31,NA,Pointsbet,Brisbane Lions,2886585,115261920,50,NA
Hawthorn Hawks v Brisbane Lions,Hawthorn Hawks,Brisbane Lions,Player Fantasy Points,Jack Ginnivan,Hawthorn Hawks,69.5,1.69,NA,Pointsbet,Brisbane Lions,2886585,115261920,51,NA
Hawthorn Hawks v Brisbane Lions,Hawthorn Hawks,Brisbane Lions,Player Fantasy Points,Jack Ginnivan,Hawthorn Hawks,79.5,2.45,NA,Pointsbet,Brisbane Lions,2886585,115261920,52,NA
Hawthorn Hawks v Brisbane Lions,Hawthorn Hawks,Brisbane Lions,Player Fantasy Points,Jack Ginnivan,Hawthorn Hawks,89.5,4.1,NA,Pointsbet,Brisbane Lions,2886585,115261920,53,NA
Hawthorn Hawks v Brisbane Lions,Hawthorn Hawks,Brisbane Lions,Player Fantasy Points,Jack Ginnivan,Hawthorn Hawks,99.5,7.5,NA,Pointsbet,Brisbane Lions,2886585,115261920,54,NA
Hawthorn Hawks v Brisbane Lions,Hawthorn Hawks,Brisbane Lions,Player Fantasy Points,Jack Ginnivan,Hawthorn Hawks,109.5,15,NA,Pointsbet,Brisbane Lions,2886585,115261920,55,NA
Hawthorn Hawks v Brisbane Lions,Hawthorn Hawks,Brisbane Lions,Player Fantasy Points,Connor Macdonald,Hawthorn Hawks,49.5,1.13,NA,Pointsbet,Brisbane Lions,2886585,115261920,57,NA
Hawthorn Hawks v Brisbane Lions,Hawthorn Hawks,Brisbane Lions,Player Fantasy Points,Connor Macdonald,Hawthorn Hawks,59.5,1.29,NA,Pointsbet,Brisbane Lions,2886585,115261920,58,NA
Hawthorn Hawks v Brisbane Lions,Hawthorn Hawks,Brisbane Lions,Player Fantasy Points,Connor Macdonald,Hawthorn Hawks,69.5,1.69,NA,Pointsbet,Brisbane Lions,2886585,115261920,59,NA
Hawthorn Hawks v Brisbane Lions,Hawthorn Hawks,Brisbane Lions,Player Fantasy Points,Connor Macdonald,Hawthorn Hawks,79.5,2.45,NA,Pointsbet,Brisbane Lions,2886585,115261920,60,NA
Hawthorn Hawks v Brisbane Lions,Hawthorn Hawks,Brisbane Lions,Player Fantasy Points,Connor Macdonald,Hawthorn Hawks,89.5,4.1,NA,Pointsbet,Brisbane Lions,2886585,115261920,61,NA
Hawthorn Hawks v Brisbane Lions,Hawthorn Hawks,Brisbane Lions,Player Fantasy Points,Connor Macdonald,Hawthorn Hawks,99.5,7,NA,Pointsbet,Brisbane Lions,2886585,115261920,62,NA
Hawthorn Hawks v Brisbane Lions,Hawthorn Hawks,Brisbane Lions,Player Fantasy Points,Connor Macdonald,Hawthorn Hawks,109.5,15,NA,Pointsbet,Brisbane Lions,2886585,115261920,63,NA
Hawthorn Hawks v Brisbane Lions,Hawthorn Hawks,Brisbane Lions,Player Fantasy Points,Josh Ward,Hawthorn Hawks,49.5,1.08,NA,Pointsbet,Brisbane Lions,2886585,115261920,65,NA
Hawthorn Hawks v Brisbane Lions,Hawthorn Hawks,Brisbane Lions,Player Fantasy Points,Josh Ward,Hawthorn Hawks,59.5,1.2,NA,Pointsbet,Brisbane Lions,2886585,115261920,66,NA
Hawthorn Hawks v Brisbane Lions,Hawthorn Hawks,Brisbane Lions,Player Fantasy Points,Josh Ward,Hawthorn Hawks,69.5,1.48,NA,Pointsbet,Brisbane Lions,2886585,115261920,67,NA
Hawthorn Hawks v Brisbane Lions,Hawthorn Hawks,Brisbane Lions,Player Fantasy Points,Josh Ward,Hawthorn Hawks,79.5,2,NA,Pointsbet,Brisbane Lions,2886585,115261920,68,NA
Hawthorn Hawks v Brisbane Lions,Hawthorn Hawks,Brisbane Lions,Player Fantasy Points,Josh Ward,Hawthorn Hawks,89.5,3.1,NA,Pointsbet,Brisbane Lions,2886585,115261920,69,NA
Hawthorn Hawks v Brisbane Lions,Hawthorn Hawks,Brisbane Lions,Player Fantasy Points,Josh Ward,Hawthorn Hawks,99.5,5.25,NA,Pointsbet,Brisbane Lions,2886585,115261920,70,NA
Hawthorn Hawks v Brisbane Lions,Hawthorn Hawks,Brisbane Lions,Player Fantasy Points,Josh Ward,Hawthorn Hawks,109.5,11,NA,Pointsbet,Brisbane Lions,2886585,115261920,71,NA
Hawthorn Hawks v Brisbane Lions,Hawthorn Hawks,Brisbane Lions,Player Fantasy Points,Josh Ward,Hawthorn Hawks,119.5,21,NA,Pointsbet,Brisbane Lions,2886585,115261920,72,NA
Hawthorn Hawks v Brisbane Lions,Hawthorn Hawks,Brisbane Lions,Player Fantasy Points,Jai Newcombe,Hawthorn Hawks,59.5,1.06,NA,Pointsbet,Brisbane Lions,2886585,115261920,74,NA
Hawthorn Hawks v Brisbane Lions,Hawthorn Hawks,Brisbane Lions,Player Fantasy Points,Jai Newcombe,Hawthorn Hawks,69.5,1.14,NA,Pointsbet,Brisbane Lions,2886585,115261920,75,NA
Hawthorn Hawks v Brisbane Lions,Hawthorn Hawks,Brisbane Lions,Player Fantasy Points,Jai Newcombe,Hawthorn Hawks,79.5,1.33,NA,Pointsbet,Brisbane Lions,2886585,115261920,76,NA
Hawthorn Hawks v Brisbane Lions,Hawthorn Hawks,Brisbane Lions,Player Fantasy Points,Jai Newcombe,Hawthorn Hawks,89.5,1.71,NA,Pointsbet,Brisbane Lions,2886585,115261920,77,NA
Hawthorn Hawks v Brisbane Lions,Hawthorn Hawks,Brisbane Lions,Player Fantasy Points,Jai Newcombe,Hawthorn Hawks,99.5,2.4,NA,Pointsbet,Brisbane Lions,2886585,115261920,78,NA
Hawthorn Hawks v Brisbane Lions,Hawthorn Hawks,Brisbane Lions,Player Fantasy Points,Jai Newcombe,Hawthorn Hawks,109.5,3.8,NA,Pointsbet,Brisbane Lions,2886585,115261920,79,NA
Hawthorn Hawks v Brisbane Lions,Hawthorn Hawks,Brisbane Lions,Player Fantasy Points,Jai Newcombe,Hawthorn Hawks,119.5,7,NA,Pointsbet,Brisbane Lions,2886585,115261920,80,NA
Hawthorn Hawks v Brisbane Lions,Hawthorn Hawks,Brisbane Lions,Player Fantasy Points,Nick Watson,Hawthorn Hawks,49.5,1.17,NA,Pointsbet,Brisbane Lions,2886585,115261920,81,NA
Hawthorn Hawks v Brisbane Lions,Hawthorn Hawks,Brisbane Lions,Player Fantasy Points,Nick Watson,Hawthorn Hawks,59.5,1.4,NA,Pointsbet,Brisbane Lions,2886585,115261920,82,NA
Hawthorn Hawks v Brisbane Lions,Hawthorn Hawks,Brisbane Lions,Player Fantasy Points,Nick Watson,Hawthorn Hawks,69.5,1.87,NA,Pointsbet,Brisbane Lions,2886585,115261920,83,NA
Hawthorn Hawks v Brisbane Lions,Hawthorn Hawks,Brisbane Lions,Player Fantasy Points,Nick Watson,Hawthorn Hawks,79.5,2.9,NA,Pointsbet,Brisbane Lions,2886585,115261920,84,NA
Hawthorn Hawks v Brisbane Lions,Hawthorn Hawks,Brisbane Lions,Player Fantasy Points,Nick Watson,Hawthorn Hawks,89.5,4.75,NA,Pointsbet,Brisbane Lions,2886585,115261920,85,NA
Hawthorn Hawks v Brisbane Lions,Hawthorn Hawks,Brisbane Lions,Player Fantasy Points,Nick Watson,Hawthorn Hawks,99.5,9.5,NA,Pointsbet,Brisbane Lions,2886585,115261920,86,NA
Hawthorn Hawks v Brisbane Lions,Hawthorn Hawks,Brisbane Lions,Player Fantasy Points,Nick Watson,Hawthorn Hawks,109.5,19,NA,Pointsbet,Brisbane Lions,2886585,115261920,87,NA
Hawthorn Hawks v Brisbane Lions,Hawthorn Hawks,Brisbane Lions,Player Fantasy Points,Cam Mackenzie,Hawthorn Hawks,49.5,1.13,NA,Pointsbet,Brisbane Lions,2886585,115261920,89,NA
Hawthorn Hawks v Brisbane Lions,Hawthorn Hawks,Brisbane Lions,Player Fantasy Points,Cam Mackenzie,Hawthorn Hawks,59.5,1.33,NA,Pointsbet,Brisbane Lions,2886585,115261920,90,NA
Hawthorn Hawks v Brisbane Lions,Hawthorn Hawks,Brisbane Lions,Player Fantasy Points,Cam Mackenzie,Hawthorn Hawks,69.5,1.71,NA,Pointsbet,Brisbane Lions,2886585,115261920,91,NA
Hawthorn Hawks v Brisbane Lions,Hawthorn Hawks,Brisbane Lions,Player Fantasy Points,Cam Mackenzie,Hawthorn Hawks,79.5,2.45,NA,Pointsbet,Brisbane Lions,2886585,115261920,92,NA
Hawthorn Hawks v Brisbane Lions,Hawthorn Hawks,Brisbane Lions,Player Fantasy Points,Cam Mackenzie,Hawthorn Hawks,89.5,4.1,NA,Pointsbet,Brisbane Lions,2886585,115261920,93,NA
Hawthorn Hawks v Brisbane Lions,Hawthorn Hawks,Brisbane Lions,Player Fantasy Points,Cam Mackenzie,Hawthorn Hawks,99.5,7.5,NA,Pointsbet,Brisbane Lions,2886585,115261920,94,NA
Hawthorn Hawks v Brisbane Lions,Hawthorn Hawks,Brisbane Lions,Player Fantasy Points,Cam Mackenzie,Hawthorn Hawks,109.5,15,NA,Pointsbet,Brisbane Lions,2886585,115261920,95,NA
Hawthorn Hawks v Brisbane Lions,Hawthorn Hawks,Brisbane Lions,Player Fantasy Points,Josh Weddle,Hawthorn Hawks,49.5,1.18,NA,Pointsbet,Brisbane Lions,2886585,115261920,97,NA
Hawthorn Hawks v Brisbane Lions,Hawthorn Hawks,Brisbane Lions,Player Fantasy Points,Josh Weddle,Hawthorn Hawks,59.5,1.42,NA,Pointsbet,Brisbane Lions,2886585,115261920,98,NA
Hawthorn Hawks v Brisbane Lions,Hawthorn Hawks,Brisbane Lions,Player Fantasy Points,Josh Weddle,Hawthorn Hawks,69.5,1.95,NA,Pointsbet,Brisbane Lions,2886585,115261920,99,NA
Hawthorn Hawks v Brisbane Lions,Hawthorn Hawks,Brisbane Lions,Player Fantasy Points,Josh Weddle,Hawthorn Hawks,79.5,3.1,NA,Pointsbet,Brisbane Lions,2886585,115261920,100,NA
Hawthorn Hawks v Brisbane Lions,Hawthorn Hawks,Brisbane Lions,Player Fantasy Points,Josh Weddle,Hawthorn Hawks,89.5,5.25,NA,Pointsbet,Brisbane Lions,2886585,115261920,101,NA
Hawthorn Hawks v Brisbane Lions,Hawthorn Hawks,Brisbane Lions,Player Fantasy Points,Josh Weddle,Hawthorn Hawks,99.5,11,NA,Pointsbet,Brisbane Lions,2886585,115261920,102,NA
Hawthorn Hawks v Brisbane Lions,Hawthorn Hawks,Brisbane Lions,Player Fantasy Points,Josh Weddle,Hawthorn Hawks,109.5,21,NA,Pointsbet,Brisbane Lions,2886585,115261920,103,NA
Hawthorn Hawks v Brisbane Lions,Hawthorn Hawks,Brisbane Lions,Player Fantasy Points,Jack Gunston,Hawthorn Hawks,49.5,1.18,NA,Pointsbet,Brisbane Lions,2886585,115261920,113,NA
Hawthorn Hawks v Brisbane Lions,Hawthorn Hawks,Brisbane Lions,Player Fantasy Points,Jack Gunston,Hawthorn Hawks,59.5,1.44,NA,Pointsbet,Brisbane Lions,2886585,115261920,114,NA
Hawthorn Hawks v Brisbane Lions,Hawthorn Hawks,Brisbane Lions,Player Fantasy Points,Jack Gunston,Hawthorn Hawks,69.5,1.9,NA,Pointsbet,Brisbane Lions,2886585,115261920,115,NA
Hawthorn Hawks v Brisbane Lions,Hawthorn Hawks,Brisbane Lions,Player Fantasy Points,Jack Gunston,Hawthorn Hawks,79.5,3.1,NA,Pointsbet,Brisbane Lions,2886585,115261920,116,NA
Hawthorn Hawks v Brisbane Lions,Hawthorn Hawks,Brisbane Lions,Player Fantasy Points,Jack Gunston,Hawthorn Hawks,89.5,5.25,NA,Pointsbet,Brisbane Lions,2886585,115261920,117,NA
Hawthorn Hawks v Brisbane Lions,Hawthorn Hawks,Brisbane Lions,Player Fantasy Points,Jack Gunston,Hawthorn Hawks,99.5,11,NA,Pointsbet,Brisbane Lions,2886585,115261920,118,NA
Hawthorn Hawks v Brisbane Lions,Hawthorn Hawks,Brisbane Lions,Player Fantasy Points,Jack Gunston,Hawthorn Hawks,109.5,21,NA,Pointsbet,Brisbane Lions,2886585,115261920,119,NA
Hawthorn Hawks v Brisbane Lions,Hawthorn Hawks,Brisbane Lions,Player Fantasy Points,Jarman Impey,Hawthorn Hawks,49.5,1.17,NA,Pointsbet,Brisbane Lions,2886585,115261920,121,NA
Hawthorn Hawks v Brisbane Lions,Hawthorn Hawks,Brisbane Lions,Player Fantasy Points,Jarman Impey,Hawthorn Hawks,59.5,1.4,NA,Pointsbet,Brisbane Lions,2886585,115261920,122,NA
Hawthorn Hawks v Brisbane Lions,Hawthorn Hawks,Brisbane Lions,Player Fantasy Points,Jarman Impey,Hawthorn Hawks,69.5,1.87,NA,Pointsbet,Brisbane Lions,2886585,115261920,123,NA
Hawthorn Hawks v Brisbane Lions,Hawthorn Hawks,Brisbane Lions,Player Fantasy Points,Jarman Impey,Hawthorn Hawks,79.5,2.9,NA,Pointsbet,Brisbane Lions,2886585,115261920,124,NA
Hawthorn Hawks v Brisbane Lions,Hawthorn Hawks,Brisbane Lions,Player Fantasy Points,Jarman Impey,Hawthorn Hawks,89.5,5,NA,Pointsbet,Brisbane Lions,2886585,115261920,125,NA
Hawthorn Hawks v Brisbane Lions,Hawthorn Hawks,Brisbane Lions,Player Fantasy Points,Jarman Impey,Hawthorn Hawks,99.5,10,NA,Pointsbet,Brisbane Lions,2886585,115261920,126,NA
Hawthorn Hawks v Brisbane Lions,Hawthorn Hawks,Brisbane Lions,Player Fantasy Points,Jarman Impey,Hawthorn Hawks,109.5,21,NA,Pointsbet,Brisbane Lions,2886585,115261920,127,NA
Hawthorn Hawks v Brisbane Lions,Hawthorn Hawks,Brisbane Lions,Player Fantasy Points,Karl Amon,Hawthorn Hawks,49.5,1.18,NA,Pointsbet,Brisbane Lions,2886585,115261920,129,NA
Hawthorn Hawks v Brisbane Lions,Hawthorn Hawks,Brisbane Lions,Player Fantasy Points,Karl Amon,Hawthorn Hawks,59.5,1.42,NA,Pointsbet,Brisbane Lions,2886585,115261920,130,NA
Hawthorn Hawks v Brisbane Lions,Hawthorn Hawks,Brisbane Lions,Player Fantasy Points,Karl Amon,Hawthorn Hawks,69.5,1.9,NA,Pointsbet,Brisbane Lions,2886585,115261920,131,NA
Hawthorn Hawks v Brisbane Lions,Hawthorn Hawks,Brisbane Lions,Player Fantasy Points,Karl Amon,Hawthorn Hawks,79.5,2.9,NA,Pointsbet,Brisbane Lions,2886585,115261920,132,NA
Hawthorn Hawks v Brisbane Lions,Hawthorn Hawks,Brisbane Lions,Player Fantasy Points,Karl Amon,Hawthorn Hawks,89.5,5.25,NA,Pointsbet,Brisbane Lions,2886585,115261920,133,NA
Hawthorn Hawks v Brisbane Lions,Hawthorn Hawks,Brisbane Lions,Player Fantasy Points,Karl Amon,Hawthorn Hawks,99.5,10,NA,Pointsbet,Brisbane Lions,2886585,115261920,134,NA
Hawthorn Hawks v Brisbane Lions,Hawthorn Hawks,Brisbane Lions,Player Fantasy Points,Karl Amon,Hawthorn Hawks,109.5,19,NA,Pointsbet,Brisbane Lions,2886585,115261920,135,NA
Hawthorn Hawks v Brisbane Lions,Hawthorn Hawks,Brisbane Lions,Player Fantasy Points,James Sicily,Hawthorn Hawks,49.5,1.08,NA,Pointsbet,Brisbane Lions,2886585,115261920,137,NA
Hawthorn Hawks v Brisbane Lions,Hawthorn Hawks,Brisbane Lions,Player Fantasy Points,James Sicily,Hawthorn Hawks,59.5,1.2,NA,Pointsbet,Brisbane Lions,2886585,115261920,138,NA
Hawthorn Hawks v Brisbane Lions,Hawthorn Hawks,Brisbane Lions,Player Fantasy Points,James Sicily,Hawthorn Hawks,69.5,1.48,NA,Pointsbet,Brisbane Lions,2886585,115261920,139,NA
Hawthorn Hawks v Brisbane Lions,Hawthorn Hawks,Brisbane Lions,Player Fantasy Points,James Sicily,Hawthorn Hawks,79.5,2.05,NA,Pointsbet,Brisbane Lions,2886585,115261920,140,NA
Hawthorn Hawks v Brisbane Lions,Hawthorn Hawks,Brisbane Lions,Player Fantasy Points,James Sicily,Hawthorn Hawks,89.5,3.1,NA,Pointsbet,Brisbane Lions,2886585,115261920,141,NA
Hawthorn Hawks v Brisbane Lions,Hawthorn Hawks,Brisbane Lions,Player Fantasy Points,James Sicily,Hawthorn Hawks,99.5,5.25,NA,Pointsbet,Brisbane Lions,2886585,115261920,142,NA
Hawthorn Hawks v Brisbane Lions,Hawthorn Hawks,Brisbane Lions,Player Fantasy Points,James Sicily,Hawthorn Hawks,109.5,10,NA,Pointsbet,Brisbane Lions,2886585,115261920,143,NA
Hawthorn Hawks v Brisbane Lions,Hawthorn Hawks,Brisbane Lions,Player Fantasy Points,James Sicily,Hawthorn Hawks,119.5,21,NA,Pointsbet,Brisbane Lions,2886585,115261920,144,NA
Hawthorn Hawks v Brisbane Lions,Hawthorn Hawks,Brisbane Lions,Player Fantasy Points,Blake Hardwick,Hawthorn Hawks,49.5,1.17,NA,Pointsbet,Brisbane Lions,2886585,115261920,153,NA
Hawthorn Hawks v Brisbane Lions,Hawthorn Hawks,Brisbane Lions,Player Fantasy Points,Blake Hardwick,Hawthorn Hawks,59.5,1.44,NA,Pointsbet,Brisbane Lions,2886585,115261920,154,NA
Hawthorn Hawks v Brisbane Lions,Hawthorn Hawks,Brisbane Lions,Player Fantasy Points,Blake Hardwick,Hawthorn Hawks,69.5,1.95,NA,Pointsbet,Brisbane Lions,2886585,115261920,155,NA
Hawthorn Hawks v Brisbane Lions,Hawthorn Hawks,Brisbane Lions,Player Fantasy Points,Blake Hardwick,Hawthorn Hawks,79.5,3.1,NA,Pointsbet,Brisbane Lions,2886585,115261920,156,NA
Hawthorn Hawks v Brisbane Lions,Hawthorn Hawks,Brisbane Lions,Player Fantasy Points,Blake Hardwick,Hawthorn Hawks,89.5,5.25,NA,Pointsbet,Brisbane Lions,2886585,115261920,157,NA
Hawthorn Hawks v Brisbane Lions,Hawthorn Hawks,Brisbane Lions,Player Fantasy Points,Blake Hardwick,Hawthorn Hawks,99.5,11,NA,Pointsbet,Brisbane Lions,2886585,115261920,158,NA
Hawthorn Hawks v Brisbane Lions,Hawthorn Hawks,Brisbane Lions,Player Fantasy Points,Blake Hardwick,Hawthorn Hawks,109.5,21,NA,Pointsbet,Brisbane Lions,2886585,115261920,159,NA
Hawthorn Hawks v Brisbane Lions,Hawthorn Hawks,Brisbane Lions,Player Fantasy Points,Mabior Chol,Hawthorn Hawks,49.5,1.18,NA,Pointsbet,Brisbane Lions,2886585,115261920,161,NA
Hawthorn Hawks v Brisbane Lions,Hawthorn Hawks,Brisbane Lions,Player Fantasy Points,Mabior Chol,Hawthorn Hawks,59.5,1.48,NA,Pointsbet,Brisbane Lions,2886585,115261920,162,NA
Hawthorn Hawks v Brisbane Lions,Hawthorn Hawks,Brisbane Lions,Player Fantasy Points,Mabior Chol,Hawthorn Hawks,69.5,2.05,NA,Pointsbet,Brisbane Lions,2886585,115261920,163,NA
Hawthorn Hawks v Brisbane Lions,Hawthorn Hawks,Brisbane Lions,Player Fantasy Points,Mabior Chol,Hawthorn Hawks,79.5,3.2,NA,Pointsbet,Brisbane Lions,2886585,115261920,164,NA
Hawthorn Hawks v Brisbane Lions,Hawthorn Hawks,Brisbane Lions,Player Fantasy Points,Mabior Chol,Hawthorn Hawks,89.5,5.5,NA,Pointsbet,Brisbane Lions,2886585,115261920,165,NA
Hawthorn Hawks v Brisbane Lions,Hawthorn Hawks,Brisbane Lions,Player Fantasy Points,Mabior Chol,Hawthorn Hawks,99.5,11.5,NA,Pointsbet,Brisbane Lions,2886585,115261920,166,NA
Hawthorn Hawks v Brisbane Lions,Hawthorn Hawks,Brisbane Lions,Player Fantasy Points,Mabior Chol,Hawthorn Hawks,109.5,23,NA,Pointsbet,Brisbane Lions,2886585,115261920,167,NA
Hawthorn Hawks v Brisbane Lions,Hawthorn Hawks,Brisbane Lions,Player Fantasy Points,Josh Battle,Hawthorn Hawks,49.5,1.17,NA,Pointsbet,Brisbane Lions,2886585,115261920,169,NA
Hawthorn Hawks v Brisbane Lions,Hawthorn Hawks,Brisbane Lions,Player Fantasy Points,Josh Battle,Hawthorn Hawks,59.5,1.42,NA,Pointsbet,Brisbane Lions,2886585,115261920,170,NA
Hawthorn Hawks v Brisbane Lions,Hawthorn Hawks,Brisbane Lions,Player Fantasy Points,Josh Battle,Hawthorn Hawks,69.5,1.9,NA,Pointsbet,Brisbane Lions,2886585,115261920,171,NA
Hawthorn Hawks v Brisbane Lions,Hawthorn Hawks,Brisbane Lions,Player Fantasy Points,Josh Battle,Hawthorn Hawks,79.5,3,NA,Pointsbet,Brisbane Lions,2886585,115261920,172,NA
Hawthorn Hawks v Brisbane Lions,Hawthorn Hawks,Brisbane Lions,Player Fantasy Points,Josh Battle,Hawthorn Hawks,89.5,5,NA,Pointsbet,Brisbane Lions,2886585,115261920,173,NA
Hawthorn Hawks v Brisbane Lions,Hawthorn Hawks,Brisbane Lions,Player Fantasy Points,Josh Battle,Hawthorn Hawks,99.5,10,NA,Pointsbet,Brisbane Lions,2886585,115261920,174,NA
Hawthorn Hawks v Brisbane Lions,Hawthorn Hawks,Brisbane Lions,Player Fantasy Points,Josh Battle,Hawthorn Hawks,109.5,21,NA,Pointsbet,Brisbane Lions,2886585,115261920,175,NA
Hawthorn Hawks v Brisbane Lions,Hawthorn Hawks,Brisbane Lions,Player Fantasy Points,Oscar Allen,Brisbane Lions,49.5,1.25,NA,Pointsbet,Hawthorn Hawks,2886585,115261920,185,NA
Hawthorn Hawks v Brisbane Lions,Hawthorn Hawks,Brisbane Lions,Player Fantasy Points,Oscar Allen,Brisbane Lions,59.5,1.59,NA,Pointsbet,Hawthorn Hawks,2886585,115261920,186,NA
Hawthorn Hawks v Brisbane Lions,Hawthorn Hawks,Brisbane Lions,Player Fantasy Points,Oscar Allen,Brisbane Lions,69.5,2.3,NA,Pointsbet,Hawthorn Hawks,2886585,115261920,187,NA
Hawthorn Hawks v Brisbane Lions,Hawthorn Hawks,Brisbane Lions,Player Fantasy Points,Oscar Allen,Brisbane Lions,79.5,3.8,NA,Pointsbet,Hawthorn Hawks,2886585,115261920,188,NA
Hawthorn Hawks v Brisbane Lions,Hawthorn Hawks,Brisbane Lions,Player Fantasy Points,Oscar Allen,Brisbane Lions,89.5,7,NA,Pointsbet,Hawthorn Hawks,2886585,115261920,189,NA
Hawthorn Hawks v Brisbane Lions,Hawthorn Hawks,Brisbane Lions,Player Fantasy Points,Oscar Allen,Brisbane Lions,99.5,14,NA,Pointsbet,Hawthorn Hawks,2886585,115261920,190,NA
Hawthorn Hawks v Brisbane Lions,Hawthorn Hawks,Brisbane Lions,Player Fantasy Points,Hugh McCluggage,Brisbane Lions,49.5,1.13,NA,Pointsbet,Hawthorn Hawks,2886585,115261920,193,NA
Hawthorn Hawks v Brisbane Lions,Hawthorn Hawks,Brisbane Lions,Player Fantasy Points,Hugh McCluggage,Brisbane Lions,59.5,1.31,NA,Pointsbet,Hawthorn Hawks,2886585,115261920,194,NA
Hawthorn Hawks v Brisbane Lions,Hawthorn Hawks,Brisbane Lions,Player Fantasy Points,Hugh McCluggage,Brisbane Lions,69.5,1.71,NA,Pointsbet,Hawthorn Hawks,2886585,115261920,195,NA
Hawthorn Hawks v Brisbane Lions,Hawthorn Hawks,Brisbane Lions,Player Fantasy Points,Hugh McCluggage,Brisbane Lions,79.5,2.45,NA,Pointsbet,Hawthorn Hawks,2886585,115261920,196,NA
Hawthorn Hawks v Brisbane Lions,Hawthorn Hawks,Brisbane Lions,Player Fantasy Points,Hugh McCluggage,Brisbane Lions,89.5,3.8,NA,Pointsbet,Hawthorn Hawks,2886585,115261920,197,NA
Hawthorn Hawks v Brisbane Lions,Hawthorn Hawks,Brisbane Lions,Player Fantasy Points,Hugh McCluggage,Brisbane Lions,99.5,7.5,NA,Pointsbet,Hawthorn Hawks,2886585,115261920,198,NA
Hawthorn Hawks v Brisbane Lions,Hawthorn Hawks,Brisbane Lions,Player Fantasy Points,Hugh McCluggage,Brisbane Lions,109.5,16,NA,Pointsbet,Hawthorn Hawks,2886585,115261920,199,NA
Hawthorn Hawks v Brisbane Lions,Hawthorn Hawks,Brisbane Lions,Player Fantasy Points,Cam Rayner,Brisbane Lions,49.5,1.13,NA,Pointsbet,Hawthorn Hawks,2886585,115261920,201,NA
Hawthorn Hawks v Brisbane Lions,Hawthorn Hawks,Brisbane Lions,Player Fantasy Points,Cam Rayner,Brisbane Lions,59.5,1.33,NA,Pointsbet,Hawthorn Hawks,2886585,115261920,202,NA
Hawthorn Hawks v Brisbane Lions,Hawthorn Hawks,Brisbane Lions,Player Fantasy Points,Cam Rayner,Brisbane Lions,69.5,1.69,NA,Pointsbet,Hawthorn Hawks,2886585,115261920,203,NA
Hawthorn Hawks v Brisbane Lions,Hawthorn Hawks,Brisbane Lions,Player Fantasy Points,Cam Rayner,Brisbane Lions,79.5,2.45,NA,Pointsbet,Hawthorn Hawks,2886585,115261920,204,NA
Hawthorn Hawks v Brisbane Lions,Hawthorn Hawks,Brisbane Lions,Player Fantasy Points,Cam Rayner,Brisbane Lions,89.5,4.1,NA,Pointsbet,Hawthorn Hawks,2886585,115261920,205,NA
Hawthorn Hawks v Brisbane Lions,Hawthorn Hawks,Brisbane Lions,Player Fantasy Points,Cam Rayner,Brisbane Lions,99.5,7.5,NA,Pointsbet,Hawthorn Hawks,2886585,115261920,206,NA
Hawthorn Hawks v Brisbane Lions,Hawthorn Hawks,Brisbane Lions,Player Fantasy Points,Cam Rayner,Brisbane Lions,109.5,15,NA,Pointsbet,Hawthorn Hawks,2886585,115261920,207,NA
Hawthorn Hawks v Brisbane Lions,Hawthorn Hawks,Brisbane Lions,Player Fantasy Points,Zac Bailey,Brisbane Lions,59.5,1.04,NA,Pointsbet,Hawthorn Hawks,2886585,115261920,210,NA
Hawthorn Hawks v Brisbane Lions,Hawthorn Hawks,Brisbane Lions,Player Fantasy Points,Zac Bailey,Brisbane Lions,69.5,1.11,NA,Pointsbet,Hawthorn Hawks,2886585,115261920,211,NA
Hawthorn Hawks v Brisbane Lions,Hawthorn Hawks,Brisbane Lions,Player Fantasy Points,Zac Bailey,Brisbane Lions,79.5,1.27,NA,Pointsbet,Hawthorn Hawks,2886585,115261920,212,NA
Hawthorn Hawks v Brisbane Lions,Hawthorn Hawks,Brisbane Lions,Player Fantasy Points,Zac Bailey,Brisbane Lions,89.5,1.59,NA,Pointsbet,Hawthorn Hawks,2886585,115261920,213,NA
Hawthorn Hawks v Brisbane Lions,Hawthorn Hawks,Brisbane Lions,Player Fantasy Points,Zac Bailey,Brisbane Lions,99.5,2.2,NA,Pointsbet,Hawthorn Hawks,2886585,115261920,214,NA
Hawthorn Hawks v Brisbane Lions,Hawthorn Hawks,Brisbane Lions,Player Fantasy Points,Zac Bailey,Brisbane Lions,109.5,3.3,NA,Pointsbet,Hawthorn Hawks,2886585,115261920,215,NA
Hawthorn Hawks v Brisbane Lions,Hawthorn Hawks,Brisbane Lions,Player Fantasy Points,Zac Bailey,Brisbane Lions,119.5,5.75,NA,Pointsbet,Hawthorn Hawks,2886585,115261920,216,NA
Hawthorn Hawks v Brisbane Lions,Hawthorn Hawks,Brisbane Lions,Player Fantasy Points,Kai Lohmann,Brisbane Lions,49.5,1.14,NA,Pointsbet,Hawthorn Hawks,2886585,115261920,217,NA
Hawthorn Hawks v Brisbane Lions,Hawthorn Hawks,Brisbane Lions,Player Fantasy Points,Kai Lohmann,Brisbane Lions,59.5,1.33,NA,Pointsbet,Hawthorn Hawks,2886585,115261920,218,NA
Hawthorn Hawks v Brisbane Lions,Hawthorn Hawks,Brisbane Lions,Player Fantasy Points,Kai Lohmann,Brisbane Lions,69.5,1.77,NA,Pointsbet,Hawthorn Hawks,2886585,115261920,219,NA
Hawthorn Hawks v Brisbane Lions,Hawthorn Hawks,Brisbane Lions,Player Fantasy Points,Kai Lohmann,Brisbane Lions,79.5,2.65,NA,Pointsbet,Hawthorn Hawks,2886585,115261920,220,NA
Hawthorn Hawks v Brisbane Lions,Hawthorn Hawks,Brisbane Lions,Player Fantasy Points,Kai Lohmann,Brisbane Lions,89.5,4.3,NA,Pointsbet,Hawthorn Hawks,2886585,115261920,221,NA
Hawthorn Hawks v Brisbane Lions,Hawthorn Hawks,Brisbane Lions,Player Fantasy Points,Kai Lohmann,Brisbane Lions,99.5,9,NA,Pointsbet,Hawthorn Hawks,2886585,115261920,222,NA
Hawthorn Hawks v Brisbane Lions,Hawthorn Hawks,Brisbane Lions,Player Fantasy Points,Kai Lohmann,Brisbane Lions,109.5,18,NA,Pointsbet,Hawthorn Hawks,2886585,115261920,223,NA
Hawthorn Hawks v Brisbane Lions,Hawthorn Hawks,Brisbane Lions,Player Fantasy Points,Darcy Wilmot,Brisbane Lions,49.5,1.16,NA,Pointsbet,Hawthorn Hawks,2886585,115261920,225,NA
Hawthorn Hawks v Brisbane Lions,Hawthorn Hawks,Brisbane Lions,Player Fantasy Points,Darcy Wilmot,Brisbane Lions,59.5,1.36,NA,Pointsbet,Hawthorn Hawks,2886585,115261920,226,NA
Hawthorn Hawks v Brisbane Lions,Hawthorn Hawks,Brisbane Lions,Player Fantasy Points,Darcy Wilmot,Brisbane Lions,69.5,1.8,NA,Pointsbet,Hawthorn Hawks,2886585,115261920,227,NA
Hawthorn Hawks v Brisbane Lions,Hawthorn Hawks,Brisbane Lions,Player Fantasy Points,Darcy Wilmot,Brisbane Lions,79.5,2.75,NA,Pointsbet,Hawthorn Hawks,2886585,115261920,228,NA
Hawthorn Hawks v Brisbane Lions,Hawthorn Hawks,Brisbane Lions,Player Fantasy Points,Darcy Wilmot,Brisbane Lions,89.5,4.5,NA,Pointsbet,Hawthorn Hawks,2886585,115261920,229,NA
Hawthorn Hawks v Brisbane Lions,Hawthorn Hawks,Brisbane Lions,Player Fantasy Points,Darcy Wilmot,Brisbane Lions,99.5,9,NA,Pointsbet,Hawthorn Hawks,2886585,115261920,230,NA
Hawthorn Hawks v Brisbane Lions,Hawthorn Hawks,Brisbane Lions,Player Fantasy Points,Darcy Wilmot,Brisbane Lions,109.5,18,NA,Pointsbet,Hawthorn Hawks,2886585,115261920,231,NA
Hawthorn Hawks v Brisbane Lions,Hawthorn Hawks,Brisbane Lions,Player Fantasy Points,Will Ashcroft,Brisbane Lions,79.5,1.1,NA,Pointsbet,Hawthorn Hawks,2886585,115261920,236,NA
Hawthorn Hawks v Brisbane Lions,Hawthorn Hawks,Brisbane Lions,Player Fantasy Points,Will Ashcroft,Brisbane Lions,89.5,1.24,NA,Pointsbet,Hawthorn Hawks,2886585,115261920,237,NA
Hawthorn Hawks v Brisbane Lions,Hawthorn Hawks,Brisbane Lions,Player Fantasy Points,Will Ashcroft,Brisbane Lions,99.5,1.5,NA,Pointsbet,Hawthorn Hawks,2886585,115261920,238,NA
Hawthorn Hawks v Brisbane Lions,Hawthorn Hawks,Brisbane Lions,Player Fantasy Points,Will Ashcroft,Brisbane Lions,109.5,1.95,NA,Pointsbet,Hawthorn Hawks,2886585,115261920,239,NA
Hawthorn Hawks v Brisbane Lions,Hawthorn Hawks,Brisbane Lions,Player Fantasy Points,Will Ashcroft,Brisbane Lions,119.5,2.9,NA,Pointsbet,Hawthorn Hawks,2886585,115261920,240,NA
Hawthorn Hawks v Brisbane Lions,Hawthorn Hawks,Brisbane Lions,Player Fantasy Points,Jaspa Fletcher,Brisbane Lions,49.5,1.06,NA,Pointsbet,Hawthorn Hawks,2886585,115261920,241,NA
Hawthorn Hawks v Brisbane Lions,Hawthorn Hawks,Brisbane Lions,Player Fantasy Points,Jaspa Fletcher,Brisbane Lions,59.5,1.14,NA,Pointsbet,Hawthorn Hawks,2886585,115261920,242,NA
Hawthorn Hawks v Brisbane Lions,Hawthorn Hawks,Brisbane Lions,Player Fantasy Points,Jaspa Fletcher,Brisbane Lions,69.5,1.36,NA,Pointsbet,Hawthorn Hawks,2886585,115261920,243,NA
Hawthorn Hawks v Brisbane Lions,Hawthorn Hawks,Brisbane Lions,Player Fantasy Points,Jaspa Fletcher,Brisbane Lions,79.5,1.8,NA,Pointsbet,Hawthorn Hawks,2886585,115261920,244,NA
Hawthorn Hawks v Brisbane Lions,Hawthorn Hawks,Brisbane Lions,Player Fantasy Points,Jaspa Fletcher,Brisbane Lions,89.5,2.65,NA,Pointsbet,Hawthorn Hawks,2886585,115261920,245,NA
Hawthorn Hawks v Brisbane Lions,Hawthorn Hawks,Brisbane Lions,Player Fantasy Points,Jaspa Fletcher,Brisbane Lions,99.5,4.3,NA,Pointsbet,Hawthorn Hawks,2886585,115261920,246,NA
Hawthorn Hawks v Brisbane Lions,Hawthorn Hawks,Brisbane Lions,Player Fantasy Points,Jaspa Fletcher,Brisbane Lions,109.5,8,NA,Pointsbet,Hawthorn Hawks,2886585,115261920,247,NA
Hawthorn Hawks v Brisbane Lions,Hawthorn Hawks,Brisbane Lions,Player Fantasy Points,Jaspa Fletcher,Brisbane Lions,119.5,16,NA,Pointsbet,Hawthorn Hawks,2886585,115261920,248,NA
Hawthorn Hawks v Brisbane Lions,Hawthorn Hawks,Brisbane Lions,Player Fantasy Points,Logan Morris,Brisbane Lions,49.5,1.22,NA,Pointsbet,Hawthorn Hawks,2886585,115261920,249,NA
Hawthorn Hawks v Brisbane Lions,Hawthorn Hawks,Brisbane Lions,Player Fantasy Points,Logan Morris,Brisbane Lions,59.5,1.53,NA,Pointsbet,Hawthorn Hawks,2886585,115261920,250,NA
Hawthorn Hawks v Brisbane Lions,Hawthorn Hawks,Brisbane Lions,Player Fantasy Points,Logan Morris,Brisbane Lions,69.5,2.15,NA,Pointsbet,Hawthorn Hawks,2886585,115261920,251,NA
Hawthorn Hawks v Brisbane Lions,Hawthorn Hawks,Brisbane Lions,Player Fantasy Points,Logan Morris,Brisbane Lions,79.5,3.4,NA,Pointsbet,Hawthorn Hawks,2886585,115261920,252,NA
Hawthorn Hawks v Brisbane Lions,Hawthorn Hawks,Brisbane Lions,Player Fantasy Points,Logan Morris,Brisbane Lions,89.5,6,NA,Pointsbet,Hawthorn Hawks,2886585,115261920,253,NA
Hawthorn Hawks v Brisbane Lions,Hawthorn Hawks,Brisbane Lions,Player Fantasy Points,Logan Morris,Brisbane Lions,99.5,12,NA,Pointsbet,Hawthorn Hawks,2886585,115261920,254,NA
Hawthorn Hawks v Brisbane Lions,Hawthorn Hawks,Brisbane Lions,Player Fantasy Points,Logan Morris,Brisbane Lions,109.5,23,NA,Pointsbet,Hawthorn Hawks,2886585,115261920,255,NA
Hawthorn Hawks v Brisbane Lions,Hawthorn Hawks,Brisbane Lions,Player Fantasy Points,Levi Ashcroft,Brisbane Lions,49.5,1.06,NA,Pointsbet,Hawthorn Hawks,2886585,115261920,257,NA
Hawthorn Hawks v Brisbane Lions,Hawthorn Hawks,Brisbane Lions,Player Fantasy Points,Levi Ashcroft,Brisbane Lions,59.5,1.17,NA,Pointsbet,Hawthorn Hawks,2886585,115261920,258,NA
Hawthorn Hawks v Brisbane Lions,Hawthorn Hawks,Brisbane Lions,Player Fantasy Points,Levi Ashcroft,Brisbane Lions,69.5,1.4,NA,Pointsbet,Hawthorn Hawks,2886585,115261920,259,NA
Hawthorn Hawks v Brisbane Lions,Hawthorn Hawks,Brisbane Lions,Player Fantasy Points,Levi Ashcroft,Brisbane Lions,79.5,1.83,NA,Pointsbet,Hawthorn Hawks,2886585,115261920,260,NA
Hawthorn Hawks v Brisbane Lions,Hawthorn Hawks,Brisbane Lions,Player Fantasy Points,Levi Ashcroft,Brisbane Lions,89.5,2.75,NA,Pointsbet,Hawthorn Hawks,2886585,115261920,261,NA
Hawthorn Hawks v Brisbane Lions,Hawthorn Hawks,Brisbane Lions,Player Fantasy Points,Levi Ashcroft,Brisbane Lions,99.5,4.5,NA,Pointsbet,Hawthorn Hawks,2886585,115261920,262,NA
Hawthorn Hawks v Brisbane Lions,Hawthorn Hawks,Brisbane Lions,Player Fantasy Points,Levi Ashcroft,Brisbane Lions,109.5,7.5,NA,Pointsbet,Hawthorn Hawks,2886585,115261920,263,NA
Hawthorn Hawks v Brisbane Lions,Hawthorn Hawks,Brisbane Lions,Player Fantasy Points,Levi Ashcroft,Brisbane Lions,119.5,16,NA,Pointsbet,Hawthorn Hawks,2886585,115261920,264,NA
Hawthorn Hawks v Brisbane Lions,Hawthorn Hawks,Brisbane Lions,Player Fantasy Points,Ty Gallop,Brisbane Lions,49.5,1.24,NA,Pointsbet,Hawthorn Hawks,2886585,115261920,265,NA
Hawthorn Hawks v Brisbane Lions,Hawthorn Hawks,Brisbane Lions,Player Fantasy Points,Ty Gallop,Brisbane Lions,59.5,1.56,NA,Pointsbet,Hawthorn Hawks,2886585,115261920,266,NA
Hawthorn Hawks v Brisbane Lions,Hawthorn Hawks,Brisbane Lions,Player Fantasy Points,Ty Gallop,Brisbane Lions,69.5,2.2,NA,Pointsbet,Hawthorn Hawks,2886585,115261920,267,NA
Hawthorn Hawks v Brisbane Lions,Hawthorn Hawks,Brisbane Lions,Player Fantasy Points,Ty Gallop,Brisbane Lions,79.5,3.5,NA,Pointsbet,Hawthorn Hawks,2886585,115261920,268,NA
Hawthorn Hawks v Brisbane Lions,Hawthorn Hawks,Brisbane Lions,Player Fantasy Points,Ty Gallop,Brisbane Lions,89.5,6.5,NA,Pointsbet,Hawthorn Hawks,2886585,115261920,269,NA
Hawthorn Hawks v Brisbane Lions,Hawthorn Hawks,Brisbane Lions,Player Fantasy Points,Ty Gallop,Brisbane Lions,99.5,13,NA,Pointsbet,Hawthorn Hawks,2886585,115261920,270,NA
Hawthorn Hawks v Brisbane Lions,Hawthorn Hawks,Brisbane Lions,Player Fantasy Points,Dayne Zorko,Brisbane Lions,69.5,1.08,NA,Pointsbet,Hawthorn Hawks,2886585,115261920,275,NA
Hawthorn Hawks v Brisbane Lions,Hawthorn Hawks,Brisbane Lions,Player Fantasy Points,Dayne Zorko,Brisbane Lions,79.5,1.18,NA,Pointsbet,Hawthorn Hawks,2886585,115261920,276,NA
Hawthorn Hawks v Brisbane Lions,Hawthorn Hawks,Brisbane Lions,Player Fantasy Points,Dayne Zorko,Brisbane Lions,89.5,1.4,NA,Pointsbet,Hawthorn Hawks,2886585,115261920,277,NA
Hawthorn Hawks v Brisbane Lions,Hawthorn Hawks,Brisbane Lions,Player Fantasy Points,Dayne Zorko,Brisbane Lions,99.5,1.8,NA,Pointsbet,Hawthorn Hawks,2886585,115261920,278,NA
Hawthorn Hawks v Brisbane Lions,Hawthorn Hawks,Brisbane Lions,Player Fantasy Points,Dayne Zorko,Brisbane Lions,109.5,2.6,NA,Pointsbet,Hawthorn Hawks,2886585,115261920,279,NA
Hawthorn Hawks v Brisbane Lions,Hawthorn Hawks,Brisbane Lions,Player Fantasy Points,Dayne Zorko,Brisbane Lions,119.5,4.1,NA,Pointsbet,Hawthorn Hawks,2886585,115261920,280,NA
Hawthorn Hawks v Brisbane Lions,Hawthorn Hawks,Brisbane Lions,Player Fantasy Points,Ryan Lester,Brisbane Lions,49.5,1.2,NA,Pointsbet,Hawthorn Hawks,2886585,115261920,281,NA
Hawthorn Hawks v Brisbane Lions,Hawthorn Hawks,Brisbane Lions,Player Fantasy Points,Ryan Lester,Brisbane Lions,59.5,1.5,NA,Pointsbet,Hawthorn Hawks,2886585,115261920,282,NA
Hawthorn Hawks v Brisbane Lions,Hawthorn Hawks,Brisbane Lions,Player Fantasy Points,Ryan Lester,Brisbane Lions,69.5,2.1,NA,Pointsbet,Hawthorn Hawks,2886585,115261920,283,NA
Hawthorn Hawks v Brisbane Lions,Hawthorn Hawks,Brisbane Lions,Player Fantasy Points,Ryan Lester,Brisbane Lions,79.5,3.3,NA,Pointsbet,Hawthorn Hawks,2886585,115261920,284,NA
Hawthorn Hawks v Brisbane Lions,Hawthorn Hawks,Brisbane Lions,Player Fantasy Points,Ryan Lester,Brisbane Lions,89.5,5.75,NA,Pointsbet,Hawthorn Hawks,2886585,115261920,285,NA
Hawthorn Hawks v Brisbane Lions,Hawthorn Hawks,Brisbane Lions,Player Fantasy Points,Ryan Lester,Brisbane Lions,99.5,12,NA,Pointsbet,Hawthorn Hawks,2886585,115261920,286,NA
Hawthorn Hawks v Brisbane Lions,Hawthorn Hawks,Brisbane Lions,Player Fantasy Points,Lachie Neale,Brisbane Lions,59.5,1.06,NA,Pointsbet,Hawthorn Hawks,2886585,115261920,290,NA
Hawthorn Hawks v Brisbane Lions,Hawthorn Hawks,Brisbane Lions,Player Fantasy Points,Lachie Neale,Brisbane Lions,69.5,1.14,NA,Pointsbet,Hawthorn Hawks,2886585,115261920,291,NA
Hawthorn Hawks v Brisbane Lions,Hawthorn Hawks,Brisbane Lions,Player Fantasy Points,Lachie Neale,Brisbane Lions,79.5,1.33,NA,Pointsbet,Hawthorn Hawks,2886585,115261920,292,NA
Hawthorn Hawks v Brisbane Lions,Hawthorn Hawks,Brisbane Lions,Player Fantasy Points,Lachie Neale,Brisbane Lions,89.5,1.71,NA,Pointsbet,Hawthorn Hawks,2886585,115261920,293,NA
Hawthorn Hawks v Brisbane Lions,Hawthorn Hawks,Brisbane Lions,Player Fantasy Points,Lachie Neale,Brisbane Lions,99.5,2.4,NA,Pointsbet,Hawthorn Hawks,2886585,115261920,294,NA
Hawthorn Hawks v Brisbane Lions,Hawthorn Hawks,Brisbane Lions,Player Fantasy Points,Lachie Neale,Brisbane Lions,109.5,3.8,NA,Pointsbet,Hawthorn Hawks,2886585,115261920,295,NA
Hawthorn Hawks v Brisbane Lions,Hawthorn Hawks,Brisbane Lions,Player Fantasy Points,Lachie Neale,Brisbane Lions,119.5,6.5,NA,Pointsbet,Hawthorn Hawks,2886585,115261920,296,NA
Hawthorn Hawks v Brisbane Lions,Hawthorn Hawks,Brisbane Lions,Player Fantasy Points,Darcy Fort,Brisbane Lions,49.5,1.2,NA,Pointsbet,Hawthorn Hawks,2886585,115261920,305,NA
Hawthorn Hawks v Brisbane Lions,Hawthorn Hawks,Brisbane Lions,Player Fantasy Points,Darcy Fort,Brisbane Lions,59.5,1.44,NA,Pointsbet,Hawthorn Hawks,2886585,115261920,306,NA
Hawthorn Hawks v Brisbane Lions,Hawthorn Hawks,Brisbane Lions,Player Fantasy Points,Darcy Fort,Brisbane Lions,69.5,2,NA,Pointsbet,Hawthorn Hawks,2886585,115261920,307,NA
Hawthorn Hawks v Brisbane Lions,Hawthorn Hawks,Brisbane Lions,Player Fantasy Points,Darcy Fort,Brisbane Lions,79.5,3.2,NA,Pointsbet,Hawthorn Hawks,2886585,115261920,308,NA
Hawthorn Hawks v Brisbane Lions,Hawthorn Hawks,Brisbane Lions,Player Fantasy Points,Darcy Fort,Brisbane Lions,89.5,5.5,NA,Pointsbet,Hawthorn Hawks,2886585,115261920,309,NA
Hawthorn Hawks v Brisbane Lions,Hawthorn Hawks,Brisbane Lions,Player Fantasy Points,Darcy Fort,Brisbane Lions,99.5,11,NA,Pointsbet,Hawthorn Hawks,2886585,115261920,310,NA
Hawthorn Hawks v Brisbane Lions,Hawthorn Hawks,Brisbane Lions,Player Fantasy Points,Darcy Fort,Brisbane Lions,109.5,21,NA,Pointsbet,Hawthorn Hawks,2886585,115261920,311,NA
Hawthorn Hawks v Brisbane Lions,Hawthorn Hawks,Brisbane Lions,Player Fantasy Points,Charlie Cameron,Brisbane Lions,49.5,1.22,NA,Pointsbet,Hawthorn Hawks,2886585,115261920,313,NA
Hawthorn Hawks v Brisbane Lions,Hawthorn Hawks,Brisbane Lions,Player Fantasy Points,Charlie Cameron,Brisbane Lions,59.5,1.5,NA,Pointsbet,Hawthorn Hawks,2886585,115261920,314,NA
Hawthorn Hawks v Brisbane Lions,Hawthorn Hawks,Brisbane Lions,Player Fantasy Points,Charlie Cameron,Brisbane Lions,69.5,2.1,NA,Pointsbet,Hawthorn Hawks,2886585,115261920,315,NA
Hawthorn Hawks v Brisbane Lions,Hawthorn Hawks,Brisbane Lions,Player Fantasy Points,Charlie Cameron,Brisbane Lions,79.5,3.3,NA,Pointsbet,Hawthorn Hawks,2886585,115261920,316,NA
Hawthorn Hawks v Brisbane Lions,Hawthorn Hawks,Brisbane Lions,Player Fantasy Points,Charlie Cameron,Brisbane Lions,89.5,6,NA,Pointsbet,Hawthorn Hawks,2886585,115261920,317,NA
Hawthorn Hawks v Brisbane Lions,Hawthorn Hawks,Brisbane Lions,Player Fantasy Points,Charlie Cameron,Brisbane Lions,99.5,12,NA,Pointsbet,Hawthorn Hawks,2886585,115261920,318,NA
Hawthorn Hawks v Brisbane Lions,Hawthorn Hawks,Brisbane Lions,Player Fantasy Points,Josh Dunkley,Brisbane Lions,69.5,1.08,NA,Pointsbet,Hawthorn Hawks,2886585,115261920,323,NA
Hawthorn Hawks v Brisbane Lions,Hawthorn Hawks,Brisbane Lions,Player Fantasy Points,Josh Dunkley,Brisbane Lions,79.5,1.2,NA,Pointsbet,Hawthorn Hawks,2886585,115261920,324,NA
Hawthorn Hawks v Brisbane Lions,Hawthorn Hawks,Brisbane Lions,Player Fantasy Points,Josh Dunkley,Brisbane Lions,89.5,1.42,NA,Pointsbet,Hawthorn Hawks,2886585,115261920,325,NA
Hawthorn Hawks v Brisbane Lions,Hawthorn Hawks,Brisbane Lions,Player Fantasy Points,Josh Dunkley,Brisbane Lions,99.5,1.87,NA,Pointsbet,Hawthorn Hawks,2886585,115261920,326,NA
Hawthorn Hawks v Brisbane Lions,Hawthorn Hawks,Brisbane Lions,Player Fantasy Points,Josh Dunkley,Brisbane Lions,109.5,2.65,NA,Pointsbet,Hawthorn Hawks,2886585,115261920,327,NA
Hawthorn Hawks v Brisbane Lions,Hawthorn Hawks,Brisbane Lions,Player Fantasy Points,Josh Dunkley,Brisbane Lions,119.5,4.3,NA,Pointsbet,Hawthorn Hawks,2886585,115261920,328,NA
Hawthorn Hawks v Brisbane Lions,Hawthorn Hawks,Brisbane Lions,Player Fantasy Points,Eric Hipwood,Brisbane Lions,49.5,1.22,NA,Pointsbet,Hawthorn Hawks,2886585,115261920,329,NA
Hawthorn Hawks v Brisbane Lions,Hawthorn Hawks,Brisbane Lions,Player Fantasy Points,Eric Hipwood,Brisbane Lions,59.5,1.5,NA,Pointsbet,Hawthorn Hawks,2886585,115261920,330,NA
Hawthorn Hawks v Brisbane Lions,Hawthorn Hawks,Brisbane Lions,Player Fantasy Points,Eric Hipwood,Brisbane Lions,69.5,2.15,NA,Pointsbet,Hawthorn Hawks,2886585,115261920,331,NA
Hawthorn Hawks v Brisbane Lions,Hawthorn Hawks,Brisbane Lions,Player Fantasy Points,Eric Hipwood,Brisbane Lions,79.5,3.4,NA,Pointsbet,Hawthorn Hawks,2886585,115261920,332,NA
Hawthorn Hawks v Brisbane Lions,Hawthorn Hawks,Brisbane Lions,Player Fantasy Points,Eric Hipwood,Brisbane Lions,89.5,6,NA,Pointsbet,Hawthorn Hawks,2886585,115261920,333,NA
Hawthorn Hawks v Brisbane Lions,Hawthorn Hawks,Brisbane Lions,Player Fantasy Points,Eric Hipwood,Brisbane Lions,99.5,12,NA,Pointsbet,Hawthorn Hawks,2886585,115261920,334,NA
Hawthorn Hawks v Brisbane Lions,Hawthorn Hawks,Brisbane Lions,Player Fantasy Points,Harris Andrews,Brisbane Lions,49.5,1.24,NA,Pointsbet,Hawthorn Hawks,2886585,115261920,337,NA
Hawthorn Hawks v Brisbane Lions,Hawthorn Hawks,Brisbane Lions,Player Fantasy Points,Harris Andrews,Brisbane Lions,59.5,1.53,NA,Pointsbet,Hawthorn Hawks,2886585,115261920,338,NA
Hawthorn Hawks v Brisbane Lions,Hawthorn Hawks,Brisbane Lions,Player Fantasy Points,Harris Andrews,Brisbane Lions,69.5,2.25,NA,Pointsbet,Hawthorn Hawks,2886585,115261920,339,NA
Hawthorn Hawks v Brisbane Lions,Hawthorn Hawks,Brisbane Lions,Player Fantasy Points,Harris Andrews,Brisbane Lions,79.5,3.6,NA,Pointsbet,Hawthorn Hawks,2886585,115261920,340,NA
Hawthorn Hawks v Brisbane Lions,Hawthorn Hawks,Brisbane Lions,Player Fantasy Points,Harris Andrews,Brisbane Lions,89.5,6.5,NA,Pointsbet,Hawthorn Hawks,2886585,115261920,341,NA
Hawthorn Hawks v Brisbane Lions,Hawthorn Hawks,Brisbane Lions,Player Fantasy Points,Harris Andrews,Brisbane Lions,99.5,14,NA,Pointsbet,Hawthorn Hawks,2886585,115261920,342,NA
Hawthorn Hawks v Brisbane Lions,Hawthorn Hawks,Brisbane Lions,Player Fantasy Points,Conor McKenna,Brisbane Lions,49.5,1.11,NA,Pointsbet,Hawthorn Hawks,2886585,115261920,345,NA
Hawthorn Hawks v Brisbane Lions,Hawthorn Hawks,Brisbane Lions,Player Fantasy Points,Conor McKenna,Brisbane Lions,59.5,1.31,NA,Pointsbet,Hawthorn Hawks,2886585,115261920,346,NA
Hawthorn Hawks v Brisbane Lions,Hawthorn Hawks,Brisbane Lions,Player Fantasy Points,Conor McKenna,Brisbane Lions,69.5,1.71,NA,Pointsbet,Hawthorn Hawks,2886585,115261920,347,NA
Hawthorn Hawks v Brisbane Lions,Hawthorn Hawks,Brisbane Lions,Player Fantasy Points,Conor McKenna,Brisbane Lions,79.5,2.45,NA,Pointsbet,Hawthorn Hawks,2886585,115261920,348,NA
Hawthorn Hawks v Brisbane Lions,Hawthorn Hawks,Brisbane Lions,Player Fantasy Points,Conor McKenna,Brisbane Lions,89.5,4.1,NA,Pointsbet,Hawthorn Hawks,2886585,115261920,349,NA
Hawthorn Hawks v Brisbane Lions,Hawthorn Hawks,Brisbane Lions,Player Fantasy Points,Conor McKenna,Brisbane Lions,99.5,7.5,NA,Pointsbet,Hawthorn Hawks,2886585,115261920,350,NA
Hawthorn Hawks v Brisbane Lions,Hawthorn Hawks,Brisbane Lions,Player Fantasy Points,Conor McKenna,Brisbane Lions,109.5,16,NA,Pointsbet,Hawthorn Hawks,2886585,115261920,351,NA
Hawthorn Hawks v Brisbane Lions,Hawthorn Hawks,Brisbane Lions,Player Fantasy Points,Jarrod Berry,Brisbane Lions,49.5,1.05,NA,Pointsbet,Hawthorn Hawks,2886585,115261920,353,NA
Hawthorn Hawks v Brisbane Lions,Hawthorn Hawks,Brisbane Lions,Player Fantasy Points,Jarrod Berry,Brisbane Lions,59.5,1.14,NA,Pointsbet,Hawthorn Hawks,2886585,115261920,354,NA
Hawthorn Hawks v Brisbane Lions,Hawthorn Hawks,Brisbane Lions,Player Fantasy Points,Jarrod Berry,Brisbane Lions,69.5,1.33,NA,Pointsbet,Hawthorn Hawks,2886585,115261920,355,NA
Hawthorn Hawks v Brisbane Lions,Hawthorn Hawks,Brisbane Lions,Player Fantasy Points,Jarrod Berry,Brisbane Lions,79.5,1.69,NA,Pointsbet,Hawthorn Hawks,2886585,115261920,356,NA
Hawthorn Hawks v Brisbane Lions,Hawthorn Hawks,Brisbane Lions,Player Fantasy Points,Jarrod Berry,Brisbane Lions,89.5,2.45,NA,Pointsbet,Hawthorn Hawks,2886585,115261920,357,NA
Hawthorn Hawks v Brisbane Lions,Hawthorn Hawks,Brisbane Lions,Player Fantasy Points,Jarrod Berry,Brisbane Lions,99.5,4,NA,Pointsbet,Hawthorn Hawks,2886585,115261920,358,NA
Hawthorn Hawks v Brisbane Lions,Hawthorn Hawks,Brisbane Lions,Player Fantasy Points,Jarrod Berry,Brisbane Lions,109.5,7,NA,Pointsbet,Hawthorn Hawks,2886585,115261920,359,NA
Hawthorn Hawks v Brisbane Lions,Hawthorn Hawks,Brisbane Lions,Player Fantasy Points,Jarrod Berry,Brisbane Lions,119.5,14,NA,Pointsbet,Hawthorn Hawks,2886585,115261920,360,NA
Hawthorn Hawks v Brisbane Lions,Hawthorn Hawks,Brisbane Lions,Player Fantasy Points,Sam Draper,Brisbane Lions,49.5,1.24,NA,Pointsbet,Hawthorn Hawks,2886585,115261920,361,NA
Hawthorn Hawks v Brisbane Lions,Hawthorn Hawks,Brisbane Lions,Player Fantasy Points,Sam Draper,Brisbane Lions,59.5,1.56,NA,Pointsbet,Hawthorn Hawks,2886585,115261920,362,NA
Hawthorn Hawks v Brisbane Lions,Hawthorn Hawks,Brisbane Lions,Player Fantasy Points,Sam Draper,Brisbane Lions,69.5,2.25,NA,Pointsbet,Hawthorn Hawks,2886585,115261920,363,NA
Hawthorn Hawks v Brisbane Lions,Hawthorn Hawks,Brisbane Lions,Player Fantasy Points,Sam Draper,Brisbane Lions,79.5,3.5,NA,Pointsbet,Hawthorn Hawks,2886585,115261920,364,NA
Hawthorn Hawks v Brisbane Lions,Hawthorn Hawks,Brisbane Lions,Player Fantasy Points,Sam Draper,Brisbane Lions,89.5,6.5,NA,Pointsbet,Hawthorn Hawks,2886585,115261920,365,NA
Hawthorn Hawks v Brisbane Lions,Hawthorn Hawks,Brisbane Lions,Player Fantasy Points,Sam Draper,Brisbane Lions,99.5,13,NA,Pointsbet,Hawthorn Hawks,2886585,115261920,366,NA
