match,home_team,away_team,market_name,player_name,player_team,line,over_price,agency,opposition_team,EventKey,MarketKey,OutcomeKey
Sydney Swans v Fremantle Dockers,Sydney Swans,Fremantle Dockers,Player Tackles,Hayden McLean,Sydney Swans,1.5,1.25,Pointsbet,Fremantle Dockers,2886584,115261091,1
Sydney Swans v Fremantle Dockers,Sydney Swans,Fremantle Dockers,Player Tackles,Hayden McLean,Sydney Swans,3.5,2.9,Pointsbet,Fremantle Dockers,2886584,115261091,2
Sydney Swans v Fremantle Dockers,Sydney Swans,Fremantle Dockers,Player Tackles,Hayden McLean,Sydney Swans,5.5,11,Pointsbet,Fremantle Dockers,2886584,115261091,3
Sydney Swans v Fremantle Dockers,Sydney Swans,Fremantle Dockers,Player Tackles,James Rowbottom,Sydney Swans,3.5,1.04,Pointsbet,Fremantle Dockers,2886584,115261091,7
Sydney Swans v Fremantle Dockers,Sydney Swans,Fremantle Dockers,Player Tackles,James Rowbottom,Sydney Swans,5.5,1.27,Pointsbet,Fremantle Dockers,2886584,115261091,8
Sydney Swans v Fremantle Dockers,Sydney Swans,Fremantle Dockers,Player Tackles,James Rowbottom,Sydney Swans,7.5,1.95,Pointsbet,Fremantle Dockers,2886584,115261091,9
Sydney Swans v Fremantle Dockers,Sydney Swans,Fremantle Dockers,Player Tackles,James Rowbottom,Sydney Swans,9.5,3.8,Pointsbet,Fremantle Dockers,2886584,115261091,10
Sydney Swans v Fremantle Dockers,Sydney Swans,Fremantle Dockers,Player Tackles,Sam Wicks,Sydney Swans,1.5,1.24,Pointsbet,Fremantle Dockers,2886584,115261091,11
Sydney Swans v Fremantle Dockers,Sydney Swans,Fremantle Dockers,Player Tackles,Sam Wicks,Sydney Swans,3.5,2.9,Pointsbet,Fremantle Dockers,2886584,115261091,12
Sydney Swans v Fremantle Dockers,Sydney Swans,Fremantle Dockers,Player Tackles,Sam Wicks,Sydney Swans,5.5,11,Pointsbet,Fremantle Dockers,2886584,115261091,13
Sydney Swans v Fremantle Dockers,Sydney Swans,Fremantle Dockers,Player Tackles,Tom McCartin,Sydney Swans,1.5,1.42,Pointsbet,Fremantle Dockers,2886584,115261091,16
Sydney Swans v Fremantle Dockers,Sydney Swans,Fremantle Dockers,Player Tackles,Tom McCartin,Sydney Swans,3.5,4.3,Pointsbet,Fremantle Dockers,2886584,115261091,17
Sydney Swans v Fremantle Dockers,Sydney Swans,Fremantle Dockers,Player Tackles,Matt Roberts,Sydney Swans,1.5,1.2,Pointsbet,Fremantle Dockers,2886584,115261091,21
Sydney Swans v Fremantle Dockers,Sydney Swans,Fremantle Dockers,Player Tackles,Matt Roberts,Sydney Swans,3.5,2.5,Pointsbet,Fremantle Dockers,2886584,115261091,22
Sydney Swans v Fremantle Dockers,Sydney Swans,Fremantle Dockers,Player Tackles,Matt Roberts,Sydney Swans,5.5,9,Pointsbet,Fremantle Dockers,2886584,115261091,23
Sydney Swans v Fremantle Dockers,Sydney Swans,Fremantle Dockers,Player Tackles,Errol Gulden,Sydney Swans,1.5,1.02,Pointsbet,Fremantle Dockers,2886584,115261091,26
Sydney Swans v Fremantle Dockers,Sydney Swans,Fremantle Dockers,Player Tackles,Errol Gulden,Sydney Swans,3.5,1.27,Pointsbet,Fremantle Dockers,2886584,115261091,27
Sydney Swans v Fremantle Dockers,Sydney Swans,Fremantle Dockers,Player Tackles,Errol Gulden,Sydney Swans,5.5,2.25,Pointsbet,Fremantle Dockers,2886584,115261091,28
Sydney Swans v Fremantle Dockers,Sydney Swans,Fremantle Dockers,Player Tackles,Errol Gulden,Sydney Swans,7.5,5.25,Pointsbet,Fremantle Dockers,2886584,115261091,29
Sydney Swans v Fremantle Dockers,Sydney Swans,Fremantle Dockers,Player Tackles,Braeden Campbell,Sydney Swans,1.5,1.07,Pointsbet,Fremantle Dockers,2886584,115261091,31
Sydney Swans v Fremantle Dockers,Sydney Swans,Fremantle Dockers,Player Tackles,Braeden Campbell,Sydney Swans,3.5,1.67,Pointsbet,Fremantle Dockers,2886584,115261091,32
Sydney Swans v Fremantle Dockers,Sydney Swans,Fremantle Dockers,Player Tackles,Braeden Campbell,Sydney Swans,5.5,3.8,Pointsbet,Fremantle Dockers,2886584,115261091,33
Sydney Swans v Fremantle Dockers,Sydney Swans,Fremantle Dockers,Player Tackles,Braeden Campbell,Sydney Swans,7.5,11.5,Pointsbet,Fremantle Dockers,2886584,115261091,34
Sydney Swans v Fremantle Dockers,Sydney Swans,Fremantle Dockers,Player Tackles,Logan McDonald,Sydney Swans,1.5,1.36,Pointsbet,Fremantle Dockers,2886584,115261091,36
Sydney Swans v Fremantle Dockers,Sydney Swans,Fremantle Dockers,Player Tackles,Logan McDonald,Sydney Swans,3.5,3.6,Pointsbet,Fremantle Dockers,2886584,115261091,37
Sydney Swans v Fremantle Dockers,Sydney Swans,Fremantle Dockers,Player Tackles,Angus Sheldrick,Sydney Swans,1.5,1.07,Pointsbet,Fremantle Dockers,2886584,115261091,41
Sydney Swans v Fremantle Dockers,Sydney Swans,Fremantle Dockers,Player Tackles,Angus Sheldrick,Sydney Swans,3.5,1.63,Pointsbet,Fremantle Dockers,2886584,115261091,42
Sydney Swans v Fremantle Dockers,Sydney Swans,Fremantle Dockers,Player Tackles,Angus Sheldrick,Sydney Swans,5.5,3.8,Pointsbet,Fremantle Dockers,2886584,115261091,43
Sydney Swans v Fremantle Dockers,Sydney Swans,Fremantle Dockers,Player Tackles,Angus Sheldrick,Sydney Swans,7.5,12,Pointsbet,Fremantle Dockers,2886584,115261091,44
Sydney Swans v Fremantle Dockers,Sydney Swans,Fremantle Dockers,Player Tackles,Caiden Cleary,Sydney Swans,1.5,1.18,Pointsbet,Fremantle Dockers,2886584,115261091,46
Sydney Swans v Fremantle Dockers,Sydney Swans,Fremantle Dockers,Player Tackles,Caiden Cleary,Sydney Swans,3.5,2.5,Pointsbet,Fremantle Dockers,2886584,115261091,47
Sydney Swans v Fremantle Dockers,Sydney Swans,Fremantle Dockers,Player Tackles,Caiden Cleary,Sydney Swans,5.5,8,Pointsbet,Fremantle Dockers,2886584,115261091,48
Sydney Swans v Fremantle Dockers,Sydney Swans,Fremantle Dockers,Player Tackles,Jesse Dattoli,Sydney Swans,1.5,1.2,Pointsbet,Fremantle Dockers,2886584,115261091,56
Sydney Swans v Fremantle Dockers,Sydney Swans,Fremantle Dockers,Player Tackles,Jesse Dattoli,Sydney Swans,3.5,2.6,Pointsbet,Fremantle Dockers,2886584,115261091,57
Sydney Swans v Fremantle Dockers,Sydney Swans,Fremantle Dockers,Player Tackles,Jesse Dattoli,Sydney Swans,5.5,9,Pointsbet,Fremantle Dockers,2886584,115261091,58
Sydney Swans v Fremantle Dockers,Sydney Swans,Fremantle Dockers,Player Tackles,Dane Rampe,Sydney Swans,1.5,1.33,Pointsbet,Fremantle Dockers,2886584,115261091,61
Sydney Swans v Fremantle Dockers,Sydney Swans,Fremantle Dockers,Player Tackles,Dane Rampe,Sydney Swans,3.5,3.5,Pointsbet,Fremantle Dockers,2886584,115261091,62
Sydney Swans v Fremantle Dockers,Sydney Swans,Fremantle Dockers,Player Tackles,Brodie Grundy,Sydney Swans,1.5,1.06,Pointsbet,Fremantle Dockers,2886584,115261091,71
Sydney Swans v Fremantle Dockers,Sydney Swans,Fremantle Dockers,Player Tackles,Brodie Grundy,Sydney Swans,3.5,1.53,Pointsbet,Fremantle Dockers,2886584,115261091,72
Sydney Swans v Fremantle Dockers,Sydney Swans,Fremantle Dockers,Player Tackles,Brodie Grundy,Sydney Swans,5.5,3.3,Pointsbet,Fremantle Dockers,2886584,115261091,73
Sydney Swans v Fremantle Dockers,Sydney Swans,Fremantle Dockers,Player Tackles,Brodie Grundy,Sydney Swans,7.5,10,Pointsbet,Fremantle Dockers,2886584,115261091,74
Sydney Swans v Fremantle Dockers,Sydney Swans,Fremantle Dockers,Player Tackles,Joel Hamling,Sydney Swans,1.5,1.13,Pointsbet,Fremantle Dockers,2886584,115261091,76
Sydney Swans v Fremantle Dockers,Sydney Swans,Fremantle Dockers,Player Tackles,Joel Hamling,Sydney Swans,3.5,2.1,Pointsbet,Fremantle Dockers,2886584,115261091,77
Sydney Swans v Fremantle Dockers,Sydney Swans,Fremantle Dockers,Player Tackles,Joel Hamling,Sydney Swans,5.5,5.75,Pointsbet,Fremantle Dockers,2886584,115261091,78
Sydney Swans v Fremantle Dockers,Sydney Swans,Fremantle Dockers,Player Tackles,Jake Lloyd,Sydney Swans,1.5,1.29,Pointsbet,Fremantle Dockers,2886584,115261091,81
Sydney Swans v Fremantle Dockers,Sydney Swans,Fremantle Dockers,Player Tackles,Jake Lloyd,Sydney Swans,3.5,3.2,Pointsbet,Fremantle Dockers,2886584,115261091,82
Sydney Swans v Fremantle Dockers,Sydney Swans,Fremantle Dockers,Player Tackles,Jake Lloyd,Sydney Swans,5.5,13,Pointsbet,Fremantle Dockers,2886584,115261091,83
Sydney Swans v Fremantle Dockers,Sydney Swans,Fremantle Dockers,Player Tackles,Tom Papley,Sydney Swans,1.5,1.07,Pointsbet,Fremantle Dockers,2886584,115261091,91
Sydney Swans v Fremantle Dockers,Sydney Swans,Fremantle Dockers,Player Tackles,Tom Papley,Sydney Swans,3.5,1.69,Pointsbet,Fremantle Dockers,2886584,115261091,92
Sydney Swans v Fremantle Dockers,Sydney Swans,Fremantle Dockers,Player Tackles,Tom Papley,Sydney Swans,5.5,4.1,Pointsbet,Fremantle Dockers,2886584,115261091,93
Sydney Swans v Fremantle Dockers,Sydney Swans,Fremantle Dockers,Player Tackles,Charlie Curnow,Sydney Swans,1.5,1.63,Pointsbet,Fremantle Dockers,2886584,115261091,96
Sydney Swans v Fremantle Dockers,Sydney Swans,Fremantle Dockers,Player Tackles,Charlie Curnow,Sydney Swans,3.5,5.5,Pointsbet,Fremantle Dockers,2886584,115261091,97
Sydney Swans v Fremantle Dockers,Sydney Swans,Fremantle Dockers,Player Tackles,Jai Serong,Sydney Swans,1.5,1.07,Pointsbet,Fremantle Dockers,2886584,115261091,101
Sydney Swans v Fremantle Dockers,Sydney Swans,Fremantle Dockers,Player Tackles,Jai Serong,Sydney Swans,3.5,1.59,Pointsbet,Fremantle Dockers,2886584,115261091,102
Sydney Swans v Fremantle Dockers,Sydney Swans,Fremantle Dockers,Player Tackles,Jai Serong,Sydney Swans,5.5,3.8,Pointsbet,Fremantle Dockers,2886584,115261091,103
Sydney Swans v Fremantle Dockers,Sydney Swans,Fremantle Dockers,Player Tackles,Jai Serong,Sydney Swans,7.5,12,Pointsbet,Fremantle Dockers,2886584,115261091,104
Sydney Swans v Fremantle Dockers,Sydney Swans,Fremantle Dockers,Player Tackles,Billy Cootee,Sydney Swans,1.5,1.08,Pointsbet,Fremantle Dockers,2886584,115261091,106
Sydney Swans v Fremantle Dockers,Sydney Swans,Fremantle Dockers,Player Tackles,Billy Cootee,Sydney Swans,3.5,1.74,Pointsbet,Fremantle Dockers,2886584,115261091,107
Sydney Swans v Fremantle Dockers,Sydney Swans,Fremantle Dockers,Player Tackles,Billy Cootee,Sydney Swans,5.5,4.3,Pointsbet,Fremantle Dockers,2886584,115261091,108
Sydney Swans v Fremantle Dockers,Sydney Swans,Fremantle Dockers,Player Tackles,Harry Kyle,Sydney Swans,1.5,1.36,Pointsbet,Fremantle Dockers,2886584,115261091,111
Sydney Swans v Fremantle Dockers,Sydney Swans,Fremantle Dockers,Player Tackles,Harry Kyle,Sydney Swans,3.5,3.6,Pointsbet,Fremantle Dockers,2886584,115261091,112
Sydney Swans v Fremantle Dockers,Sydney Swans,Fremantle Dockers,Player Tackles,Mason Cox,Fremantle Dockers,1.5,1.57,Pointsbet,Sydney Swans,2886584,115261091,116
Sydney Swans v Fremantle Dockers,Sydney Swans,Fremantle Dockers,Player Tackles,Mason Cox,Fremantle Dockers,3.5,5.5,Pointsbet,Sydney Swans,2886584,115261091,117
Sydney Swans v Fremantle Dockers,Sydney Swans,Fremantle Dockers,Player Tackles,Andrew Brayshaw,Fremantle Dockers,3.5,1.1,Pointsbet,Sydney Swans,2886584,115261091,122
Sydney Swans v Fremantle Dockers,Sydney Swans,Fremantle Dockers,Player Tackles,Andrew Brayshaw,Fremantle Dockers,5.5,1.57,Pointsbet,Sydney Swans,2886584,115261091,123
Sydney Swans v Fremantle Dockers,Sydney Swans,Fremantle Dockers,Player Tackles,Andrew Brayshaw,Fremantle Dockers,7.5,3,Pointsbet,Sydney Swans,2886584,115261091,124
Sydney Swans v Fremantle Dockers,Sydney Swans,Fremantle Dockers,Player Tackles,Andrew Brayshaw,Fremantle Dockers,9.5,7,Pointsbet,Sydney Swans,2886584,115261091,125
Sydney Swans v Fremantle Dockers,Sydney Swans,Fremantle Dockers,Player Tackles,Jordan Clark,Fremantle Dockers,1.5,1.24,Pointsbet,Sydney Swans,2886584,115261091,126
Sydney Swans v Fremantle Dockers,Sydney Swans,Fremantle Dockers,Player Tackles,Jordan Clark,Fremantle Dockers,3.5,2.85,Pointsbet,Sydney Swans,2886584,115261091,127
Sydney Swans v Fremantle Dockers,Sydney Swans,Fremantle Dockers,Player Tackles,Jordan Clark,Fremantle Dockers,5.5,11,Pointsbet,Sydney Swans,2886584,115261091,128
Sydney Swans v Fremantle Dockers,Sydney Swans,Fremantle Dockers,Player Tackles,Hayden Young,Fremantle Dockers,1.5,1.06,Pointsbet,Sydney Swans,2886584,115261091,131
Sydney Swans v Fremantle Dockers,Sydney Swans,Fremantle Dockers,Player Tackles,Hayden Young,Fremantle Dockers,3.5,1.56,Pointsbet,Sydney Swans,2886584,115261091,132
Sydney Swans v Fremantle Dockers,Sydney Swans,Fremantle Dockers,Player Tackles,Hayden Young,Fremantle Dockers,5.5,3.5,Pointsbet,Sydney Swans,2886584,115261091,133
Sydney Swans v Fremantle Dockers,Sydney Swans,Fremantle Dockers,Player Tackles,Hayden Young,Fremantle Dockers,7.5,11,Pointsbet,Sydney Swans,2886584,115261091,134
Sydney Swans v Fremantle Dockers,Sydney Swans,Fremantle Dockers,Player Tackles,Luke Jackson,Fremantle Dockers,1.5,1.02,Pointsbet,Sydney Swans,2886584,115261091,136
Sydney Swans v Fremantle Dockers,Sydney Swans,Fremantle Dockers,Player Tackles,Luke Jackson,Fremantle Dockers,3.5,1.27,Pointsbet,Sydney Swans,2886584,115261091,137
Sydney Swans v Fremantle Dockers,Sydney Swans,Fremantle Dockers,Player Tackles,Luke Jackson,Fremantle Dockers,5.5,2.25,Pointsbet,Sydney Swans,2886584,115261091,138
Sydney Swans v Fremantle Dockers,Sydney Swans,Fremantle Dockers,Player Tackles,Luke Jackson,Fremantle Dockers,7.5,5.5,Pointsbet,Sydney Swans,2886584,115261091,139
Sydney Swans v Fremantle Dockers,Sydney Swans,Fremantle Dockers,Player Tackles,Caleb Serong,Fremantle Dockers,3.5,1.16,Pointsbet,Sydney Swans,2886584,115261091,142
Sydney Swans v Fremantle Dockers,Sydney Swans,Fremantle Dockers,Player Tackles,Caleb Serong,Fremantle Dockers,5.5,1.74,Pointsbet,Sydney Swans,2886584,115261091,143
Sydney Swans v Fremantle Dockers,Sydney Swans,Fremantle Dockers,Player Tackles,Caleb Serong,Fremantle Dockers,7.5,3.6,Pointsbet,Sydney Swans,2886584,115261091,144
Sydney Swans v Fremantle Dockers,Sydney Swans,Fremantle Dockers,Player Tackles,Caleb Serong,Fremantle Dockers,9.5,9.5,Pointsbet,Sydney Swans,2886584,115261091,145
Sydney Swans v Fremantle Dockers,Sydney Swans,Fremantle Dockers,Player Tackles,Isaiah Dudley,Fremantle Dockers,1.5,1.42,Pointsbet,Sydney Swans,2886584,115261091,146
Sydney Swans v Fremantle Dockers,Sydney Swans,Fremantle Dockers,Player Tackles,Isaiah Dudley,Fremantle Dockers,3.5,4.1,Pointsbet,Sydney Swans,2886584,115261091,147
Sydney Swans v Fremantle Dockers,Sydney Swans,Fremantle Dockers,Player Tackles,Josh Treacy,Fremantle Dockers,1.5,1.44,Pointsbet,Sydney Swans,2886584,115261091,151
Sydney Swans v Fremantle Dockers,Sydney Swans,Fremantle Dockers,Player Tackles,Josh Treacy,Fremantle Dockers,3.5,4.3,Pointsbet,Sydney Swans,2886584,115261091,152
Sydney Swans v Fremantle Dockers,Sydney Swans,Fremantle Dockers,Player Tackles,Heath Chapman,Fremantle Dockers,1.5,1.42,Pointsbet,Sydney Swans,2886584,115261091,156
Sydney Swans v Fremantle Dockers,Sydney Swans,Fremantle Dockers,Player Tackles,Heath Chapman,Fremantle Dockers,3.5,4.3,Pointsbet,Sydney Swans,2886584,115261091,157
Sydney Swans v Fremantle Dockers,Sydney Swans,Fremantle Dockers,Player Tackles,Matthew Johnson,Fremantle Dockers,1.5,1.08,Pointsbet,Sydney Swans,2886584,115261091,161
Sydney Swans v Fremantle Dockers,Sydney Swans,Fremantle Dockers,Player Tackles,Matthew Johnson,Fremantle Dockers,3.5,1.77,Pointsbet,Sydney Swans,2886584,115261091,162
Sydney Swans v Fremantle Dockers,Sydney Swans,Fremantle Dockers,Player Tackles,Matthew Johnson,Fremantle Dockers,5.5,4.3,Pointsbet,Sydney Swans,2886584,115261091,163
Sydney Swans v Fremantle Dockers,Sydney Swans,Fremantle Dockers,Player Tackles,Patrick Voss,Fremantle Dockers,1.5,1.16,Pointsbet,Sydney Swans,2886584,115261091,166
Sydney Swans v Fremantle Dockers,Sydney Swans,Fremantle Dockers,Player Tackles,Patrick Voss,Fremantle Dockers,3.5,2.25,Pointsbet,Sydney Swans,2886584,115261091,167
Sydney Swans v Fremantle Dockers,Sydney Swans,Fremantle Dockers,Player Tackles,Patrick Voss,Fremantle Dockers,5.5,6.5,Pointsbet,Sydney Swans,2886584,115261091,168
Sydney Swans v Fremantle Dockers,Sydney Swans,Fremantle Dockers,Player Tackles,Neil Erasmus,Fremantle Dockers,1.5,1.25,Pointsbet,Sydney Swans,2886584,115261091,171
Sydney Swans v Fremantle Dockers,Sydney Swans,Fremantle Dockers,Player Tackles,Neil Erasmus,Fremantle Dockers,3.5,2.9,Pointsbet,Sydney Swans,2886584,115261091,172
Sydney Swans v Fremantle Dockers,Sydney Swans,Fremantle Dockers,Player Tackles,Neil Erasmus,Fremantle Dockers,5.5,11,Pointsbet,Sydney Swans,2886584,115261091,173
Sydney Swans v Fremantle Dockers,Sydney Swans,Fremantle Dockers,Player Tackles,Jye Amiss,Fremantle Dockers,1.5,1.5,Pointsbet,Sydney Swans,2886584,115261091,176
Sydney Swans v Fremantle Dockers,Sydney Swans,Fremantle Dockers,Player Tackles,Jye Amiss,Fremantle Dockers,3.5,5,Pointsbet,Sydney Swans,2886584,115261091,177
Sydney Swans v Fremantle Dockers,Sydney Swans,Fremantle Dockers,Player Tackles,Karl Worner,Fremantle Dockers,1.5,1.18,Pointsbet,Sydney Swans,2886584,115261091,181
Sydney Swans v Fremantle Dockers,Sydney Swans,Fremantle Dockers,Player Tackles,Karl Worner,Fremantle Dockers,3.5,2.5,Pointsbet,Sydney Swans,2886584,115261091,182
Sydney Swans v Fremantle Dockers,Sydney Swans,Fremantle Dockers,Player Tackles,Karl Worner,Fremantle Dockers,5.5,8,Pointsbet,Sydney Swans,2886584,115261091,183
Sydney Swans v Fremantle Dockers,Sydney Swans,Fremantle Dockers,Player Tackles,Murphy Reid,Fremantle Dockers,1.5,1.53,Pointsbet,Sydney Swans,2886584,115261091,186
Sydney Swans v Fremantle Dockers,Sydney Swans,Fremantle Dockers,Player Tackles,Murphy Reid,Fremantle Dockers,3.5,5,Pointsbet,Sydney Swans,2886584,115261091,187
Sydney Swans v Fremantle Dockers,Sydney Swans,Fremantle Dockers,Player Tackles,Alex Pearce,Fremantle Dockers,1.5,1.74,Pointsbet,Sydney Swans,2886584,115261091,191
Sydney Swans v Fremantle Dockers,Sydney Swans,Fremantle Dockers,Player Tackles,Alex Pearce,Fremantle Dockers,3.5,6.5,Pointsbet,Sydney Swans,2886584,115261091,192
Sydney Swans v Fremantle Dockers,Sydney Swans,Fremantle Dockers,Player Tackles,Sam Switkowski,Fremantle Dockers,1.5,1.14,Pointsbet,Sydney Swans,2886584,115261091,196
Sydney Swans v Fremantle Dockers,Sydney Swans,Fremantle Dockers,Player Tackles,Sam Switkowski,Fremantle Dockers,3.5,2.25,Pointsbet,Sydney Swans,2886584,115261091,197
Sydney Swans v Fremantle Dockers,Sydney Swans,Fremantle Dockers,Player Tackles,Sam Switkowski,Fremantle Dockers,5.5,7,Pointsbet,Sydney Swans,2886584,115261091,198
Sydney Swans v Fremantle Dockers,Sydney Swans,Fremantle Dockers,Player Tackles,Oscar McDonald,Fremantle Dockers,1.5,1.57,Pointsbet,Sydney Swans,2886584,115261091,201
Sydney Swans v Fremantle Dockers,Sydney Swans,Fremantle Dockers,Player Tackles,Oscar McDonald,Fremantle Dockers,3.5,5.5,Pointsbet,Sydney Swans,2886584,115261091,202
Sydney Swans v Fremantle Dockers,Sydney Swans,Fremantle Dockers,Player Tackles,Corey Wagner,Fremantle Dockers,1.5,1.07,Pointsbet,Sydney Swans,2886584,115261091,206
Sydney Swans v Fremantle Dockers,Sydney Swans,Fremantle Dockers,Player Tackles,Corey Wagner,Fremantle Dockers,3.5,1.63,Pointsbet,Sydney Swans,2886584,115261091,207
Sydney Swans v Fremantle Dockers,Sydney Swans,Fremantle Dockers,Player Tackles,Corey Wagner,Fremantle Dockers,5.5,3.8,Pointsbet,Sydney Swans,2886584,115261091,208
Sydney Swans v Fremantle Dockers,Sydney Swans,Fremantle Dockers,Player Tackles,Corey Wagner,Fremantle Dockers,7.5,12,Pointsbet,Sydney Swans,2886584,115261091,209
Sydney Swans v Fremantle Dockers,Sydney Swans,Fremantle Dockers,Player Tackles,Shai Bolton,Fremantle Dockers,1.5,1.08,Pointsbet,Sydney Swans,2886584,115261091,211
Sydney Swans v Fremantle Dockers,Sydney Swans,Fremantle Dockers,Player Tackles,Shai Bolton,Fremantle Dockers,3.5,1.71,Pointsbet,Sydney Swans,2886584,115261091,212
Sydney Swans v Fremantle Dockers,Sydney Swans,Fremantle Dockers,Player Tackles,Shai Bolton,Fremantle Dockers,5.5,4.1,Pointsbet,Sydney Swans,2886584,115261091,213
Sydney Swans v Fremantle Dockers,Sydney Swans,Fremantle Dockers,Player Tackles,Luke Ryan,Fremantle Dockers,1.5,1.33,Pointsbet,Sydney Swans,2886584,115261091,216
Sydney Swans v Fremantle Dockers,Sydney Swans,Fremantle Dockers,Player Tackles,Luke Ryan,Fremantle Dockers,3.5,3.6,Pointsbet,Sydney Swans,2886584,115261091,217
Sydney Swans v Fremantle Dockers,Sydney Swans,Fremantle Dockers,Player Tackles,Michael Frederick,Fremantle Dockers,1.5,1.25,Pointsbet,Sydney Swans,2886584,115261091,221
Sydney Swans v Fremantle Dockers,Sydney Swans,Fremantle Dockers,Player Tackles,Michael Frederick,Fremantle Dockers,3.5,2.85,Pointsbet,Sydney Swans,2886584,115261091,222
Sydney Swans v Fremantle Dockers,Sydney Swans,Fremantle Dockers,Player Tackles,Michael Frederick,Fremantle Dockers,5.5,11,Pointsbet,Sydney Swans,2886584,115261091,223
Sydney Swans v Fremantle Dockers,Sydney Swans,Fremantle Dockers,Player Tackles,Judd McVee,Fremantle Dockers,1.5,1.69,Pointsbet,Sydney Swans,2886584,115261091,226
Sydney Swans v Fremantle Dockers,Sydney Swans,Fremantle Dockers,Player Tackles,Judd McVee,Fremantle Dockers,3.5,6,Pointsbet,Sydney Swans,2886584,115261091,227
Sydney Swans v Fremantle Dockers,Sydney Swans,Fremantle Dockers,Player Tackles,Justin McInerney,Sydney Swans,1.5,1.2,Pointsbet,Fremantle Dockers,2886584,115261091,231
Sydney Swans v Fremantle Dockers,Sydney Swans,Fremantle Dockers,Player Tackles,Justin McInerney,Sydney Swans,3.5,2.6,Pointsbet,Fremantle Dockers,2886584,115261091,232
Sydney Swans v Fremantle Dockers,Sydney Swans,Fremantle Dockers,Player Tackles,Justin McInerney,Sydney Swans,5.5,9,Pointsbet,Fremantle Dockers,2886584,115261091,233
Hawthorn Hawks v Brisbane Lions,Hawthorn Hawks,Brisbane Lions,Player Tackles,Mitch Lewis,Hawthorn Hawks,1.5,1.5,Pointsbet,Brisbane Lions,2886585,115261907,1
Hawthorn Hawks v Brisbane Lions,Hawthorn Hawks,Brisbane Lions,Player Tackles,Mitch Lewis,Hawthorn Hawks,3.5,5,Pointsbet,Brisbane Lions,2886585,115261907,2
Hawthorn Hawks v Brisbane Lions,Hawthorn Hawks,Brisbane Lions,Player Tackles,Lloyd Meek,Hawthorn Hawks,1.5,1.1,Pointsbet,Brisbane Lions,2886585,115261907,11
Hawthorn Hawks v Brisbane Lions,Hawthorn Hawks,Brisbane Lions,Player Tackles,Lloyd Meek,Hawthorn Hawks,3.5,1.87,Pointsbet,Brisbane Lions,2886585,115261907,12
Hawthorn Hawks v Brisbane Lions,Hawthorn Hawks,Brisbane Lions,Player Tackles,Lloyd Meek,Hawthorn Hawks,5.5,5,Pointsbet,Brisbane Lions,2886585,115261907,13
Hawthorn Hawks v Brisbane Lions,Hawthorn Hawks,Brisbane Lions,Player Tackles,Massimo D'Ambrosio,Hawthorn Hawks,1.5,1.22,Pointsbet,Brisbane Lions,2886585,115261907,16
Hawthorn Hawks v Brisbane Lions,Hawthorn Hawks,Brisbane Lions,Player Tackles,Massimo D'Ambrosio,Hawthorn Hawks,3.5,2.75,Pointsbet,Brisbane Lions,2886585,115261907,17
Hawthorn Hawks v Brisbane Lions,Hawthorn Hawks,Brisbane Lions,Player Tackles,Massimo D'Ambrosio,Hawthorn Hawks,5.5,10,Pointsbet,Brisbane Lions,2886585,115261907,18
Hawthorn Hawks v Brisbane Lions,Hawthorn Hawks,Brisbane Lions,Player Tackles,Will Day,Hawthorn Hawks,1.5,1.08,Pointsbet,Brisbane Lions,2886585,115261907,26
Hawthorn Hawks v Brisbane Lions,Hawthorn Hawks,Brisbane Lions,Player Tackles,Will Day,Hawthorn Hawks,3.5,1.69,Pointsbet,Brisbane Lions,2886585,115261907,27
Hawthorn Hawks v Brisbane Lions,Hawthorn Hawks,Brisbane Lions,Player Tackles,Will Day,Hawthorn Hawks,5.5,4.3,Pointsbet,Brisbane Lions,2886585,115261907,28
Hawthorn Hawks v Brisbane Lions,Hawthorn Hawks,Brisbane Lions,Player Tackles,Nick Watson,Hawthorn Hawks,1.5,1.31,Pointsbet,Brisbane Lions,2886585,115261907,51
Hawthorn Hawks v Brisbane Lions,Hawthorn Hawks,Brisbane Lions,Player Tackles,Nick Watson,Hawthorn Hawks,3.5,3.4,Pointsbet,Brisbane Lions,2886585,115261907,52
Hawthorn Hawks v Brisbane Lions,Hawthorn Hawks,Brisbane Lions,Player Tackles,Karl Amon,Hawthorn Hawks,1.5,1.53,Pointsbet,Brisbane Lions,2886585,115261907,81
Hawthorn Hawks v Brisbane Lions,Hawthorn Hawks,Brisbane Lions,Player Tackles,Karl Amon,Hawthorn Hawks,3.5,5,Pointsbet,Brisbane Lions,2886585,115261907,82
Hawthorn Hawks v Brisbane Lions,Hawthorn Hawks,Brisbane Lions,Player Tackles,Tom Barrass,Hawthorn Hawks,1.5,1.9,Pointsbet,Brisbane Lions,2886585,115261907,91
Hawthorn Hawks v Brisbane Lions,Hawthorn Hawks,Brisbane Lions,Player Tackles,Tom Barrass,Hawthorn Hawks,3.5,9,Pointsbet,Brisbane Lions,2886585,115261907,92
Hawthorn Hawks v Brisbane Lions,Hawthorn Hawks,Brisbane Lions,Player Tackles,Mabior Chol,Hawthorn Hawks,1.5,1.18,Pointsbet,Brisbane Lions,2886585,115261907,101
Hawthorn Hawks v Brisbane Lions,Hawthorn Hawks,Brisbane Lions,Player Tackles,Mabior Chol,Hawthorn Hawks,3.5,2.45,Pointsbet,Brisbane Lions,2886585,115261907,102
Hawthorn Hawks v Brisbane Lions,Hawthorn Hawks,Brisbane Lions,Player Tackles,Mabior Chol,Hawthorn Hawks,5.5,7.5,Pointsbet,Brisbane Lions,2886585,115261907,103
Hawthorn Hawks v Brisbane Lions,Hawthorn Hawks,Brisbane Lions,Player Tackles,Oscar Allen,Brisbane Lions,1.5,1.67,Pointsbet,Hawthorn Hawks,2886585,115261907,116
Hawthorn Hawks v Brisbane Lions,Hawthorn Hawks,Brisbane Lions,Player Tackles,Oscar Allen,Brisbane Lions,3.5,6,Pointsbet,Hawthorn Hawks,2886585,115261907,117
Hawthorn Hawks v Brisbane Lions,Hawthorn Hawks,Brisbane Lions,Player Tackles,Hugh McCluggage,Brisbane Lions,1.5,1.18,Pointsbet,Hawthorn Hawks,2886585,115261907,121
Hawthorn Hawks v Brisbane Lions,Hawthorn Hawks,Brisbane Lions,Player Tackles,Hugh McCluggage,Brisbane Lions,3.5,2.4,Pointsbet,Hawthorn Hawks,2886585,115261907,122
Hawthorn Hawks v Brisbane Lions,Hawthorn Hawks,Brisbane Lions,Player Tackles,Hugh McCluggage,Brisbane Lions,5.5,7.5,Pointsbet,Hawthorn Hawks,2886585,115261907,123
Hawthorn Hawks v Brisbane Lions,Hawthorn Hawks,Brisbane Lions,Player Tackles,Cam Rayner,Brisbane Lions,1.5,1.18,Pointsbet,Hawthorn Hawks,2886585,115261907,126
Hawthorn Hawks v Brisbane Lions,Hawthorn Hawks,Brisbane Lions,Player Tackles,Cam Rayner,Brisbane Lions,3.5,2.4,Pointsbet,Hawthorn Hawks,2886585,115261907,127
Hawthorn Hawks v Brisbane Lions,Hawthorn Hawks,Brisbane Lions,Player Tackles,Cam Rayner,Brisbane Lions,5.5,7.5,Pointsbet,Hawthorn Hawks,2886585,115261907,128
Hawthorn Hawks v Brisbane Lions,Hawthorn Hawks,Brisbane Lions,Player Tackles,Zac Bailey,Brisbane Lions,1.5,1.13,Pointsbet,Hawthorn Hawks,2886585,115261907,131
Hawthorn Hawks v Brisbane Lions,Hawthorn Hawks,Brisbane Lions,Player Tackles,Zac Bailey,Brisbane Lions,3.5,2.15,Pointsbet,Hawthorn Hawks,2886585,115261907,132
Hawthorn Hawks v Brisbane Lions,Hawthorn Hawks,Brisbane Lions,Player Tackles,Zac Bailey,Brisbane Lions,5.5,6,Pointsbet,Hawthorn Hawks,2886585,115261907,133
Hawthorn Hawks v Brisbane Lions,Hawthorn Hawks,Brisbane Lions,Player Tackles,Kai Lohmann,Brisbane Lions,1.5,1.25,Pointsbet,Hawthorn Hawks,2886585,115261907,136
Hawthorn Hawks v Brisbane Lions,Hawthorn Hawks,Brisbane Lions,Player Tackles,Kai Lohmann,Brisbane Lions,3.5,2.85,Pointsbet,Hawthorn Hawks,2886585,115261907,137
Hawthorn Hawks v Brisbane Lions,Hawthorn Hawks,Brisbane Lions,Player Tackles,Kai Lohmann,Brisbane Lions,5.5,10,Pointsbet,Hawthorn Hawks,2886585,115261907,138
Hawthorn Hawks v Brisbane Lions,Hawthorn Hawks,Brisbane Lions,Player Tackles,Darcy Wilmot,Brisbane Lions,1.5,1.56,Pointsbet,Hawthorn Hawks,2886585,115261907,141
Hawthorn Hawks v Brisbane Lions,Hawthorn Hawks,Brisbane Lions,Player Tackles,Darcy Wilmot,Brisbane Lions,3.5,5,Pointsbet,Hawthorn Hawks,2886585,115261907,142
Hawthorn Hawks v Brisbane Lions,Hawthorn Hawks,Brisbane Lions,Player Tackles,Will Ashcroft,Brisbane Lions,1.5,1.1,Pointsbet,Hawthorn Hawks,2886585,115261907,146
Hawthorn Hawks v Brisbane Lions,Hawthorn Hawks,Brisbane Lions,Player Tackles,Will Ashcroft,Brisbane Lions,3.5,1.87,Pointsbet,Hawthorn Hawks,2886585,115261907,147
Hawthorn Hawks v Brisbane Lions,Hawthorn Hawks,Brisbane Lions,Player Tackles,Will Ashcroft,Brisbane Lions,5.5,5,Pointsbet,Hawthorn Hawks,2886585,115261907,148
Hawthorn Hawks v Brisbane Lions,Hawthorn Hawks,Brisbane Lions,Player Tackles,Jaspa Fletcher,Brisbane Lions,1.5,2.1,Pointsbet,Hawthorn Hawks,2886585,115261907,151
Hawthorn Hawks v Brisbane Lions,Hawthorn Hawks,Brisbane Lions,Player Tackles,Jaspa Fletcher,Brisbane Lions,3.5,11,Pointsbet,Hawthorn Hawks,2886585,115261907,152
Hawthorn Hawks v Brisbane Lions,Hawthorn Hawks,Brisbane Lions,Player Tackles,Logan Morris,Brisbane Lions,1.5,1.71,Pointsbet,Hawthorn Hawks,2886585,115261907,156
Hawthorn Hawks v Brisbane Lions,Hawthorn Hawks,Brisbane Lions,Player Tackles,Logan Morris,Brisbane Lions,3.5,6.5,Pointsbet,Hawthorn Hawks,2886585,115261907,157
Hawthorn Hawks v Brisbane Lions,Hawthorn Hawks,Brisbane Lions,Player Tackles,Levi Ashcroft,Brisbane Lions,1.5,1.53,Pointsbet,Hawthorn Hawks,2886585,115261907,161
Hawthorn Hawks v Brisbane Lions,Hawthorn Hawks,Brisbane Lions,Player Tackles,Levi Ashcroft,Brisbane Lions,3.5,4.75,Pointsbet,Hawthorn Hawks,2886585,115261907,162
Hawthorn Hawks v Brisbane Lions,Hawthorn Hawks,Brisbane Lions,Player Tackles,Ty Gallop,Brisbane Lions,1.5,1.53,Pointsbet,Hawthorn Hawks,2886585,115261907,166
Hawthorn Hawks v Brisbane Lions,Hawthorn Hawks,Brisbane Lions,Player Tackles,Ty Gallop,Brisbane Lions,3.5,5,Pointsbet,Hawthorn Hawks,2886585,115261907,167
Hawthorn Hawks v Brisbane Lions,Hawthorn Hawks,Brisbane Lions,Player Tackles,Dayne Zorko,Brisbane Lions,1.5,1.4,Pointsbet,Hawthorn Hawks,2886585,115261907,171
Hawthorn Hawks v Brisbane Lions,Hawthorn Hawks,Brisbane Lions,Player Tackles,Dayne Zorko,Brisbane Lions,3.5,4.1,Pointsbet,Hawthorn Hawks,2886585,115261907,172
Hawthorn Hawks v Brisbane Lions,Hawthorn Hawks,Brisbane Lions,Player Tackles,Ryan Lester,Brisbane Lions,1.5,1.87,Pointsbet,Hawthorn Hawks,2886585,115261907,176
Hawthorn Hawks v Brisbane Lions,Hawthorn Hawks,Brisbane Lions,Player Tackles,Ryan Lester,Brisbane Lions,3.5,9,Pointsbet,Hawthorn Hawks,2886585,115261907,177
Hawthorn Hawks v Brisbane Lions,Hawthorn Hawks,Brisbane Lions,Player Tackles,Lachie Neale,Brisbane Lions,1.5,1.11,Pointsbet,Hawthorn Hawks,2886585,115261907,181
Hawthorn Hawks v Brisbane Lions,Hawthorn Hawks,Brisbane Lions,Player Tackles,Lachie Neale,Brisbane Lions,3.5,1.87,Pointsbet,Hawthorn Hawks,2886585,115261907,182
Hawthorn Hawks v Brisbane Lions,Hawthorn Hawks,Brisbane Lions,Player Tackles,Lachie Neale,Brisbane Lions,5.5,5,Pointsbet,Hawthorn Hawks,2886585,115261907,183
Hawthorn Hawks v Brisbane Lions,Hawthorn Hawks,Brisbane Lions,Player Tackles,Darcy Gardiner,Brisbane Lions,1.5,1.87,Pointsbet,Hawthorn Hawks,2886585,115261907,186
Hawthorn Hawks v Brisbane Lions,Hawthorn Hawks,Brisbane Lions,Player Tackles,Darcy Gardiner,Brisbane Lions,3.5,9,Pointsbet,Hawthorn Hawks,2886585,115261907,187
Hawthorn Hawks v Brisbane Lions,Hawthorn Hawks,Brisbane Lions,Player Tackles,Darcy Fort,Brisbane Lions,1.5,1.5,Pointsbet,Hawthorn Hawks,2886585,115261907,191
Hawthorn Hawks v Brisbane Lions,Hawthorn Hawks,Brisbane Lions,Player Tackles,Darcy Fort,Brisbane Lions,3.5,4.75,Pointsbet,Hawthorn Hawks,2886585,115261907,192
Hawthorn Hawks v Brisbane Lions,Hawthorn Hawks,Brisbane Lions,Player Tackles,Charlie Cameron,Brisbane Lions,1.5,1.9,Pointsbet,Hawthorn Hawks,2886585,115261907,196
Hawthorn Hawks v Brisbane Lions,Hawthorn Hawks,Brisbane Lions,Player Tackles,Charlie Cameron,Brisbane Lions,3.5,9.5,Pointsbet,Hawthorn Hawks,2886585,115261907,197
Hawthorn Hawks v Brisbane Lions,Hawthorn Hawks,Brisbane Lions,Player Tackles,Josh Dunkley,Brisbane Lions,3.5,1.06,Pointsbet,Hawthorn Hawks,2886585,115261907,202
Hawthorn Hawks v Brisbane Lions,Hawthorn Hawks,Brisbane Lions,Player Tackles,Josh Dunkley,Brisbane Lions,5.5,1.33,Pointsbet,Hawthorn Hawks,2886585,115261907,203
Hawthorn Hawks v Brisbane Lions,Hawthorn Hawks,Brisbane Lions,Player Tackles,Josh Dunkley,Brisbane Lions,7.5,2.15,Pointsbet,Hawthorn Hawks,2886585,115261907,204
Hawthorn Hawks v Brisbane Lions,Hawthorn Hawks,Brisbane Lions,Player Tackles,Josh Dunkley,Brisbane Lions,9.5,4.3,Pointsbet,Hawthorn Hawks,2886585,115261907,205
Hawthorn Hawks v Brisbane Lions,Hawthorn Hawks,Brisbane Lions,Player Tackles,Eric Hipwood,Brisbane Lions,1.5,1.24,Pointsbet,Hawthorn Hawks,2886585,115261907,206
Hawthorn Hawks v Brisbane Lions,Hawthorn Hawks,Brisbane Lions,Player Tackles,Eric Hipwood,Brisbane Lions,3.5,2.85,Pointsbet,Hawthorn Hawks,2886585,115261907,207
Hawthorn Hawks v Brisbane Lions,Hawthorn Hawks,Brisbane Lions,Player Tackles,Eric Hipwood,Brisbane Lions,5.5,10,Pointsbet,Hawthorn Hawks,2886585,115261907,208
Hawthorn Hawks v Brisbane Lions,Hawthorn Hawks,Brisbane Lions,Player Tackles,Harris Andrews,Brisbane Lions,1.5,1.4,Pointsbet,Hawthorn Hawks,2886585,115261907,211
Hawthorn Hawks v Brisbane Lions,Hawthorn Hawks,Brisbane Lions,Player Tackles,Harris Andrews,Brisbane Lions,3.5,4,Pointsbet,Hawthorn Hawks,2886585,115261907,212
Hawthorn Hawks v Brisbane Lions,Hawthorn Hawks,Brisbane Lions,Player Tackles,Conor McKenna,Brisbane Lions,1.5,1.95,Pointsbet,Hawthorn Hawks,2886585,115261907,216
Hawthorn Hawks v Brisbane Lions,Hawthorn Hawks,Brisbane Lions,Player Tackles,Conor McKenna,Brisbane Lions,3.5,9,Pointsbet,Hawthorn Hawks,2886585,115261907,217
Hawthorn Hawks v Brisbane Lions,Hawthorn Hawks,Brisbane Lions,Player Tackles,Jarrod Berry,Brisbane Lions,1.5,1.1,Pointsbet,Hawthorn Hawks,2886585,115261907,221
Hawthorn Hawks v Brisbane Lions,Hawthorn Hawks,Brisbane Lions,Player Tackles,Jarrod Berry,Brisbane Lions,3.5,1.87,Pointsbet,Hawthorn Hawks,2886585,115261907,222
Hawthorn Hawks v Brisbane Lions,Hawthorn Hawks,Brisbane Lions,Player Tackles,Jarrod Berry,Brisbane Lions,5.5,5,Pointsbet,Hawthorn Hawks,2886585,115261907,223
Hawthorn Hawks v Brisbane Lions,Hawthorn Hawks,Brisbane Lions,Player Tackles,Sam Draper,Brisbane Lions,1.5,1.71,Pointsbet,Hawthorn Hawks,2886585,115261907,226
Hawthorn Hawks v Brisbane Lions,Hawthorn Hawks,Brisbane Lions,Player Tackles,Sam Draper,Brisbane Lions,3.5,6.5,Pointsbet,Hawthorn Hawks,2886585,115261907,227
