match,home_team,away_team,market_name,player_name,player_team,line,over_price,agency,opposition_team,class_external_id,competition_external_id,event_external_id,market_id,player_id
Sydney Swans v Fremantle Dockers,Sydney Swans,Fremantle Dockers,Player Tackles,Angus Sheldrick,Sydney Swans,1.5,1.1,Sportsbet,Fremantle Dockers,103,17131,16498873,608005070,2897850388
Sydney Swans v Fremantle Dockers,Sydney Swans,Fremantle Dockers,Player Tackles,Billy Cootee,Sydney Swans,1.5,1.18,Sportsbet,Fremantle Dockers,103,17131,16498873,608005070,2897850356
Sydney Swans v Fremantle Dockers,Sydney Swans,Fremantle Dockers,Player Tackles,Braeden Campbell,Sydney Swans,1.5,1.08,Sportsbet,Fremantle Dockers,103,17131,16498873,608005070,2897850375
Sydney Swans v Fremantle Dockers,Sydney Swans,Fremantle Dockers,Player Tackles,Brodie Grundy,Sydney Swans,1.5,1.11,Sportsbet,Fremantle Dockers,103,17131,16498873,608005070,2897850398
Sydney Swans v Fremantle Dockers,Sydney Swans,Fremantle Dockers,Player Tackles,Caiden Cleary,Sydney Swans,1.5,1.13,Sportsbet,Fremantle Dockers,103,17131,16498873,608005070,2897850381
Sydney Swans v Fremantle Dockers,Sydney Swans,Fremantle Dockers,Player Tackles,Dane Rampe,Sydney Swans,1.5,1.32,Sportsbet,Fremantle Dockers,103,17131,16498873,608005070,2897850372
Sydney Swans v Fremantle Dockers,Sydney Swans,Fremantle Dockers,Player Tackles,Errol Gulden,Sydney Swans,1.5,1.06,Sportsbet,Fremantle Dockers,103,17131,16498873,608005070,2897850368
Sydney Swans v Fremantle Dockers,Sydney Swans,Fremantle Dockers,Player Tackles,Harry Kyle,Sydney Swans,1.5,1.58,Sportsbet,Fremantle Dockers,103,17131,16498873,608005070,2897850364
Sydney Swans v Fremantle Dockers,Sydney Swans,Fremantle Dockers,Player Tackles,Hayden McLean,Sydney Swans,1.5,1.25,Sportsbet,Fremantle Dockers,103,17131,16498873,608005070,2897850380
Sydney Swans v Fremantle Dockers,Sydney Swans,Fremantle Dockers,Player Tackles,Jai Serong,Sydney Swans,1.5,1.06,Sportsbet,Fremantle Dockers,103,17131,16498873,608005070,2897850361
Sydney Swans v Fremantle Dockers,Sydney Swans,Fremantle Dockers,Player Tackles,Jake Lloyd,Sydney Swans,1.5,1.32,Sportsbet,Fremantle Dockers,103,17131,16498873,608005070,2897850377
Sydney Swans v Fremantle Dockers,Sydney Swans,Fremantle Dockers,Player Tackles,Jesse Dattoli,Sydney Swans,1.5,1.32,Sportsbet,Fremantle Dockers,103,17131,16498873,608005070,2897850379
Sydney Swans v Fremantle Dockers,Sydney Swans,Fremantle Dockers,Player Tackles,Justin McInerney,Sydney Swans,1.5,1.25,Sportsbet,Fremantle Dockers,103,17131,16498873,608005070,2897850366
Sydney Swans v Fremantle Dockers,Sydney Swans,Fremantle Dockers,Player Tackles,Lewis Melican,Sydney Swans,1.5,1.81,Sportsbet,Fremantle Dockers,103,17131,16498873,608005070,2901883866
Sydney Swans v Fremantle Dockers,Sydney Swans,Fremantle Dockers,Player Tackles,Matt Roberts,Sydney Swans,1.5,1.33,Sportsbet,Fremantle Dockers,103,17131,16498873,608005070,2897850393
Sydney Swans v Fremantle Dockers,Sydney Swans,Fremantle Dockers,Player Tackles,Sam Wicks,Sydney Swans,1.5,1.14,Sportsbet,Fremantle Dockers,103,17131,16498873,608005070,2897850363
Sydney Swans v Fremantle Dockers,Sydney Swans,Fremantle Dockers,Player Tackles,Tom Hanily,Sydney Swans,1.5,1.18,Sportsbet,Fremantle Dockers,103,17131,16498873,608005070,2901883865
Sydney Swans v Fremantle Dockers,Sydney Swans,Fremantle Dockers,Player Tackles,Tom McCartin,Sydney Swans,1.5,1.8,Sportsbet,Fremantle Dockers,103,17131,16498873,608005070,2897850397
Sydney Swans v Fremantle Dockers,Sydney Swans,Fremantle Dockers,Player Tackles,Tom Papley,Sydney Swans,1.5,1.18,Sportsbet,Fremantle Dockers,103,17131,16498873,608005070,2897850373
Sydney Swans v Fremantle Dockers,Sydney Swans,Fremantle Dockers,Player Tackles,Charlie Curnow,Sydney Swans,1.5,2.12,Sportsbet,Fremantle Dockers,103,17131,16498873,608005070,2897850360
Sydney Swans v Fremantle Dockers,Sydney Swans,Fremantle Dockers,Player Tackles,Joel Hamling,Sydney Swans,1.5,2.12,Sportsbet,Fremantle Dockers,103,17131,16498873,608005070,2897850359
Sydney Swans v Fremantle Dockers,Sydney Swans,Fremantle Dockers,Player Tackles,Logan McDonald,Sydney Swans,1.5,2.07,Sportsbet,Fremantle Dockers,103,17131,16498873,608005070,2897850395
Sydney Swans v Fremantle Dockers,Sydney Swans,Fremantle Dockers,Player Tackles,Hayden Young,Fremantle Dockers,1.5,1.06,Sportsbet,Sydney Swans,103,17131,16498873,608005070,2897850371
Sydney Swans v Fremantle Dockers,Sydney Swans,Fremantle Dockers,Player Tackles,Heath Chapman,Fremantle Dockers,1.5,1.32,Sportsbet,Sydney Swans,103,17131,16498873,608005070,2897850385
Sydney Swans v Fremantle Dockers,Sydney Swans,Fremantle Dockers,Player Tackles,Isaiah Dudley,Fremantle Dockers,1.5,1.6,Sportsbet,Sydney Swans,103,17131,16498873,608005070,2897850374
Sydney Swans v Fremantle Dockers,Sydney Swans,Fremantle Dockers,Player Tackles,Jordan Clark,Fremantle Dockers,1.5,1.24,Sportsbet,Sydney Swans,103,17131,16498873,608005070,2897850369
Sydney Swans v Fremantle Dockers,Sydney Swans,Fremantle Dockers,Player Tackles,Josh Treacy,Fremantle Dockers,1.5,1.33,Sportsbet,Sydney Swans,103,17131,16498873,608005070,2897850394
Sydney Swans v Fremantle Dockers,Sydney Swans,Fremantle Dockers,Player Tackles,Karl Worner,Fremantle Dockers,1.5,1.13,Sportsbet,Sydney Swans,103,17131,16498873,608005070,2897850358
Sydney Swans v Fremantle Dockers,Sydney Swans,Fremantle Dockers,Player Tackles,Luke Ryan,Fremantle Dockers,1.5,1.32,Sportsbet,Sydney Swans,103,17131,16498873,608005070,2897850378
Sydney Swans v Fremantle Dockers,Sydney Swans,Fremantle Dockers,Player Tackles,Matthew Johnson,Fremantle Dockers,1.5,1.1,Sportsbet,Sydney Swans,103,17131,16498873,608005070,2897850386
Sydney Swans v Fremantle Dockers,Sydney Swans,Fremantle Dockers,Player Tackles,Michael Frederick,Fremantle Dockers,1.5,1.25,Sportsbet,Sydney Swans,103,17131,16498873,608005070,2897850376
Sydney Swans v Fremantle Dockers,Sydney Swans,Fremantle Dockers,Player Tackles,Murphy Reid,Fremantle Dockers,1.5,1.17,Sportsbet,Sydney Swans,103,17131,16498873,608005070,2897850390
Sydney Swans v Fremantle Dockers,Sydney Swans,Fremantle Dockers,Player Tackles,Neil Erasmus,Fremantle Dockers,1.5,1.25,Sportsbet,Sydney Swans,103,17131,16498873,608005070,2897850353
Sydney Swans v Fremantle Dockers,Sydney Swans,Fremantle Dockers,Player Tackles,Patrick Voss,Fremantle Dockers,1.5,1.18,Sportsbet,Sydney Swans,103,17131,16498873,608005070,2897850396
Sydney Swans v Fremantle Dockers,Sydney Swans,Fremantle Dockers,Player Tackles,Sam Switkowski,Fremantle Dockers,1.5,1.14,Sportsbet,Sydney Swans,103,17131,16498873,608005070,2897850355
Sydney Swans v Fremantle Dockers,Sydney Swans,Fremantle Dockers,Player Tackles,Judd McVee,Fremantle Dockers,1.5,2.6,Sportsbet,Sydney Swans,103,17131,16498873,608005070,2897850362
Sydney Swans v Fremantle Dockers,Sydney Swans,Fremantle Dockers,Player Tackles,Jye Amiss,Fremantle Dockers,1.5,2.1,Sportsbet,Sydney Swans,103,17131,16498873,608005070,2897850370
Sydney Swans v Fremantle Dockers,Sydney Swans,Fremantle Dockers,Player Tackles,Mason Cox,Fremantle Dockers,1.5,2.1,Sportsbet,Sydney Swans,103,17131,16498873,608005070,2897850367
Sydney Swans v Fremantle Dockers,Sydney Swans,Fremantle Dockers,Player Tackles,Oscar McDonald,Fremantle Dockers,1.5,2.12,Sportsbet,Sydney Swans,103,17131,16498873,608005070,2897850387
Sydney Swans v Fremantle Dockers,Sydney Swans,Fremantle Dockers,Player Tackles,Alex Pearce,Fremantle Dockers,1.5,3.35,Sportsbet,Sydney Swans,103,17131,16498873,608005070,2897850354
Sydney Swans v Fremantle Dockers,Sydney Swans,Fremantle Dockers,Player Tackles,Angus Sheldrick,Sydney Swans,2.5,1.4,Sportsbet,Fremantle Dockers,103,17131,16498873,608005063,2897850044
Sydney Swans v Fremantle Dockers,Sydney Swans,Fremantle Dockers,Player Tackles,Billy Cootee,Sydney Swans,2.5,1.63,Sportsbet,Fremantle Dockers,103,17131,16498873,608005063,2897850048
Sydney Swans v Fremantle Dockers,Sydney Swans,Fremantle Dockers,Player Tackles,Braeden Campbell,Sydney Swans,2.5,1.31,Sportsbet,Fremantle Dockers,103,17131,16498873,608005063,2897850045
Sydney Swans v Fremantle Dockers,Sydney Swans,Fremantle Dockers,Player Tackles,Brodie Grundy,Sydney Swans,2.5,1.39,Sportsbet,Fremantle Dockers,103,17131,16498873,608005063,2897850035
Sydney Swans v Fremantle Dockers,Sydney Swans,Fremantle Dockers,Player Tackles,Caiden Cleary,Sydney Swans,2.5,1.5,Sportsbet,Fremantle Dockers,103,17131,16498873,608005063,2897850064
Sydney Swans v Fremantle Dockers,Sydney Swans,Fremantle Dockers,Player Tackles,Errol Gulden,Sydney Swans,2.5,1.25,Sportsbet,Fremantle Dockers,103,17131,16498873,608005063,2897850060
Sydney Swans v Fremantle Dockers,Sydney Swans,Fremantle Dockers,Player Tackles,Hayden McLean,Sydney Swans,2.5,1.83,Sportsbet,Fremantle Dockers,103,17131,16498873,608005063,2897850051
Sydney Swans v Fremantle Dockers,Sydney Swans,Fremantle Dockers,Player Tackles,Jai Serong,Sydney Swans,2.5,1.24,Sportsbet,Fremantle Dockers,103,17131,16498873,608005063,2897850061
Sydney Swans v Fremantle Dockers,Sydney Swans,Fremantle Dockers,Player Tackles,Justin McInerney,Sydney Swans,2.5,1.82,Sportsbet,Fremantle Dockers,103,17131,16498873,608005063,2897850032
Sydney Swans v Fremantle Dockers,Sydney Swans,Fremantle Dockers,Player Tackles,Sam Wicks,Sydney Swans,2.5,1.5,Sportsbet,Fremantle Dockers,103,17131,16498873,608005063,2897850056
Sydney Swans v Fremantle Dockers,Sydney Swans,Fremantle Dockers,Player Tackles,Tom Hanily,Sydney Swans,2.5,1.63,Sportsbet,Fremantle Dockers,103,17131,16498873,608005063,2901883906
Sydney Swans v Fremantle Dockers,Sydney Swans,Fremantle Dockers,Player Tackles,Tom Papley,Sydney Swans,2.5,1.65,Sportsbet,Fremantle Dockers,103,17131,16498873,608005063,2897850054
Sydney Swans v Fremantle Dockers,Sydney Swans,Fremantle Dockers,Player Tackles,Dane Rampe,Sydney Swans,2.5,2.05,Sportsbet,Fremantle Dockers,103,17131,16498873,608005063,2897850075
Sydney Swans v Fremantle Dockers,Sydney Swans,Fremantle Dockers,Player Tackles,Harry Kyle,Sydney Swans,2.5,2.85,Sportsbet,Fremantle Dockers,103,17131,16498873,608005063,2897850074
Sydney Swans v Fremantle Dockers,Sydney Swans,Fremantle Dockers,Player Tackles,Jake Lloyd,Sydney Swans,2.5,2.03,Sportsbet,Fremantle Dockers,103,17131,16498873,608005063,2897850073
Sydney Swans v Fremantle Dockers,Sydney Swans,Fremantle Dockers,Player Tackles,Jesse Dattoli,Sydney Swans,2.5,2.03,Sportsbet,Fremantle Dockers,103,17131,16498873,608005063,2897850067
Sydney Swans v Fremantle Dockers,Sydney Swans,Fremantle Dockers,Player Tackles,Matt Roberts,Sydney Swans,2.5,2.05,Sportsbet,Fremantle Dockers,103,17131,16498873,608005063,2897850063
Sydney Swans v Fremantle Dockers,Sydney Swans,Fremantle Dockers,Player Tackles,Lewis Melican,Sydney Swans,2.5,3.5,Sportsbet,Fremantle Dockers,103,17131,16498873,608005063,2901883907
Sydney Swans v Fremantle Dockers,Sydney Swans,Fremantle Dockers,Player Tackles,Tom McCartin,Sydney Swans,2.5,3.5,Sportsbet,Fremantle Dockers,103,17131,16498873,608005063,2897850055
Sydney Swans v Fremantle Dockers,Sydney Swans,Fremantle Dockers,Player Tackles,Charlie Curnow,Sydney Swans,2.5,4.7,Sportsbet,Fremantle Dockers,103,17131,16498873,608005063,2897850066
Sydney Swans v Fremantle Dockers,Sydney Swans,Fremantle Dockers,Player Tackles,Joel Hamling,Sydney Swans,2.5,4.8,Sportsbet,Fremantle Dockers,103,17131,16498873,608005063,2897850041
Sydney Swans v Fremantle Dockers,Sydney Swans,Fremantle Dockers,Player Tackles,Logan McDonald,Sydney Swans,2.5,4.5,Sportsbet,Fremantle Dockers,103,17131,16498873,608005063,2897850033
Sydney Swans v Fremantle Dockers,Sydney Swans,Fremantle Dockers,Player Tackles,Caleb Serong,Fremantle Dockers,2.5,1.06,Sportsbet,Sydney Swans,103,17131,16498873,608005063,2897850059
Sydney Swans v Fremantle Dockers,Sydney Swans,Fremantle Dockers,Player Tackles,Corey Wagner,Fremantle Dockers,2.5,1.12,Sportsbet,Sydney Swans,103,17131,16498873,608005063,2897850043
Sydney Swans v Fremantle Dockers,Sydney Swans,Fremantle Dockers,Player Tackles,Hayden Young,Fremantle Dockers,2.5,1.23,Sportsbet,Sydney Swans,103,17131,16498873,608005063,2897850049
Sydney Swans v Fremantle Dockers,Sydney Swans,Fremantle Dockers,Player Tackles,Jordan Clark,Fremantle Dockers,2.5,1.82,Sportsbet,Sydney Swans,103,17131,16498873,608005063,2897850037
Sydney Swans v Fremantle Dockers,Sydney Swans,Fremantle Dockers,Player Tackles,Karl Worner,Fremantle Dockers,2.5,1.5,Sportsbet,Sydney Swans,103,17131,16498873,608005063,2897850046
Sydney Swans v Fremantle Dockers,Sydney Swans,Fremantle Dockers,Player Tackles,Luke Jackson,Fremantle Dockers,2.5,1.08,Sportsbet,Sydney Swans,103,17131,16498873,608005063,2897850058
Sydney Swans v Fremantle Dockers,Sydney Swans,Fremantle Dockers,Player Tackles,Matthew Johnson,Fremantle Dockers,2.5,1.39,Sportsbet,Sydney Swans,103,17131,16498873,608005063,2897850069
Sydney Swans v Fremantle Dockers,Sydney Swans,Fremantle Dockers,Player Tackles,Michael Frederick,Fremantle Dockers,2.5,1.82,Sportsbet,Sydney Swans,103,17131,16498873,608005063,2897850070
Sydney Swans v Fremantle Dockers,Sydney Swans,Fremantle Dockers,Player Tackles,Murphy Reid,Fremantle Dockers,2.5,1.62,Sportsbet,Sydney Swans,103,17131,16498873,608005063,2897850062
Sydney Swans v Fremantle Dockers,Sydney Swans,Fremantle Dockers,Player Tackles,Neil Erasmus,Fremantle Dockers,2.5,1.81,Sportsbet,Sydney Swans,103,17131,16498873,608005063,2897850050
Sydney Swans v Fremantle Dockers,Sydney Swans,Fremantle Dockers,Player Tackles,Patrick Voss,Fremantle Dockers,2.5,1.64,Sportsbet,Sydney Swans,103,17131,16498873,608005063,2897850072
Sydney Swans v Fremantle Dockers,Sydney Swans,Fremantle Dockers,Player Tackles,Sam Switkowski,Fremantle Dockers,2.5,1.5,Sportsbet,Sydney Swans,103,17131,16498873,608005063,2897850071
Sydney Swans v Fremantle Dockers,Sydney Swans,Fremantle Dockers,Player Tackles,Shai Bolton,Fremantle Dockers,2.5,1.18,Sportsbet,Sydney Swans,103,17131,16498873,608005063,2897850040
Sydney Swans v Fremantle Dockers,Sydney Swans,Fremantle Dockers,Player Tackles,Heath Chapman,Fremantle Dockers,2.5,2.05,Sportsbet,Sydney Swans,103,17131,16498873,608005063,2897850031
Sydney Swans v Fremantle Dockers,Sydney Swans,Fremantle Dockers,Player Tackles,Isaiah Dudley,Fremantle Dockers,2.5,2.85,Sportsbet,Sydney Swans,103,17131,16498873,608005063,2897850038
Sydney Swans v Fremantle Dockers,Sydney Swans,Fremantle Dockers,Player Tackles,Josh Treacy,Fremantle Dockers,2.5,2.05,Sportsbet,Sydney Swans,103,17131,16498873,608005063,2897850057
Sydney Swans v Fremantle Dockers,Sydney Swans,Fremantle Dockers,Player Tackles,Luke Ryan,Fremantle Dockers,2.5,2.05,Sportsbet,Sydney Swans,103,17131,16498873,608005063,2897850039
Sydney Swans v Fremantle Dockers,Sydney Swans,Fremantle Dockers,Player Tackles,Jye Amiss,Fremantle Dockers,2.5,4.7,Sportsbet,Sydney Swans,103,17131,16498873,608005063,2897850053
Sydney Swans v Fremantle Dockers,Sydney Swans,Fremantle Dockers,Player Tackles,Mason Cox,Fremantle Dockers,2.5,4.6,Sportsbet,Sydney Swans,103,17131,16498873,608005063,2897850047
Sydney Swans v Fremantle Dockers,Sydney Swans,Fremantle Dockers,Player Tackles,Oscar McDonald,Fremantle Dockers,2.5,4.7,Sportsbet,Sydney Swans,103,17131,16498873,608005063,2897850042
Sydney Swans v Fremantle Dockers,Sydney Swans,Fremantle Dockers,Player Tackles,Judd McVee,Fremantle Dockers,2.5,6.75,Sportsbet,Sydney Swans,103,17131,16498873,608005063,2897850065
Sydney Swans v Fremantle Dockers,Sydney Swans,Fremantle Dockers,Player Tackles,Braeden Campbell,Sydney Swans,3.5,1.83,Sportsbet,Fremantle Dockers,103,17131,16498873,608005042,2897849869
Sydney Swans v Fremantle Dockers,Sydney Swans,Fremantle Dockers,Player Tackles,Errol Gulden,Sydney Swans,3.5,1.69,Sportsbet,Fremantle Dockers,103,17131,16498873,608005042,2897849879
Sydney Swans v Fremantle Dockers,Sydney Swans,Fremantle Dockers,Player Tackles,Jai Serong,Sydney Swans,3.5,1.65,Sportsbet,Fremantle Dockers,103,17131,16498873,608005042,2897849852
Sydney Swans v Fremantle Dockers,Sydney Swans,Fremantle Dockers,Player Tackles,Angus Sheldrick,Sydney Swans,3.5,2.03,Sportsbet,Fremantle Dockers,103,17131,16498873,608005042,2897849884
Sydney Swans v Fremantle Dockers,Sydney Swans,Fremantle Dockers,Player Tackles,Billy Cootee,Sydney Swans,3.5,2.6,Sportsbet,Fremantle Dockers,103,17131,16498873,608005042,2897849890
Sydney Swans v Fremantle Dockers,Sydney Swans,Fremantle Dockers,Player Tackles,Brodie Grundy,Sydney Swans,3.5,2,Sportsbet,Fremantle Dockers,103,17131,16498873,608005042,2897849880
Sydney Swans v Fremantle Dockers,Sydney Swans,Fremantle Dockers,Player Tackles,Caiden Cleary,Sydney Swans,3.5,2.25,Sportsbet,Fremantle Dockers,103,17131,16498873,608005042,2897849853
Sydney Swans v Fremantle Dockers,Sydney Swans,Fremantle Dockers,Player Tackles,Sam Wicks,Sydney Swans,3.5,2.3,Sportsbet,Fremantle Dockers,103,17131,16498873,608005042,2897849872
Sydney Swans v Fremantle Dockers,Sydney Swans,Fremantle Dockers,Player Tackles,Tom Hanily,Sydney Swans,3.5,2.55,Sportsbet,Fremantle Dockers,103,17131,16498873,608005042,2901883846
Sydney Swans v Fremantle Dockers,Sydney Swans,Fremantle Dockers,Player Tackles,Tom Papley,Sydney Swans,3.5,2.65,Sportsbet,Fremantle Dockers,103,17131,16498873,608005042,2897849875
Sydney Swans v Fremantle Dockers,Sydney Swans,Fremantle Dockers,Player Tackles,Dane Rampe,Sydney Swans,3.5,3.6,Sportsbet,Fremantle Dockers,103,17131,16498873,608005042,2897849892
Sydney Swans v Fremantle Dockers,Sydney Swans,Fremantle Dockers,Player Tackles,Hayden McLean,Sydney Swans,3.5,3.15,Sportsbet,Fremantle Dockers,103,17131,16498873,608005042,2897849855
Sydney Swans v Fremantle Dockers,Sydney Swans,Fremantle Dockers,Player Tackles,Jake Lloyd,Sydney Swans,3.5,3.7,Sportsbet,Fremantle Dockers,103,17131,16498873,608005042,2897849868
Sydney Swans v Fremantle Dockers,Sydney Swans,Fremantle Dockers,Player Tackles,Jesse Dattoli,Sydney Swans,3.5,3.6,Sportsbet,Fremantle Dockers,103,17131,16498873,608005042,2897849865
Sydney Swans v Fremantle Dockers,Sydney Swans,Fremantle Dockers,Player Tackles,Justin McInerney,Sydney Swans,3.5,3.1,Sportsbet,Fremantle Dockers,103,17131,16498873,608005042,2897849866
Sydney Swans v Fremantle Dockers,Sydney Swans,Fremantle Dockers,Player Tackles,Matt Roberts,Sydney Swans,3.5,3.75,Sportsbet,Fremantle Dockers,103,17131,16498873,608005042,2897849891
Sydney Swans v Fremantle Dockers,Sydney Swans,Fremantle Dockers,Player Tackles,Harry Kyle,Sydney Swans,3.5,6,Sportsbet,Fremantle Dockers,103,17131,16498873,608005042,2897849867
Sydney Swans v Fremantle Dockers,Sydney Swans,Fremantle Dockers,Player Tackles,Lewis Melican,Sydney Swans,3.5,8.25,Sportsbet,Fremantle Dockers,103,17131,16498873,608005042,2901883847
Sydney Swans v Fremantle Dockers,Sydney Swans,Fremantle Dockers,Player Tackles,Tom McCartin,Sydney Swans,3.5,8.25,Sportsbet,Fremantle Dockers,103,17131,16498873,608005042,2897849889
Sydney Swans v Fremantle Dockers,Sydney Swans,Fremantle Dockers,Player Tackles,Andrew Brayshaw,Fremantle Dockers,3.5,1.15,Sportsbet,Sydney Swans,103,17131,16498873,608005042,2897849885
Sydney Swans v Fremantle Dockers,Sydney Swans,Fremantle Dockers,Player Tackles,Caleb Serong,Fremantle Dockers,3.5,1.19,Sportsbet,Sydney Swans,103,17131,16498873,608005042,2897849877
Sydney Swans v Fremantle Dockers,Sydney Swans,Fremantle Dockers,Player Tackles,Corey Wagner,Fremantle Dockers,3.5,1.35,Sportsbet,Sydney Swans,103,17131,16498873,608005042,2897849886
Sydney Swans v Fremantle Dockers,Sydney Swans,Fremantle Dockers,Player Tackles,Hayden Young,Fremantle Dockers,3.5,1.64,Sportsbet,Sydney Swans,103,17131,16498873,608005042,2897849876
Sydney Swans v Fremantle Dockers,Sydney Swans,Fremantle Dockers,Player Tackles,Luke Jackson,Fremantle Dockers,3.5,1.24,Sportsbet,Sydney Swans,103,17131,16498873,608005042,2897849870
Sydney Swans v Fremantle Dockers,Sydney Swans,Fremantle Dockers,Player Tackles,Shai Bolton,Fremantle Dockers,3.5,1.53,Sportsbet,Sydney Swans,103,17131,16498873,608005042,2897849851
Sydney Swans v Fremantle Dockers,Sydney Swans,Fremantle Dockers,Player Tackles,Karl Worner,Fremantle Dockers,3.5,2.25,Sportsbet,Sydney Swans,103,17131,16498873,608005042,2897849864
Sydney Swans v Fremantle Dockers,Sydney Swans,Fremantle Dockers,Player Tackles,Matthew Johnson,Fremantle Dockers,3.5,2.02,Sportsbet,Sydney Swans,103,17131,16498873,608005042,2897849849
Sydney Swans v Fremantle Dockers,Sydney Swans,Fremantle Dockers,Player Tackles,Murphy Reid,Fremantle Dockers,3.5,2.55,Sportsbet,Sydney Swans,103,17131,16498873,608005042,2897849854
Sydney Swans v Fremantle Dockers,Sydney Swans,Fremantle Dockers,Player Tackles,Patrick Voss,Fremantle Dockers,3.5,2.6,Sportsbet,Sydney Swans,103,17131,16498873,608005042,2897849883
Sydney Swans v Fremantle Dockers,Sydney Swans,Fremantle Dockers,Player Tackles,Sam Switkowski,Fremantle Dockers,3.5,2.25,Sportsbet,Sydney Swans,103,17131,16498873,608005042,2897849859
Sydney Swans v Fremantle Dockers,Sydney Swans,Fremantle Dockers,Player Tackles,Heath Chapman,Fremantle Dockers,3.5,3.7,Sportsbet,Sydney Swans,103,17131,16498873,608005042,2897849856
Sydney Swans v Fremantle Dockers,Sydney Swans,Fremantle Dockers,Player Tackles,Jordan Clark,Fremantle Dockers,3.5,3.05,Sportsbet,Sydney Swans,103,17131,16498873,608005042,2897849871
Sydney Swans v Fremantle Dockers,Sydney Swans,Fremantle Dockers,Player Tackles,Josh Treacy,Fremantle Dockers,3.5,3.75,Sportsbet,Sydney Swans,103,17131,16498873,608005042,2897849858
Sydney Swans v Fremantle Dockers,Sydney Swans,Fremantle Dockers,Player Tackles,Luke Ryan,Fremantle Dockers,3.5,3.75,Sportsbet,Sydney Swans,103,17131,16498873,608005042,2897849860
Sydney Swans v Fremantle Dockers,Sydney Swans,Fremantle Dockers,Player Tackles,Michael Frederick,Fremantle Dockers,3.5,3.1,Sportsbet,Sydney Swans,103,17131,16498873,608005042,2897849847
Sydney Swans v Fremantle Dockers,Sydney Swans,Fremantle Dockers,Player Tackles,Neil Erasmus,Fremantle Dockers,3.5,3.05,Sportsbet,Sydney Swans,103,17131,16498873,608005042,2897849874
Sydney Swans v Fremantle Dockers,Sydney Swans,Fremantle Dockers,Player Tackles,Isaiah Dudley,Fremantle Dockers,3.5,6,Sportsbet,Sydney Swans,103,17131,16498873,608005042,2897849863
Sydney Swans v Fremantle Dockers,Sydney Swans,Fremantle Dockers,Player Tackles,James Rowbottom,Sydney Swans,4.5,1.1,Sportsbet,Fremantle Dockers,103,17131,16498873,608005043,2897849909
Sydney Swans v Fremantle Dockers,Sydney Swans,Fremantle Dockers,Player Tackles,Braeden Campbell,Sydney Swans,4.5,2.85,Sportsbet,Fremantle Dockers,103,17131,16498873,608005043,2897849913
Sydney Swans v Fremantle Dockers,Sydney Swans,Fremantle Dockers,Player Tackles,Errol Gulden,Sydney Swans,4.5,2.45,Sportsbet,Fremantle Dockers,103,17131,16498873,608005043,2897849926
Sydney Swans v Fremantle Dockers,Sydney Swans,Fremantle Dockers,Player Tackles,Jai Serong,Sydney Swans,4.5,2.45,Sportsbet,Fremantle Dockers,103,17131,16498873,608005043,2897849896
Sydney Swans v Fremantle Dockers,Sydney Swans,Fremantle Dockers,Player Tackles,Angus Sheldrick,Sydney Swans,4.5,3.3,Sportsbet,Fremantle Dockers,103,17131,16498873,608005043,2897849907
Sydney Swans v Fremantle Dockers,Sydney Swans,Fremantle Dockers,Player Tackles,Brodie Grundy,Sydney Swans,4.5,3.3,Sportsbet,Fremantle Dockers,103,17131,16498873,608005043,2897849918
Sydney Swans v Fremantle Dockers,Sydney Swans,Fremantle Dockers,Player Tackles,Caiden Cleary,Sydney Swans,4.5,3.9,Sportsbet,Fremantle Dockers,103,17131,16498873,608005043,2897849903
Sydney Swans v Fremantle Dockers,Sydney Swans,Fremantle Dockers,Player Tackles,Sam Wicks,Sydney Swans,4.5,3.9,Sportsbet,Fremantle Dockers,103,17131,16498873,608005043,2897849923
Sydney Swans v Fremantle Dockers,Sydney Swans,Fremantle Dockers,Player Tackles,Billy Cootee,Sydney Swans,4.5,4.8,Sportsbet,Fremantle Dockers,103,17131,16498873,608005043,2897849928
Sydney Swans v Fremantle Dockers,Sydney Swans,Fremantle Dockers,Player Tackles,Tom Hanily,Sydney Swans,4.5,4.8,Sportsbet,Fremantle Dockers,103,17131,16498873,608005043,2901883854
Sydney Swans v Fremantle Dockers,Sydney Swans,Fremantle Dockers,Player Tackles,Tom Papley,Sydney Swans,4.5,4.8,Sportsbet,Fremantle Dockers,103,17131,16498873,608005043,2897849936
Sydney Swans v Fremantle Dockers,Sydney Swans,Fremantle Dockers,Player Tackles,Justin McInerney,Sydney Swans,4.5,5.9,Sportsbet,Fremantle Dockers,103,17131,16498873,608005043,2897849935
Sydney Swans v Fremantle Dockers,Sydney Swans,Fremantle Dockers,Player Tackles,Hayden McLean,Sydney Swans,4.5,6,Sportsbet,Fremantle Dockers,103,17131,16498873,608005043,2897849925
Sydney Swans v Fremantle Dockers,Sydney Swans,Fremantle Dockers,Player Tackles,Dane Rampe,Sydney Swans,4.5,7.5,Sportsbet,Fremantle Dockers,103,17131,16498873,608005043,2897849931
Sydney Swans v Fremantle Dockers,Sydney Swans,Fremantle Dockers,Player Tackles,Jake Lloyd,Sydney Swans,4.5,7.75,Sportsbet,Fremantle Dockers,103,17131,16498873,608005043,2897849916
Sydney Swans v Fremantle Dockers,Sydney Swans,Fremantle Dockers,Player Tackles,Jesse Dattoli,Sydney Swans,4.5,7.5,Sportsbet,Fremantle Dockers,103,17131,16498873,608005043,2897849924
Sydney Swans v Fremantle Dockers,Sydney Swans,Fremantle Dockers,Player Tackles,Matt Roberts,Sydney Swans,4.5,7.5,Sportsbet,Fremantle Dockers,103,17131,16498873,608005043,2897849922
Sydney Swans v Fremantle Dockers,Sydney Swans,Fremantle Dockers,Player Tackles,Andrew Brayshaw,Fremantle Dockers,4.5,1.38,Sportsbet,Sydney Swans,103,17131,16498873,608005043,2897849933
Sydney Swans v Fremantle Dockers,Sydney Swans,Fremantle Dockers,Player Tackles,Caleb Serong,Fremantle Dockers,4.5,1.48,Sportsbet,Sydney Swans,103,17131,16498873,608005043,2897849915
Sydney Swans v Fremantle Dockers,Sydney Swans,Fremantle Dockers,Player Tackles,Corey Wagner,Fremantle Dockers,4.5,1.83,Sportsbet,Sydney Swans,103,17131,16498873,608005043,2897849934
Sydney Swans v Fremantle Dockers,Sydney Swans,Fremantle Dockers,Player Tackles,Luke Jackson,Fremantle Dockers,4.5,1.57,Sportsbet,Sydney Swans,103,17131,16498873,608005043,2897849912
Sydney Swans v Fremantle Dockers,Sydney Swans,Fremantle Dockers,Player Tackles,Hayden Young,Fremantle Dockers,4.5,2.45,Sportsbet,Sydney Swans,103,17131,16498873,608005043,2897849920
Sydney Swans v Fremantle Dockers,Sydney Swans,Fremantle Dockers,Player Tackles,Shai Bolton,Fremantle Dockers,4.5,2.2,Sportsbet,Sydney Swans,103,17131,16498873,608005043,2897849893
Sydney Swans v Fremantle Dockers,Sydney Swans,Fremantle Dockers,Player Tackles,Matthew Johnson,Fremantle Dockers,4.5,3.3,Sportsbet,Sydney Swans,103,17131,16498873,608005043,2897849904
Sydney Swans v Fremantle Dockers,Sydney Swans,Fremantle Dockers,Player Tackles,Sam Switkowski,Fremantle Dockers,4.5,3.9,Sportsbet,Sydney Swans,103,17131,16498873,608005043,2897849908
Sydney Swans v Fremantle Dockers,Sydney Swans,Fremantle Dockers,Player Tackles,Karl Worner,Fremantle Dockers,4.5,4,Sportsbet,Sydney Swans,103,17131,16498873,608005043,2897849914
Sydney Swans v Fremantle Dockers,Sydney Swans,Fremantle Dockers,Player Tackles,Murphy Reid,Fremantle Dockers,4.5,4.75,Sportsbet,Sydney Swans,103,17131,16498873,608005043,2897849894
Sydney Swans v Fremantle Dockers,Sydney Swans,Fremantle Dockers,Player Tackles,Patrick Voss,Fremantle Dockers,4.5,4.8,Sportsbet,Sydney Swans,103,17131,16498873,608005043,2897849927
Sydney Swans v Fremantle Dockers,Sydney Swans,Fremantle Dockers,Player Tackles,Jordan Clark,Fremantle Dockers,4.5,5.9,Sportsbet,Sydney Swans,103,17131,16498873,608005043,2897849929
Sydney Swans v Fremantle Dockers,Sydney Swans,Fremantle Dockers,Player Tackles,Michael Frederick,Fremantle Dockers,4.5,6,Sportsbet,Sydney Swans,103,17131,16498873,608005043,2897849902
Sydney Swans v Fremantle Dockers,Sydney Swans,Fremantle Dockers,Player Tackles,Neil Erasmus,Fremantle Dockers,4.5,6,Sportsbet,Sydney Swans,103,17131,16498873,608005043,2897849901
Sydney Swans v Fremantle Dockers,Sydney Swans,Fremantle Dockers,Player Tackles,Heath Chapman,Fremantle Dockers,4.5,7.75,Sportsbet,Sydney Swans,103,17131,16498873,608005043,2897849897
Sydney Swans v Fremantle Dockers,Sydney Swans,Fremantle Dockers,Player Tackles,Josh Treacy,Fremantle Dockers,4.5,7.5,Sportsbet,Sydney Swans,103,17131,16498873,608005043,2897849898
Sydney Swans v Fremantle Dockers,Sydney Swans,Fremantle Dockers,Player Tackles,Luke Ryan,Fremantle Dockers,4.5,7.5,Sportsbet,Sydney Swans,103,17131,16498873,608005043,2897849905
Sydney Swans v Fremantle Dockers,Sydney Swans,Fremantle Dockers,Player Tackles,James Rowbottom,Sydney Swans,5.5,1.25,Sportsbet,Fremantle Dockers,103,17131,16498873,608005068,2897850286
Sydney Swans v Fremantle Dockers,Sydney Swans,Fremantle Dockers,Player Tackles,Braeden Campbell,Sydney Swans,5.5,4.9,Sportsbet,Fremantle Dockers,103,17131,16498873,608005068,2897850305
Sydney Swans v Fremantle Dockers,Sydney Swans,Fremantle Dockers,Player Tackles,Errol Gulden,Sydney Swans,5.5,4.1,Sportsbet,Fremantle Dockers,103,17131,16498873,608005068,2897850302
Sydney Swans v Fremantle Dockers,Sydney Swans,Fremantle Dockers,Player Tackles,Jai Serong,Sydney Swans,5.5,4.1,Sportsbet,Fremantle Dockers,103,17131,16498873,608005068,2897850289
Sydney Swans v Fremantle Dockers,Sydney Swans,Fremantle Dockers,Player Tackles,Angus Sheldrick,Sydney Swans,5.5,5.9,Sportsbet,Fremantle Dockers,103,17131,16498873,608005068,2897850295
Sydney Swans v Fremantle Dockers,Sydney Swans,Fremantle Dockers,Player Tackles,Brodie Grundy,Sydney Swans,5.5,5.9,Sportsbet,Fremantle Dockers,103,17131,16498873,608005068,2897850283
Sydney Swans v Fremantle Dockers,Sydney Swans,Fremantle Dockers,Player Tackles,Caiden Cleary,Sydney Swans,5.5,7.5,Sportsbet,Fremantle Dockers,103,17131,16498873,608005068,2897850275
Sydney Swans v Fremantle Dockers,Sydney Swans,Fremantle Dockers,Player Tackles,Sam Wicks,Sydney Swans,5.5,7.25,Sportsbet,Fremantle Dockers,103,17131,16498873,608005068,2897850284
Sydney Swans v Fremantle Dockers,Sydney Swans,Fremantle Dockers,Player Tackles,Billy Cootee,Sydney Swans,5.5,9.75,Sportsbet,Fremantle Dockers,103,17131,16498873,608005068,2897850290
Sydney Swans v Fremantle Dockers,Sydney Swans,Fremantle Dockers,Player Tackles,Tom Hanily,Sydney Swans,5.5,9.5,Sportsbet,Fremantle Dockers,103,17131,16498873,608005068,2901883938
Sydney Swans v Fremantle Dockers,Sydney Swans,Fremantle Dockers,Player Tackles,Tom Papley,Sydney Swans,5.5,9.75,Sportsbet,Fremantle Dockers,103,17131,16498873,608005068,2897850263
Sydney Swans v Fremantle Dockers,Sydney Swans,Fremantle Dockers,Player Tackles,Hayden McLean,Sydney Swans,5.5,12.5,Sportsbet,Fremantle Dockers,103,17131,16498873,608005068,2897850280
Sydney Swans v Fremantle Dockers,Sydney Swans,Fremantle Dockers,Player Tackles,Justin McInerney,Sydney Swans,5.5,12.5,Sportsbet,Fremantle Dockers,103,17131,16498873,608005068,2897850303
Sydney Swans v Fremantle Dockers,Sydney Swans,Fremantle Dockers,Player Tackles,Andrew Brayshaw,Fremantle Dockers,5.5,1.8,Sportsbet,Sydney Swans,103,17131,16498873,608005068,2897850288
Sydney Swans v Fremantle Dockers,Sydney Swans,Fremantle Dockers,Player Tackles,Caleb Serong,Fremantle Dockers,5.5,2,Sportsbet,Sydney Swans,103,17131,16498873,608005068,2897850287
Sydney Swans v Fremantle Dockers,Sydney Swans,Fremantle Dockers,Player Tackles,Corey Wagner,Fremantle Dockers,5.5,2.65,Sportsbet,Sydney Swans,103,17131,16498873,608005068,2897850277
Sydney Swans v Fremantle Dockers,Sydney Swans,Fremantle Dockers,Player Tackles,Luke Jackson,Fremantle Dockers,5.5,2.18,Sportsbet,Sydney Swans,103,17131,16498873,608005068,2897850278
Sydney Swans v Fremantle Dockers,Sydney Swans,Fremantle Dockers,Player Tackles,Shai Bolton,Fremantle Dockers,5.5,3.5,Sportsbet,Sydney Swans,103,17131,16498873,608005068,2897850306
Sydney Swans v Fremantle Dockers,Sydney Swans,Fremantle Dockers,Player Tackles,Hayden Young,Fremantle Dockers,5.5,4.1,Sportsbet,Sydney Swans,103,17131,16498873,608005068,2897850279
Sydney Swans v Fremantle Dockers,Sydney Swans,Fremantle Dockers,Player Tackles,Matthew Johnson,Fremantle Dockers,5.5,6,Sportsbet,Sydney Swans,103,17131,16498873,608005068,2897850262
Sydney Swans v Fremantle Dockers,Sydney Swans,Fremantle Dockers,Player Tackles,Karl Worner,Fremantle Dockers,5.5,7.5,Sportsbet,Sydney Swans,103,17131,16498873,608005068,2897850272
Sydney Swans v Fremantle Dockers,Sydney Swans,Fremantle Dockers,Player Tackles,Sam Switkowski,Fremantle Dockers,5.5,7.75,Sportsbet,Sydney Swans,103,17131,16498873,608005068,2897850300
Sydney Swans v Fremantle Dockers,Sydney Swans,Fremantle Dockers,Player Tackles,Murphy Reid,Fremantle Dockers,5.5,9.5,Sportsbet,Sydney Swans,103,17131,16498873,608005068,2897850297
Sydney Swans v Fremantle Dockers,Sydney Swans,Fremantle Dockers,Player Tackles,Patrick Voss,Fremantle Dockers,5.5,9.5,Sportsbet,Sydney Swans,103,17131,16498873,608005068,2897850299
Sydney Swans v Fremantle Dockers,Sydney Swans,Fremantle Dockers,Player Tackles,Jordan Clark,Fremantle Dockers,5.5,12.5,Sportsbet,Sydney Swans,103,17131,16498873,608005068,2897850296
Sydney Swans v Fremantle Dockers,Sydney Swans,Fremantle Dockers,Player Tackles,Michael Frederick,Fremantle Dockers,5.5,13,Sportsbet,Sydney Swans,103,17131,16498873,608005068,2897850285
Sydney Swans v Fremantle Dockers,Sydney Swans,Fremantle Dockers,Player Tackles,Neil Erasmus,Fremantle Dockers,5.5,13,Sportsbet,Sydney Swans,103,17131,16498873,608005068,2897850294
Sydney Swans v Fremantle Dockers,Sydney Swans,Fremantle Dockers,Player Tackles,James Rowbottom,Sydney Swans,6.5,1.51,Sportsbet,Fremantle Dockers,103,17131,16498873,608005069,2897850349
Sydney Swans v Fremantle Dockers,Sydney Swans,Fremantle Dockers,Player Tackles,Errol Gulden,Sydney Swans,6.5,7.5,Sportsbet,Fremantle Dockers,103,17131,16498873,608005069,2897850332
Sydney Swans v Fremantle Dockers,Sydney Swans,Fremantle Dockers,Player Tackles,Jai Serong,Sydney Swans,6.5,7.5,Sportsbet,Fremantle Dockers,103,17131,16498873,608005069,2897850352
Sydney Swans v Fremantle Dockers,Sydney Swans,Fremantle Dockers,Player Tackles,Braeden Campbell,Sydney Swans,6.5,9.25,Sportsbet,Fremantle Dockers,103,17131,16498873,608005069,2897850315
Sydney Swans v Fremantle Dockers,Sydney Swans,Fremantle Dockers,Player Tackles,Angus Sheldrick,Sydney Swans,6.5,11.5,Sportsbet,Fremantle Dockers,103,17131,16498873,608005069,2897850339
Sydney Swans v Fremantle Dockers,Sydney Swans,Fremantle Dockers,Player Tackles,Brodie Grundy,Sydney Swans,6.5,12,Sportsbet,Fremantle Dockers,103,17131,16498873,608005069,2897850323
Sydney Swans v Fremantle Dockers,Sydney Swans,Fremantle Dockers,Player Tackles,Sam Wicks,Sydney Swans,6.5,14,Sportsbet,Fremantle Dockers,103,17131,16498873,608005069,2897850318
Sydney Swans v Fremantle Dockers,Sydney Swans,Fremantle Dockers,Player Tackles,Caiden Cleary,Sydney Swans,6.5,15,Sportsbet,Fremantle Dockers,103,17131,16498873,608005069,2897850343
Sydney Swans v Fremantle Dockers,Sydney Swans,Fremantle Dockers,Player Tackles,Andrew Brayshaw,Fremantle Dockers,6.5,2.5,Sportsbet,Sydney Swans,103,17131,16498873,608005069,2897850331
Sydney Swans v Fremantle Dockers,Sydney Swans,Fremantle Dockers,Player Tackles,Caleb Serong,Fremantle Dockers,6.5,2.9,Sportsbet,Sydney Swans,103,17131,16498873,608005069,2897850312
Sydney Swans v Fremantle Dockers,Sydney Swans,Fremantle Dockers,Player Tackles,Luke Jackson,Fremantle Dockers,6.5,3.3,Sportsbet,Sydney Swans,103,17131,16498873,608005069,2897850317
Sydney Swans v Fremantle Dockers,Sydney Swans,Fremantle Dockers,Player Tackles,Corey Wagner,Fremantle Dockers,6.5,4.4,Sportsbet,Sydney Swans,103,17131,16498873,608005069,2897850330
Sydney Swans v Fremantle Dockers,Sydney Swans,Fremantle Dockers,Player Tackles,Shai Bolton,Fremantle Dockers,6.5,6,Sportsbet,Sydney Swans,103,17131,16498873,608005069,2897850347
Sydney Swans v Fremantle Dockers,Sydney Swans,Fremantle Dockers,Player Tackles,Hayden Young,Fremantle Dockers,6.5,7.5,Sportsbet,Sydney Swans,103,17131,16498873,608005069,2897850333
Sydney Swans v Fremantle Dockers,Sydney Swans,Fremantle Dockers,Player Tackles,Matthew Johnson,Fremantle Dockers,6.5,12,Sportsbet,Sydney Swans,103,17131,16498873,608005069,2897850319
Sydney Swans v Fremantle Dockers,Sydney Swans,Fremantle Dockers,Player Tackles,Karl Worner,Fremantle Dockers,6.5,14,Sportsbet,Sydney Swans,103,17131,16498873,608005069,2897850308
Sydney Swans v Fremantle Dockers,Sydney Swans,Fremantle Dockers,Player Tackles,Sam Switkowski,Fremantle Dockers,6.5,15,Sportsbet,Sydney Swans,103,17131,16498873,608005069,2897850313
Sydney Swans v Fremantle Dockers,Sydney Swans,Fremantle Dockers,Player Tackles,James Rowbottom,Sydney Swans,7.5,1.95,Sportsbet,Fremantle Dockers,103,17131,16498873,608005071,2897850443
Sydney Swans v Fremantle Dockers,Sydney Swans,Fremantle Dockers,Player Tackles,Errol Gulden,Sydney Swans,7.5,14,Sportsbet,Fremantle Dockers,103,17131,16498873,608005071,2897850431
Sydney Swans v Fremantle Dockers,Sydney Swans,Fremantle Dockers,Player Tackles,Jai Serong,Sydney Swans,7.5,14,Sportsbet,Fremantle Dockers,103,17131,16498873,608005071,2897850442
Sydney Swans v Fremantle Dockers,Sydney Swans,Fremantle Dockers,Player Tackles,Braeden Campbell,Sydney Swans,7.5,17,Sportsbet,Fremantle Dockers,103,17131,16498873,608005071,2897850415
Sydney Swans v Fremantle Dockers,Sydney Swans,Fremantle Dockers,Player Tackles,Angus Sheldrick,Sydney Swans,7.5,21,Sportsbet,Fremantle Dockers,103,17131,16498873,608005071,2897850432
Sydney Swans v Fremantle Dockers,Sydney Swans,Fremantle Dockers,Player Tackles,Andrew Brayshaw,Fremantle Dockers,7.5,3.9,Sportsbet,Sydney Swans,103,17131,16498873,608005071,2897850422
Sydney Swans v Fremantle Dockers,Sydney Swans,Fremantle Dockers,Player Tackles,Caleb Serong,Fremantle Dockers,7.5,4.5,Sportsbet,Sydney Swans,103,17131,16498873,608005071,2897850401
Sydney Swans v Fremantle Dockers,Sydney Swans,Fremantle Dockers,Player Tackles,Luke Jackson,Fremantle Dockers,7.5,5.3,Sportsbet,Sydney Swans,103,17131,16498873,608005071,2897850407
Sydney Swans v Fremantle Dockers,Sydney Swans,Fremantle Dockers,Player Tackles,Corey Wagner,Fremantle Dockers,7.5,7.5,Sportsbet,Sydney Swans,103,17131,16498873,608005071,2897850426
Sydney Swans v Fremantle Dockers,Sydney Swans,Fremantle Dockers,Player Tackles,Shai Bolton,Fremantle Dockers,7.5,11.5,Sportsbet,Sydney Swans,103,17131,16498873,608005071,2897850402
Sydney Swans v Fremantle Dockers,Sydney Swans,Fremantle Dockers,Player Tackles,Hayden Young,Fremantle Dockers,7.5,14,Sportsbet,Sydney Swans,103,17131,16498873,608005071,2897850419
Sydney Swans v Fremantle Dockers,Sydney Swans,Fremantle Dockers,Player Tackles,Matthew Johnson,Fremantle Dockers,7.5,21,Sportsbet,Sydney Swans,103,17131,16498873,608005071,2897850405
Sydney Swans v Fremantle Dockers,Sydney Swans,Fremantle Dockers,Player Tackles,James Rowbottom,Sydney Swans,8.5,2.65,Sportsbet,Fremantle Dockers,103,17131,16498873,608005077,2897850697
Sydney Swans v Fremantle Dockers,Sydney Swans,Fremantle Dockers,Player Tackles,Jai Serong,Sydney Swans,8.5,26,Sportsbet,Fremantle Dockers,103,17131,16498873,608005077,2897850691
Sydney Swans v Fremantle Dockers,Sydney Swans,Fremantle Dockers,Player Tackles,Andrew Brayshaw,Fremantle Dockers,8.5,6.25,Sportsbet,Sydney Swans,103,17131,16498873,608005077,2897850686
Sydney Swans v Fremantle Dockers,Sydney Swans,Fremantle Dockers,Player Tackles,Caleb Serong,Fremantle Dockers,8.5,7.5,Sportsbet,Sydney Swans,103,17131,16498873,608005077,2897850695
Sydney Swans v Fremantle Dockers,Sydney Swans,Fremantle Dockers,Player Tackles,Luke Jackson,Fremantle Dockers,8.5,9.25,Sportsbet,Sydney Swans,103,17131,16498873,608005077,2897850706
Sydney Swans v Fremantle Dockers,Sydney Swans,Fremantle Dockers,Player Tackles,Corey Wagner,Fremantle Dockers,8.5,14,Sportsbet,Sydney Swans,103,17131,16498873,608005077,2897850718
Sydney Swans v Fremantle Dockers,Sydney Swans,Fremantle Dockers,Player Tackles,Shai Bolton,Fremantle Dockers,8.5,21,Sportsbet,Sydney Swans,103,17131,16498873,608005077,2897850716
Sydney Swans v Fremantle Dockers,Sydney Swans,Fremantle Dockers,Player Tackles,Hayden Young,Fremantle Dockers,8.5,26,Sportsbet,Sydney Swans,103,17131,16498873,608005077,2897850696
Sydney Swans v Fremantle Dockers,Sydney Swans,Fremantle Dockers,Player Tackles,James Rowbottom,Sydney Swans,9.5,3.9,Sportsbet,Fremantle Dockers,103,17131,16498873,608005073,2897850533
Sydney Swans v Fremantle Dockers,Sydney Swans,Fremantle Dockers,Player Tackles,Andrew Brayshaw,Fremantle Dockers,9.5,11,Sportsbet,Sydney Swans,103,17131,16498873,608005073,2897850521
Sydney Swans v Fremantle Dockers,Sydney Swans,Fremantle Dockers,Player Tackles,Caleb Serong,Fremantle Dockers,9.5,13,Sportsbet,Sydney Swans,103,17131,16498873,608005073,2897850512
Sydney Swans v Fremantle Dockers,Sydney Swans,Fremantle Dockers,Player Tackles,Luke Jackson,Fremantle Dockers,9.5,15,Sportsbet,Sydney Swans,103,17131,16498873,608005073,2897850503
Sydney Swans v Fremantle Dockers,Sydney Swans,Fremantle Dockers,Player Tackles,Corey Wagner,Fremantle Dockers,9.5,23,Sportsbet,Sydney Swans,103,17131,16498873,608005073,2897850502
Hawthorn Hawks v Brisbane Lions,Hawthorn Hawks,Brisbane Lions,Player Tackles,Bailey Macdonald,Hawthorn Hawks,1.5,1.1,Sportsbet,Brisbane Lions,103,17131,16501018,608010329,2897880332
Hawthorn Hawks v Brisbane Lions,Hawthorn Hawks,Brisbane Lions,Player Tackles,Blake Hardwick,Hawthorn Hawks,1.5,1.32,Sportsbet,Brisbane Lions,103,17131,16501018,608010329,2897880326
Hawthorn Hawks v Brisbane Lions,Hawthorn Hawks,Brisbane Lions,Player Tackles,Connor Macdonald,Hawthorn Hawks,1.5,1.08,Sportsbet,Brisbane Lions,103,17131,16501018,608010329,2897880338
Hawthorn Hawks v Brisbane Lions,Hawthorn Hawks,Brisbane Lions,Player Tackles,Dylan Moore,Hawthorn Hawks,1.5,1.06,Sportsbet,Brisbane Lions,103,17131,16501018,608010329,2897880333
Hawthorn Hawks v Brisbane Lions,Hawthorn Hawks,Brisbane Lions,Player Tackles,Harry Morrison,Hawthorn Hawks,1.5,1.24,Sportsbet,Brisbane Lions,103,17131,16501018,608010329,2897880303
Hawthorn Hawks v Brisbane Lions,Hawthorn Hawks,Brisbane Lions,Player Tackles,Jack Ginnivan,Hawthorn Hawks,1.5,1.23,Sportsbet,Brisbane Lions,103,17131,16501018,608010329,2897880323
Hawthorn Hawks v Brisbane Lions,Hawthorn Hawks,Brisbane Lions,Player Tackles,Josh Weddle,Hawthorn Hawks,1.5,1.18,Sportsbet,Brisbane Lions,103,17131,16501018,608010329,2897880317
Hawthorn Hawks v Brisbane Lions,Hawthorn Hawks,Brisbane Lions,Player Tackles,Karl Amon,Hawthorn Hawks,1.5,1.57,Sportsbet,Brisbane Lions,103,17131,16501018,608010329,2897880329
Hawthorn Hawks v Brisbane Lions,Hawthorn Hawks,Brisbane Lions,Player Tackles,Lloyd Meek,Hawthorn Hawks,1.5,1.1,Sportsbet,Brisbane Lions,103,17131,16501018,608010329,2897880300
Hawthorn Hawks v Brisbane Lions,Hawthorn Hawks,Brisbane Lions,Player Tackles,Mabior Chol,Hawthorn Hawks,1.5,1.18,Sportsbet,Brisbane Lions,103,17131,16501018,608010329,2897880324
Hawthorn Hawks v Brisbane Lions,Hawthorn Hawks,Brisbane Lions,Player Tackles,Massimo D'Ambrosio,Hawthorn Hawks,1.5,1.24,Sportsbet,Brisbane Lions,103,17131,16501018,608010329,2897880321
Hawthorn Hawks v Brisbane Lions,Hawthorn Hawks,Brisbane Lions,Player Tackles,Max Beattie,Hawthorn Hawks,1.5,1.18,Sportsbet,Brisbane Lions,103,17131,16501018,608010329,2902245835
Hawthorn Hawks v Brisbane Lions,Hawthorn Hawks,Brisbane Lions,Player Tackles,Mitch Lewis,Hawthorn Hawks,1.5,1.59,Sportsbet,Brisbane Lions,103,17131,16501018,608010329,2897880322
Hawthorn Hawks v Brisbane Lions,Hawthorn Hawks,Brisbane Lions,Player Tackles,Nick Watson,Hawthorn Hawks,1.5,1.32,Sportsbet,Brisbane Lions,103,17131,16501018,608010329,2897880302
Hawthorn Hawks v Brisbane Lions,Hawthorn Hawks,Brisbane Lions,Player Tackles,Will Day,Hawthorn Hawks,1.5,1.08,Sportsbet,Brisbane Lions,103,17131,16501018,608010329,2897880330
Hawthorn Hawks v Brisbane Lions,Hawthorn Hawks,Brisbane Lions,Player Tackles,Jack Gunston,Hawthorn Hawks,1.5,2.1,Sportsbet,Brisbane Lions,103,17131,16501018,608010329,2897880298
Hawthorn Hawks v Brisbane Lions,Hawthorn Hawks,Brisbane Lions,Player Tackles,Jarman Impey,Hawthorn Hawks,1.5,2.1,Sportsbet,Brisbane Lions,103,17131,16501018,608010329,2897880328
Hawthorn Hawks v Brisbane Lions,Hawthorn Hawks,Brisbane Lions,Player Tackles,Josh Battle,Hawthorn Hawks,1.5,2.08,Sportsbet,Brisbane Lions,103,17131,16501018,608010329,2897880340
Hawthorn Hawks v Brisbane Lions,Hawthorn Hawks,Brisbane Lions,Player Tackles,Tom Barrass,Hawthorn Hawks,1.5,2.12,Sportsbet,Brisbane Lions,103,17131,16501018,608010329,2897880337
Hawthorn Hawks v Brisbane Lions,Hawthorn Hawks,Brisbane Lions,Player Tackles,James Sicily,Hawthorn Hawks,1.5,3.45,Sportsbet,Brisbane Lions,103,17131,16501018,608010329,2897880304
Hawthorn Hawks v Brisbane Lions,Hawthorn Hawks,Brisbane Lions,Player Tackles,Cam Rayner,Brisbane Lions,1.5,1.18,Sportsbet,Hawthorn Hawks,103,17131,16501018,608010329,2897880335
Hawthorn Hawks v Brisbane Lions,Hawthorn Hawks,Brisbane Lions,Player Tackles,Darcy Fort,Brisbane Lions,1.5,1.6,Sportsbet,Hawthorn Hawks,103,17131,16501018,608010329,2897880297
Hawthorn Hawks v Brisbane Lions,Hawthorn Hawks,Brisbane Lions,Player Tackles,Darcy Wilmot,Brisbane Lions,1.5,1.6,Sportsbet,Hawthorn Hawks,103,17131,16501018,608010329,2897880312
Hawthorn Hawks v Brisbane Lions,Hawthorn Hawks,Brisbane Lions,Player Tackles,Dayne Zorko,Brisbane Lions,1.5,1.45,Sportsbet,Hawthorn Hawks,103,17131,16501018,608010329,2897880327
Hawthorn Hawks v Brisbane Lions,Hawthorn Hawks,Brisbane Lions,Player Tackles,Eric Hipwood,Brisbane Lions,1.5,1.24,Sportsbet,Hawthorn Hawks,103,17131,16501018,608010329,2897880316
Hawthorn Hawks v Brisbane Lions,Hawthorn Hawks,Brisbane Lions,Player Tackles,Harris Andrews,Brisbane Lions,1.5,1.44,Sportsbet,Hawthorn Hawks,103,17131,16501018,608010329,2897880311
Hawthorn Hawks v Brisbane Lions,Hawthorn Hawks,Brisbane Lions,Player Tackles,Hugh McCluggage,Brisbane Lions,1.5,1.18,Sportsbet,Hawthorn Hawks,103,17131,16501018,608010329,2897880339
Hawthorn Hawks v Brisbane Lions,Hawthorn Hawks,Brisbane Lions,Player Tackles,Jarrod Berry,Brisbane Lions,1.5,1.11,Sportsbet,Hawthorn Hawks,103,17131,16501018,608010329,2897880306
Hawthorn Hawks v Brisbane Lions,Hawthorn Hawks,Brisbane Lions,Player Tackles,Kai Lohmann,Brisbane Lions,1.5,1.25,Sportsbet,Hawthorn Hawks,103,17131,16501018,608010329,2897880320
Hawthorn Hawks v Brisbane Lions,Hawthorn Hawks,Brisbane Lions,Player Tackles,Lachie Neale,Brisbane Lions,1.5,1.11,Sportsbet,Hawthorn Hawks,103,17131,16501018,608010329,2897880308
Hawthorn Hawks v Brisbane Lions,Hawthorn Hawks,Brisbane Lions,Player Tackles,Levi Ashcroft,Brisbane Lions,1.5,1.6,Sportsbet,Hawthorn Hawks,103,17131,16501018,608010329,2897880295
Hawthorn Hawks v Brisbane Lions,Hawthorn Hawks,Brisbane Lions,Player Tackles,Logan Morris,Brisbane Lions,1.5,1.79,Sportsbet,Hawthorn Hawks,103,17131,16501018,608010329,2897880305
Hawthorn Hawks v Brisbane Lions,Hawthorn Hawks,Brisbane Lions,Player Tackles,Oscar Allen,Brisbane Lions,1.5,1.82,Sportsbet,Hawthorn Hawks,103,17131,16501018,608010329,2897880314
Hawthorn Hawks v Brisbane Lions,Hawthorn Hawks,Brisbane Lions,Player Tackles,Sam Draper,Brisbane Lions,1.5,1.82,Sportsbet,Hawthorn Hawks,103,17131,16501018,608010329,2897880307
Hawthorn Hawks v Brisbane Lions,Hawthorn Hawks,Brisbane Lions,Player Tackles,Ty Gallop,Brisbane Lions,1.5,1.6,Sportsbet,Hawthorn Hawks,103,17131,16501018,608010329,2897880313
Hawthorn Hawks v Brisbane Lions,Hawthorn Hawks,Brisbane Lions,Player Tackles,Will Ashcroft,Brisbane Lions,1.5,1.1,Sportsbet,Hawthorn Hawks,103,17131,16501018,608010329,2897880296
Hawthorn Hawks v Brisbane Lions,Hawthorn Hawks,Brisbane Lions,Player Tackles,Zac Bailey,Brisbane Lions,1.5,1.13,Sportsbet,Hawthorn Hawks,103,17131,16501018,608010329,2897880336
Hawthorn Hawks v Brisbane Lions,Hawthorn Hawks,Brisbane Lions,Player Tackles,Charlie Cameron,Brisbane Lions,1.5,2.12,Sportsbet,Hawthorn Hawks,103,17131,16501018,608010329,2897880318
Hawthorn Hawks v Brisbane Lions,Hawthorn Hawks,Brisbane Lions,Player Tackles,Conor McKenna,Brisbane Lions,1.5,2.12,Sportsbet,Hawthorn Hawks,103,17131,16501018,608010329,2897880319
Hawthorn Hawks v Brisbane Lions,Hawthorn Hawks,Brisbane Lions,Player Tackles,Darcy Gardiner,Brisbane Lions,1.5,2.12,Sportsbet,Hawthorn Hawks,103,17131,16501018,608010329,2897880325
Hawthorn Hawks v Brisbane Lions,Hawthorn Hawks,Brisbane Lions,Player Tackles,Jaspa Fletcher,Brisbane Lions,1.5,2.6,Sportsbet,Hawthorn Hawks,103,17131,16501018,608010329,2897880299
Hawthorn Hawks v Brisbane Lions,Hawthorn Hawks,Brisbane Lions,Player Tackles,Ryan Lester,Brisbane Lions,1.5,2.12,Sportsbet,Hawthorn Hawks,103,17131,16501018,608010329,2897880294
Hawthorn Hawks v Brisbane Lions,Hawthorn Hawks,Brisbane Lions,Player Tackles,Bailey Macdonald,Hawthorn Hawks,2.5,1.38,Sportsbet,Brisbane Lions,103,17131,16501018,608010333,2897880503
Hawthorn Hawks v Brisbane Lions,Hawthorn Hawks,Brisbane Lions,Player Tackles,Cam Mackenzie,Hawthorn Hawks,2.5,1.14,Sportsbet,Brisbane Lions,103,17131,16501018,608010333,2897880494
Hawthorn Hawks v Brisbane Lions,Hawthorn Hawks,Brisbane Lions,Player Tackles,Connor Macdonald,Hawthorn Hawks,2.5,1.33,Sportsbet,Brisbane Lions,103,17131,16501018,608010333,2897880488
Hawthorn Hawks v Brisbane Lions,Hawthorn Hawks,Brisbane Lions,Player Tackles,Dylan Moore,Hawthorn Hawks,2.5,1.23,Sportsbet,Brisbane Lions,103,17131,16501018,608010333,2897880491
Hawthorn Hawks v Brisbane Lions,Hawthorn Hawks,Brisbane Lions,Player Tackles,Harry Morrison,Hawthorn Hawks,2.5,1.8,Sportsbet,Brisbane Lions,103,17131,16501018,608010333,2897880490
Hawthorn Hawks v Brisbane Lions,Hawthorn Hawks,Brisbane Lions,Player Tackles,Jack Ginnivan,Hawthorn Hawks,2.5,1.81,Sportsbet,Brisbane Lions,103,17131,16501018,608010333,2897880516
Hawthorn Hawks v Brisbane Lions,Hawthorn Hawks,Brisbane Lions,Player Tackles,Jai Newcombe,Hawthorn Hawks,2.5,1.09,Sportsbet,Brisbane Lions,103,17131,16501018,608010333,2897880499
Hawthorn Hawks v Brisbane Lions,Hawthorn Hawks,Brisbane Lions,Player Tackles,Josh Ward,Hawthorn Hawks,2.5,1.14,Sportsbet,Brisbane Lions,103,17131,16501018,608010333,2897880524
Hawthorn Hawks v Brisbane Lions,Hawthorn Hawks,Brisbane Lions,Player Tackles,Josh Weddle,Hawthorn Hawks,2.5,1.63,Sportsbet,Brisbane Lions,103,17131,16501018,608010333,2897880514
Hawthorn Hawks v Brisbane Lions,Hawthorn Hawks,Brisbane Lions,Player Tackles,Lloyd Meek,Hawthorn Hawks,2.5,1.4,Sportsbet,Brisbane Lions,103,17131,16501018,608010333,2897880500
Hawthorn Hawks v Brisbane Lions,Hawthorn Hawks,Brisbane Lions,Player Tackles,Mabior Chol,Hawthorn Hawks,2.5,1.64,Sportsbet,Brisbane Lions,103,17131,16501018,608010333,2897880492
Hawthorn Hawks v Brisbane Lions,Hawthorn Hawks,Brisbane Lions,Player Tackles,Massimo D'Ambrosio,Hawthorn Hawks,2.5,1.81,Sportsbet,Brisbane Lions,103,17131,16501018,608010333,2897880505
Hawthorn Hawks v Brisbane Lions,Hawthorn Hawks,Brisbane Lions,Player Tackles,Max Beattie,Hawthorn Hawks,2.5,1.65,Sportsbet,Brisbane Lions,103,17131,16501018,608010333,2902246249
Hawthorn Hawks v Brisbane Lions,Hawthorn Hawks,Brisbane Lions,Player Tackles,Will Day,Hawthorn Hawks,2.5,1.31,Sportsbet,Brisbane Lions,103,17131,16501018,608010333,2897880525
Hawthorn Hawks v Brisbane Lions,Hawthorn Hawks,Brisbane Lions,Player Tackles,Blake Hardwick,Hawthorn Hawks,2.5,2.03,Sportsbet,Brisbane Lions,103,17131,16501018,608010333,2897880510
Hawthorn Hawks v Brisbane Lions,Hawthorn Hawks,Brisbane Lions,Player Tackles,Karl Amon,Hawthorn Hawks,2.5,2.8,Sportsbet,Brisbane Lions,103,17131,16501018,608010333,2897880528
Hawthorn Hawks v Brisbane Lions,Hawthorn Hawks,Brisbane Lions,Player Tackles,Mitch Lewis,Hawthorn Hawks,2.5,2.85,Sportsbet,Brisbane Lions,103,17131,16501018,608010333,2897880502
Hawthorn Hawks v Brisbane Lions,Hawthorn Hawks,Brisbane Lions,Player Tackles,Nick Watson,Hawthorn Hawks,2.5,2.03,Sportsbet,Brisbane Lions,103,17131,16501018,608010333,2897880512
Hawthorn Hawks v Brisbane Lions,Hawthorn Hawks,Brisbane Lions,Player Tackles,Jack Gunston,Hawthorn Hawks,2.5,4.6,Sportsbet,Brisbane Lions,103,17131,16501018,608010333,2897880495
Hawthorn Hawks v Brisbane Lions,Hawthorn Hawks,Brisbane Lions,Player Tackles,Jarman Impey,Hawthorn Hawks,2.5,4.6,Sportsbet,Brisbane Lions,103,17131,16501018,608010333,2897880517
Hawthorn Hawks v Brisbane Lions,Hawthorn Hawks,Brisbane Lions,Player Tackles,Josh Battle,Hawthorn Hawks,2.5,4.5,Sportsbet,Brisbane Lions,103,17131,16501018,608010333,2897880507
Hawthorn Hawks v Brisbane Lions,Hawthorn Hawks,Brisbane Lions,Player Tackles,Tom Barrass,Hawthorn Hawks,2.5,4.6,Sportsbet,Brisbane Lions,103,17131,16501018,608010333,2897880522
Hawthorn Hawks v Brisbane Lions,Hawthorn Hawks,Brisbane Lions,Player Tackles,Cam Rayner,Brisbane Lions,2.5,1.65,Sportsbet,Hawthorn Hawks,103,17131,16501018,608010333,2897880509
Hawthorn Hawks v Brisbane Lions,Hawthorn Hawks,Brisbane Lions,Player Tackles,Eric Hipwood,Brisbane Lions,2.5,1.82,Sportsbet,Hawthorn Hawks,103,17131,16501018,608010333,2897880487
Hawthorn Hawks v Brisbane Lions,Hawthorn Hawks,Brisbane Lions,Player Tackles,Hugh McCluggage,Brisbane Lions,2.5,1.65,Sportsbet,Hawthorn Hawks,103,17131,16501018,608010333,2897880527
Hawthorn Hawks v Brisbane Lions,Hawthorn Hawks,Brisbane Lions,Player Tackles,Jarrod Berry,Brisbane Lions,2.5,1.41,Sportsbet,Hawthorn Hawks,103,17131,16501018,608010333,2897880485
Hawthorn Hawks v Brisbane Lions,Hawthorn Hawks,Brisbane Lions,Player Tackles,Kai Lohmann,Brisbane Lions,2.5,1.84,Sportsbet,Hawthorn Hawks,103,17131,16501018,608010333,2897880497
Hawthorn Hawks v Brisbane Lions,Hawthorn Hawks,Brisbane Lions,Player Tackles,Lachie Neale,Brisbane Lions,2.5,1.4,Sportsbet,Hawthorn Hawks,103,17131,16501018,608010333,2897880518
Hawthorn Hawks v Brisbane Lions,Hawthorn Hawks,Brisbane Lions,Player Tackles,Will Ashcroft,Brisbane Lions,2.5,1.4,Sportsbet,Hawthorn Hawks,103,17131,16501018,608010333,2897880511
Hawthorn Hawks v Brisbane Lions,Hawthorn Hawks,Brisbane Lions,Player Tackles,Zac Bailey,Brisbane Lions,2.5,1.5,Sportsbet,Hawthorn Hawks,103,17131,16501018,608010333,2897880498
Hawthorn Hawks v Brisbane Lions,Hawthorn Hawks,Brisbane Lions,Player Tackles,Darcy Fort,Brisbane Lions,2.5,2.85,Sportsbet,Hawthorn Hawks,103,17131,16501018,608010333,2897880523
Hawthorn Hawks v Brisbane Lions,Hawthorn Hawks,Brisbane Lions,Player Tackles,Darcy Wilmot,Brisbane Lions,2.5,2.85,Sportsbet,Hawthorn Hawks,103,17131,16501018,608010333,2897880521
Hawthorn Hawks v Brisbane Lions,Hawthorn Hawks,Brisbane Lions,Player Tackles,Dayne Zorko,Brisbane Lions,2.5,2.4,Sportsbet,Hawthorn Hawks,103,17131,16501018,608010333,2897880504
Hawthorn Hawks v Brisbane Lions,Hawthorn Hawks,Brisbane Lions,Player Tackles,Harris Andrews,Brisbane Lions,2.5,2.4,Sportsbet,Hawthorn Hawks,103,17131,16501018,608010333,2897880489
Hawthorn Hawks v Brisbane Lions,Hawthorn Hawks,Brisbane Lions,Player Tackles,Levi Ashcroft,Brisbane Lions,2.5,2.9,Sportsbet,Hawthorn Hawks,103,17131,16501018,608010333,2897880486
Hawthorn Hawks v Brisbane Lions,Hawthorn Hawks,Brisbane Lions,Player Tackles,Ty Gallop,Brisbane Lions,2.5,2.85,Sportsbet,Hawthorn Hawks,103,17131,16501018,608010333,2897880513
Hawthorn Hawks v Brisbane Lions,Hawthorn Hawks,Brisbane Lions,Player Tackles,Logan Morris,Brisbane Lions,2.5,3.5,Sportsbet,Hawthorn Hawks,103,17131,16501018,608010333,2897880484
Hawthorn Hawks v Brisbane Lions,Hawthorn Hawks,Brisbane Lions,Player Tackles,Oscar Allen,Brisbane Lions,2.5,3.5,Sportsbet,Hawthorn Hawks,103,17131,16501018,608010333,2897880483
Hawthorn Hawks v Brisbane Lions,Hawthorn Hawks,Brisbane Lions,Player Tackles,Sam Draper,Brisbane Lions,2.5,3.6,Sportsbet,Hawthorn Hawks,103,17131,16501018,608010333,2897880482
Hawthorn Hawks v Brisbane Lions,Hawthorn Hawks,Brisbane Lions,Player Tackles,Charlie Cameron,Brisbane Lions,2.5,4.7,Sportsbet,Hawthorn Hawks,103,17131,16501018,608010333,2897880520
Hawthorn Hawks v Brisbane Lions,Hawthorn Hawks,Brisbane Lions,Player Tackles,Conor McKenna,Brisbane Lions,2.5,4.8,Sportsbet,Hawthorn Hawks,103,17131,16501018,608010333,2897880519
Hawthorn Hawks v Brisbane Lions,Hawthorn Hawks,Brisbane Lions,Player Tackles,Darcy Gardiner,Brisbane Lions,2.5,4.75,Sportsbet,Hawthorn Hawks,103,17131,16501018,608010333,2897880501
Hawthorn Hawks v Brisbane Lions,Hawthorn Hawks,Brisbane Lions,Player Tackles,Ryan Lester,Brisbane Lions,2.5,4.7,Sportsbet,Hawthorn Hawks,103,17131,16501018,608010333,2897880493
Hawthorn Hawks v Brisbane Lions,Hawthorn Hawks,Brisbane Lions,Player Tackles,Jaspa Fletcher,Brisbane Lions,2.5,6.75,Sportsbet,Hawthorn Hawks,103,17131,16501018,608010333,2897880496
Hawthorn Hawks v Brisbane Lions,Hawthorn Hawks,Brisbane Lions,Player Tackles,Cam Mackenzie,Hawthorn Hawks,3.5,1.43,Sportsbet,Brisbane Lions,103,17131,16501018,608010328,2897880271
Hawthorn Hawks v Brisbane Lions,Hawthorn Hawks,Brisbane Lions,Player Tackles,Connor Macdonald,Hawthorn Hawks,3.5,1.8,Sportsbet,Brisbane Lions,103,17131,16501018,608010328,2897880284
Hawthorn Hawks v Brisbane Lions,Hawthorn Hawks,Brisbane Lions,Player Tackles,Dylan Moore,Hawthorn Hawks,3.5,1.64,Sportsbet,Brisbane Lions,103,17131,16501018,608010328,2897880277
Hawthorn Hawks v Brisbane Lions,Hawthorn Hawks,Brisbane Lions,Player Tackles,Jai Newcombe,Hawthorn Hawks,3.5,1.28,Sportsbet,Brisbane Lions,103,17131,16501018,608010328,2897880248
Hawthorn Hawks v Brisbane Lions,Hawthorn Hawks,Brisbane Lions,Player Tackles,Josh Ward,Hawthorn Hawks,3.5,1.43,Sportsbet,Brisbane Lions,103,17131,16501018,608010328,2897880255
Hawthorn Hawks v Brisbane Lions,Hawthorn Hawks,Brisbane Lions,Player Tackles,Will Day,Hawthorn Hawks,3.5,1.83,Sportsbet,Brisbane Lions,103,17131,16501018,608010328,2897880265
Hawthorn Hawks v Brisbane Lions,Hawthorn Hawks,Brisbane Lions,Player Tackles,Bailey Macdonald,Hawthorn Hawks,3.5,2,Sportsbet,Brisbane Lions,103,17131,16501018,608010328,2897880290
Hawthorn Hawks v Brisbane Lions,Hawthorn Hawks,Brisbane Lions,Player Tackles,Josh Weddle,Hawthorn Hawks,3.5,2.6,Sportsbet,Brisbane Lions,103,17131,16501018,608010328,2897880280
Hawthorn Hawks v Brisbane Lions,Hawthorn Hawks,Brisbane Lions,Player Tackles,Lloyd Meek,Hawthorn Hawks,3.5,2.02,Sportsbet,Brisbane Lions,103,17131,16501018,608010328,2897880286
Hawthorn Hawks v Brisbane Lions,Hawthorn Hawks,Brisbane Lions,Player Tackles,Mabior Chol,Hawthorn Hawks,3.5,2.6,Sportsbet,Brisbane Lions,103,17131,16501018,608010328,2897880279
Hawthorn Hawks v Brisbane Lions,Hawthorn Hawks,Brisbane Lions,Player Tackles,Max Beattie,Hawthorn Hawks,3.5,2.6,Sportsbet,Brisbane Lions,103,17131,16501018,608010328,2902245833
Hawthorn Hawks v Brisbane Lions,Hawthorn Hawks,Brisbane Lions,Player Tackles,Blake Hardwick,Hawthorn Hawks,3.5,3.6,Sportsbet,Brisbane Lions,103,17131,16501018,608010328,2897880269
Hawthorn Hawks v Brisbane Lions,Hawthorn Hawks,Brisbane Lions,Player Tackles,Harry Morrison,Hawthorn Hawks,3.5,3.05,Sportsbet,Brisbane Lions,103,17131,16501018,608010328,2897880247
Hawthorn Hawks v Brisbane Lions,Hawthorn Hawks,Brisbane Lions,Player Tackles,Jack Ginnivan,Hawthorn Hawks,3.5,3.1,Sportsbet,Brisbane Lions,103,17131,16501018,608010328,2897880266
Hawthorn Hawks v Brisbane Lions,Hawthorn Hawks,Brisbane Lions,Player Tackles,Massimo D'Ambrosio,Hawthorn Hawks,3.5,3.05,Sportsbet,Brisbane Lions,103,17131,16501018,608010328,2897880264
Hawthorn Hawks v Brisbane Lions,Hawthorn Hawks,Brisbane Lions,Player Tackles,Nick Watson,Hawthorn Hawks,3.5,3.7,Sportsbet,Brisbane Lions,103,17131,16501018,608010328,2897880291
Hawthorn Hawks v Brisbane Lions,Hawthorn Hawks,Brisbane Lions,Player Tackles,Karl Amon,Hawthorn Hawks,3.5,5.9,Sportsbet,Brisbane Lions,103,17131,16501018,608010328,2897880261
Hawthorn Hawks v Brisbane Lions,Hawthorn Hawks,Brisbane Lions,Player Tackles,Mitch Lewis,Hawthorn Hawks,3.5,6,Sportsbet,Brisbane Lions,103,17131,16501018,608010328,2897880270
Hawthorn Hawks v Brisbane Lions,Hawthorn Hawks,Brisbane Lions,Player Tackles,Cam Rayner,Brisbane Lions,3.5,2.65,Sportsbet,Hawthorn Hawks,103,17131,16501018,608010328,2897880267
Hawthorn Hawks v Brisbane Lions,Hawthorn Hawks,Brisbane Lions,Player Tackles,Hugh McCluggage,Brisbane Lions,3.5,2.6,Sportsbet,Hawthorn Hawks,103,17131,16501018,608010328,2897880260
Hawthorn Hawks v Brisbane Lions,Hawthorn Hawks,Brisbane Lions,Player Tackles,Jarrod Berry,Brisbane Lions,3.5,2.05,Sportsbet,Hawthorn Hawks,103,17131,16501018,608010328,2897880272
Hawthorn Hawks v Brisbane Lions,Hawthorn Hawks,Brisbane Lions,Player Tackles,Lachie Neale,Brisbane Lions,3.5,2.02,Sportsbet,Hawthorn Hawks,103,17131,16501018,608010328,2897880249
Hawthorn Hawks v Brisbane Lions,Hawthorn Hawks,Brisbane Lions,Player Tackles,Will Ashcroft,Brisbane Lions,3.5,2.05,Sportsbet,Hawthorn Hawks,103,17131,16501018,608010328,2897880281
Hawthorn Hawks v Brisbane Lions,Hawthorn Hawks,Brisbane Lions,Player Tackles,Zac Bailey,Brisbane Lions,3.5,2.25,Sportsbet,Hawthorn Hawks,103,17131,16501018,608010328,2897880293
Hawthorn Hawks v Brisbane Lions,Hawthorn Hawks,Brisbane Lions,Player Tackles,Eric Hipwood,Brisbane Lions,3.5,3.1,Sportsbet,Hawthorn Hawks,103,17131,16501018,608010328,2897880257
Hawthorn Hawks v Brisbane Lions,Hawthorn Hawks,Brisbane Lions,Player Tackles,Kai Lohmann,Brisbane Lions,3.5,3.1,Sportsbet,Hawthorn Hawks,103,17131,16501018,608010328,2897880258
Hawthorn Hawks v Brisbane Lions,Hawthorn Hawks,Brisbane Lions,Player Tackles,Dayne Zorko,Brisbane Lions,3.5,4.6,Sportsbet,Hawthorn Hawks,103,17131,16501018,608010328,2897880268
Hawthorn Hawks v Brisbane Lions,Hawthorn Hawks,Brisbane Lions,Player Tackles,Harris Andrews,Brisbane Lions,3.5,4.8,Sportsbet,Hawthorn Hawks,103,17131,16501018,608010328,2897880287
Hawthorn Hawks v Brisbane Lions,Hawthorn Hawks,Brisbane Lions,Player Tackles,Darcy Fort,Brisbane Lions,3.5,6,Sportsbet,Hawthorn Hawks,103,17131,16501018,608010328,2897880263
Hawthorn Hawks v Brisbane Lions,Hawthorn Hawks,Brisbane Lions,Player Tackles,Darcy Wilmot,Brisbane Lions,3.5,6,Sportsbet,Hawthorn Hawks,103,17131,16501018,608010328,2897880292
Hawthorn Hawks v Brisbane Lions,Hawthorn Hawks,Brisbane Lions,Player Tackles,Levi Ashcroft,Brisbane Lions,3.5,6.25,Sportsbet,Hawthorn Hawks,103,17131,16501018,608010328,2897880283
Hawthorn Hawks v Brisbane Lions,Hawthorn Hawks,Brisbane Lions,Player Tackles,Ty Gallop,Brisbane Lions,3.5,6,Sportsbet,Hawthorn Hawks,103,17131,16501018,608010328,2897880278
Hawthorn Hawks v Brisbane Lions,Hawthorn Hawks,Brisbane Lions,Player Tackles,Logan Morris,Brisbane Lions,3.5,8.5,Sportsbet,Hawthorn Hawks,103,17131,16501018,608010328,2897880251
Hawthorn Hawks v Brisbane Lions,Hawthorn Hawks,Brisbane Lions,Player Tackles,Oscar Allen,Brisbane Lions,3.5,8.25,Sportsbet,Hawthorn Hawks,103,17131,16501018,608010328,2897880250
Hawthorn Hawks v Brisbane Lions,Hawthorn Hawks,Brisbane Lions,Player Tackles,Sam Draper,Brisbane Lions,3.5,8.5,Sportsbet,Hawthorn Hawks,103,17131,16501018,608010328,2897880273
Hawthorn Hawks v Brisbane Lions,Hawthorn Hawks,Brisbane Lions,Player Tackles,Cam Mackenzie,Hawthorn Hawks,4.5,1.97,Sportsbet,Brisbane Lions,103,17131,16501018,608010331,2897880420
Hawthorn Hawks v Brisbane Lions,Hawthorn Hawks,Brisbane Lions,Player Tackles,Jai Newcombe,Hawthorn Hawks,4.5,1.68,Sportsbet,Brisbane Lions,103,17131,16501018,608010331,2897880418
Hawthorn Hawks v Brisbane Lions,Hawthorn Hawks,Brisbane Lions,Player Tackles,Connor Macdonald,Hawthorn Hawks,4.5,2.8,Sportsbet,Brisbane Lions,103,17131,16501018,608010331,2897880409
Hawthorn Hawks v Brisbane Lions,Hawthorn Hawks,Brisbane Lions,Player Tackles,Dylan Moore,Hawthorn Hawks,4.5,2.45,Sportsbet,Brisbane Lions,103,17131,16501018,608010331,2897880389
Hawthorn Hawks v Brisbane Lions,Hawthorn Hawks,Brisbane Lions,Player Tackles,Josh Ward,Hawthorn Hawks,4.5,2,Sportsbet,Brisbane Lions,103,17131,16501018,608010331,2897880415
Hawthorn Hawks v Brisbane Lions,Hawthorn Hawks,Brisbane Lions,Player Tackles,Will Day,Hawthorn Hawks,4.5,2.85,Sportsbet,Brisbane Lions,103,17131,16501018,608010331,2897880427
Hawthorn Hawks v Brisbane Lions,Hawthorn Hawks,Brisbane Lions,Player Tackles,Bailey Macdonald,Hawthorn Hawks,4.5,3.25,Sportsbet,Brisbane Lions,103,17131,16501018,608010331,2897880411
Hawthorn Hawks v Brisbane Lions,Hawthorn Hawks,Brisbane Lions,Player Tackles,Lloyd Meek,Hawthorn Hawks,4.5,3.25,Sportsbet,Brisbane Lions,103,17131,16501018,608010331,2897880401
Hawthorn Hawks v Brisbane Lions,Hawthorn Hawks,Brisbane Lions,Player Tackles,Josh Weddle,Hawthorn Hawks,4.5,4.8,Sportsbet,Brisbane Lions,103,17131,16501018,608010331,2897880404
Hawthorn Hawks v Brisbane Lions,Hawthorn Hawks,Brisbane Lions,Player Tackles,Mabior Chol,Hawthorn Hawks,4.5,4.75,Sportsbet,Brisbane Lions,103,17131,16501018,608010331,2897880416
Hawthorn Hawks v Brisbane Lions,Hawthorn Hawks,Brisbane Lions,Player Tackles,Max Beattie,Hawthorn Hawks,4.5,4.75,Sportsbet,Brisbane Lions,103,17131,16501018,608010331,2902246221
Hawthorn Hawks v Brisbane Lions,Hawthorn Hawks,Brisbane Lions,Player Tackles,Harry Morrison,Hawthorn Hawks,4.5,5.9,Sportsbet,Brisbane Lions,103,17131,16501018,608010331,2897880399
Hawthorn Hawks v Brisbane Lions,Hawthorn Hawks,Brisbane Lions,Player Tackles,Jack Ginnivan,Hawthorn Hawks,4.5,5.9,Sportsbet,Brisbane Lions,103,17131,16501018,608010331,2897880395
Hawthorn Hawks v Brisbane Lions,Hawthorn Hawks,Brisbane Lions,Player Tackles,Massimo D'Ambrosio,Hawthorn Hawks,4.5,5.8,Sportsbet,Brisbane Lions,103,17131,16501018,608010331,2897880388
Hawthorn Hawks v Brisbane Lions,Hawthorn Hawks,Brisbane Lions,Player Tackles,Blake Hardwick,Hawthorn Hawks,4.5,7.5,Sportsbet,Brisbane Lions,103,17131,16501018,608010331,2897880434
Hawthorn Hawks v Brisbane Lions,Hawthorn Hawks,Brisbane Lions,Player Tackles,Nick Watson,Hawthorn Hawks,4.5,7.5,Sportsbet,Brisbane Lions,103,17131,16501018,608010331,2897880422
Hawthorn Hawks v Brisbane Lions,Hawthorn Hawks,Brisbane Lions,Player Tackles,Josh Dunkley,Brisbane Lions,4.5,1.17,Sportsbet,Hawthorn Hawks,103,17131,16501018,608010331,2897880432
Hawthorn Hawks v Brisbane Lions,Hawthorn Hawks,Brisbane Lions,Player Tackles,Jarrod Berry,Brisbane Lions,4.5,3.35,Sportsbet,Hawthorn Hawks,103,17131,16501018,608010331,2897880433
Hawthorn Hawks v Brisbane Lions,Hawthorn Hawks,Brisbane Lions,Player Tackles,Lachie Neale,Brisbane Lions,4.5,3.35,Sportsbet,Hawthorn Hawks,103,17131,16501018,608010331,2897880424
Hawthorn Hawks v Brisbane Lions,Hawthorn Hawks,Brisbane Lions,Player Tackles,Will Ashcroft,Brisbane Lions,4.5,3.35,Sportsbet,Hawthorn Hawks,103,17131,16501018,608010331,2897880407
Hawthorn Hawks v Brisbane Lions,Hawthorn Hawks,Brisbane Lions,Player Tackles,Cam Rayner,Brisbane Lions,4.5,4.8,Sportsbet,Hawthorn Hawks,103,17131,16501018,608010331,2897880421
Hawthorn Hawks v Brisbane Lions,Hawthorn Hawks,Brisbane Lions,Player Tackles,Hugh McCluggage,Brisbane Lions,4.5,4.9,Sportsbet,Hawthorn Hawks,103,17131,16501018,608010331,2897880430
Hawthorn Hawks v Brisbane Lions,Hawthorn Hawks,Brisbane Lions,Player Tackles,Zac Bailey,Brisbane Lions,4.5,4,Sportsbet,Hawthorn Hawks,103,17131,16501018,608010331,2897880403
Hawthorn Hawks v Brisbane Lions,Hawthorn Hawks,Brisbane Lions,Player Tackles,Eric Hipwood,Brisbane Lions,4.5,6,Sportsbet,Hawthorn Hawks,103,17131,16501018,608010331,2897880414
Hawthorn Hawks v Brisbane Lions,Hawthorn Hawks,Brisbane Lions,Player Tackles,Kai Lohmann,Brisbane Lions,4.5,6.25,Sportsbet,Hawthorn Hawks,103,17131,16501018,608010331,2897880405
Hawthorn Hawks v Brisbane Lions,Hawthorn Hawks,Brisbane Lions,Player Tackles,Dayne Zorko,Brisbane Lions,4.5,10,Sportsbet,Hawthorn Hawks,103,17131,16501018,608010331,2897880419
Hawthorn Hawks v Brisbane Lions,Hawthorn Hawks,Brisbane Lions,Player Tackles,Harris Andrews,Brisbane Lions,4.5,10.5,Sportsbet,Hawthorn Hawks,103,17131,16501018,608010331,2897880410
Hawthorn Hawks v Brisbane Lions,Hawthorn Hawks,Brisbane Lions,Player Tackles,Cam Mackenzie,Hawthorn Hawks,5.5,2.95,Sportsbet,Brisbane Lions,103,17131,16501018,608010330,2897880386
Hawthorn Hawks v Brisbane Lions,Hawthorn Hawks,Brisbane Lions,Player Tackles,Jai Newcombe,Hawthorn Hawks,5.5,2.4,Sportsbet,Brisbane Lions,103,17131,16501018,608010330,2897880366
Hawthorn Hawks v Brisbane Lions,Hawthorn Hawks,Brisbane Lions,Player Tackles,Josh Ward,Hawthorn Hawks,5.5,3.1,Sportsbet,Brisbane Lions,103,17131,16501018,608010330,2897880344
Hawthorn Hawks v Brisbane Lions,Hawthorn Hawks,Brisbane Lions,Player Tackles,Dylan Moore,Hawthorn Hawks,5.5,4.1,Sportsbet,Brisbane Lions,103,17131,16501018,608010330,2897880349
Hawthorn Hawks v Brisbane Lions,Hawthorn Hawks,Brisbane Lions,Player Tackles,Will Day,Hawthorn Hawks,5.5,4.8,Sportsbet,Brisbane Lions,103,17131,16501018,608010330,2897880376
Hawthorn Hawks v Brisbane Lions,Hawthorn Hawks,Brisbane Lions,Player Tackles,Connor Macdonald,Hawthorn Hawks,5.5,5,Sportsbet,Brisbane Lions,103,17131,16501018,608010330,2897880360
Hawthorn Hawks v Brisbane Lions,Hawthorn Hawks,Brisbane Lions,Player Tackles,Lloyd Meek,Hawthorn Hawks,5.5,5.9,Sportsbet,Brisbane Lions,103,17131,16501018,608010330,2897880374
Hawthorn Hawks v Brisbane Lions,Hawthorn Hawks,Brisbane Lions,Player Tackles,Bailey Macdonald,Hawthorn Hawks,5.5,6,Sportsbet,Brisbane Lions,103,17131,16501018,608010330,2897880350
Hawthorn Hawks v Brisbane Lions,Hawthorn Hawks,Brisbane Lions,Player Tackles,Josh Weddle,Hawthorn Hawks,5.5,9.5,Sportsbet,Brisbane Lions,103,17131,16501018,608010330,2897880351
Hawthorn Hawks v Brisbane Lions,Hawthorn Hawks,Brisbane Lions,Player Tackles,Mabior Chol,Hawthorn Hawks,5.5,9.5,Sportsbet,Brisbane Lions,103,17131,16501018,608010330,2897880383
Hawthorn Hawks v Brisbane Lions,Hawthorn Hawks,Brisbane Lions,Player Tackles,Max Beattie,Hawthorn Hawks,5.5,9.25,Sportsbet,Brisbane Lions,103,17131,16501018,608010330,2902246238
Hawthorn Hawks v Brisbane Lions,Hawthorn Hawks,Brisbane Lions,Player Tackles,Harry Morrison,Hawthorn Hawks,5.5,12,Sportsbet,Brisbane Lions,103,17131,16501018,608010330,2897880341
Hawthorn Hawks v Brisbane Lions,Hawthorn Hawks,Brisbane Lions,Player Tackles,Massimo D'Ambrosio,Hawthorn Hawks,5.5,12.5,Sportsbet,Brisbane Lions,103,17131,16501018,608010330,2897880364
Hawthorn Hawks v Brisbane Lions,Hawthorn Hawks,Brisbane Lions,Player Tackles,Jack Ginnivan,Hawthorn Hawks,5.5,13,Sportsbet,Brisbane Lions,103,17131,16501018,608010330,2897880384
Hawthorn Hawks v Brisbane Lions,Hawthorn Hawks,Brisbane Lions,Player Tackles,Josh Dunkley,Brisbane Lions,5.5,1.36,Sportsbet,Hawthorn Hawks,103,17131,16501018,608010330,2897880375
Hawthorn Hawks v Brisbane Lions,Hawthorn Hawks,Brisbane Lions,Player Tackles,Jarrod Berry,Brisbane Lions,5.5,6,Sportsbet,Hawthorn Hawks,103,17131,16501018,608010330,2897880385
Hawthorn Hawks v Brisbane Lions,Hawthorn Hawks,Brisbane Lions,Player Tackles,Lachie Neale,Brisbane Lions,5.5,6,Sportsbet,Hawthorn Hawks,103,17131,16501018,608010330,2897880380
Hawthorn Hawks v Brisbane Lions,Hawthorn Hawks,Brisbane Lions,Player Tackles,Will Ashcroft,Brisbane Lions,5.5,6.25,Sportsbet,Hawthorn Hawks,103,17131,16501018,608010330,2897880381
Hawthorn Hawks v Brisbane Lions,Hawthorn Hawks,Brisbane Lions,Player Tackles,Zac Bailey,Brisbane Lions,5.5,7.5,Sportsbet,Hawthorn Hawks,103,17131,16501018,608010330,2897880352
Hawthorn Hawks v Brisbane Lions,Hawthorn Hawks,Brisbane Lions,Player Tackles,Cam Rayner,Brisbane Lions,5.5,9.5,Sportsbet,Hawthorn Hawks,103,17131,16501018,608010330,2897880355
Hawthorn Hawks v Brisbane Lions,Hawthorn Hawks,Brisbane Lions,Player Tackles,Hugh McCluggage,Brisbane Lions,5.5,9.75,Sportsbet,Hawthorn Hawks,103,17131,16501018,608010330,2897880361
Hawthorn Hawks v Brisbane Lions,Hawthorn Hawks,Brisbane Lions,Player Tackles,Eric Hipwood,Brisbane Lions,5.5,12.5,Sportsbet,Hawthorn Hawks,103,17131,16501018,608010330,2897880372
Hawthorn Hawks v Brisbane Lions,Hawthorn Hawks,Brisbane Lions,Player Tackles,Kai Lohmann,Brisbane Lions,5.5,13,Sportsbet,Hawthorn Hawks,103,17131,16501018,608010330,2897880357
Hawthorn Hawks v Brisbane Lions,Hawthorn Hawks,Brisbane Lions,Player Tackles,Jai Newcombe,Hawthorn Hawks,6.5,3.75,Sportsbet,Brisbane Lions,103,17131,16501018,608010332,2897880457
Hawthorn Hawks v Brisbane Lions,Hawthorn Hawks,Brisbane Lions,Player Tackles,Cam Mackenzie,Hawthorn Hawks,6.5,4.9,Sportsbet,Brisbane Lions,103,17131,16501018,608010332,2897880475
Hawthorn Hawks v Brisbane Lions,Hawthorn Hawks,Brisbane Lions,Player Tackles,Josh Ward,Hawthorn Hawks,6.5,5.2,Sportsbet,Brisbane Lions,103,17131,16501018,608010332,2897880471
Hawthorn Hawks v Brisbane Lions,Hawthorn Hawks,Brisbane Lions,Player Tackles,Dylan Moore,Hawthorn Hawks,6.5,7.25,Sportsbet,Brisbane Lions,103,17131,16501018,608010332,2897880450
Hawthorn Hawks v Brisbane Lions,Hawthorn Hawks,Brisbane Lions,Player Tackles,Connor Macdonald,Hawthorn Hawks,6.5,9.25,Sportsbet,Brisbane Lions,103,17131,16501018,608010332,2897880463
Hawthorn Hawks v Brisbane Lions,Hawthorn Hawks,Brisbane Lions,Player Tackles,Will Day,Hawthorn Hawks,6.5,9,Sportsbet,Brisbane Lions,103,17131,16501018,608010332,2897880436
Hawthorn Hawks v Brisbane Lions,Hawthorn Hawks,Brisbane Lions,Player Tackles,Lloyd Meek,Hawthorn Hawks,6.5,11.5,Sportsbet,Brisbane Lions,103,17131,16501018,608010332,2897880438
Hawthorn Hawks v Brisbane Lions,Hawthorn Hawks,Brisbane Lions,Player Tackles,Bailey Macdonald,Hawthorn Hawks,6.5,12,Sportsbet,Brisbane Lions,103,17131,16501018,608010332,2897880439
Hawthorn Hawks v Brisbane Lions,Hawthorn Hawks,Brisbane Lions,Player Tackles,Max Beattie,Hawthorn Hawks,6.5,18,Sportsbet,Brisbane Lions,103,17131,16501018,608010332,2902246223
Hawthorn Hawks v Brisbane Lions,Hawthorn Hawks,Brisbane Lions,Player Tackles,Josh Dunkley,Brisbane Lions,6.5,1.72,Sportsbet,Hawthorn Hawks,103,17131,16501018,608010332,2897880468
Hawthorn Hawks v Brisbane Lions,Hawthorn Hawks,Brisbane Lions,Player Tackles,Jarrod Berry,Brisbane Lions,6.5,12,Sportsbet,Hawthorn Hawks,103,17131,16501018,608010332,2897880459
Hawthorn Hawks v Brisbane Lions,Hawthorn Hawks,Brisbane Lions,Player Tackles,Lachie Neale,Brisbane Lions,6.5,12,Sportsbet,Hawthorn Hawks,103,17131,16501018,608010332,2897880478
Hawthorn Hawks v Brisbane Lions,Hawthorn Hawks,Brisbane Lions,Player Tackles,Will Ashcroft,Brisbane Lions,6.5,12.5,Sportsbet,Hawthorn Hawks,103,17131,16501018,608010332,2897880456
Hawthorn Hawks v Brisbane Lions,Hawthorn Hawks,Brisbane Lions,Player Tackles,Zac Bailey,Brisbane Lions,6.5,15,Sportsbet,Hawthorn Hawks,103,17131,16501018,608010332,2897880479
Hawthorn Hawks v Brisbane Lions,Hawthorn Hawks,Brisbane Lions,Player Tackles,Jai Newcombe,Hawthorn Hawks,7.5,6.25,Sportsbet,Brisbane Lions,103,17131,16501018,608010335,2897880596
Hawthorn Hawks v Brisbane Lions,Hawthorn Hawks,Brisbane Lions,Player Tackles,Cam Mackenzie,Hawthorn Hawks,7.5,8.75,Sportsbet,Brisbane Lions,103,17131,16501018,608010335,2897880622
Hawthorn Hawks v Brisbane Lions,Hawthorn Hawks,Brisbane Lions,Player Tackles,Josh Ward,Hawthorn Hawks,7.5,9.25,Sportsbet,Brisbane Lions,103,17131,16501018,608010335,2897880584
Hawthorn Hawks v Brisbane Lions,Hawthorn Hawks,Brisbane Lions,Player Tackles,Dylan Moore,Hawthorn Hawks,7.5,14,Sportsbet,Brisbane Lions,103,17131,16501018,608010335,2897880578
Hawthorn Hawks v Brisbane Lions,Hawthorn Hawks,Brisbane Lions,Player Tackles,Connor Macdonald,Hawthorn Hawks,7.5,17,Sportsbet,Brisbane Lions,103,17131,16501018,608010335,2897880614
Hawthorn Hawks v Brisbane Lions,Hawthorn Hawks,Brisbane Lions,Player Tackles,Will Day,Hawthorn Hawks,7.5,17,Sportsbet,Brisbane Lions,103,17131,16501018,608010335,2897880616
Hawthorn Hawks v Brisbane Lions,Hawthorn Hawks,Brisbane Lions,Player Tackles,Josh Dunkley,Brisbane Lions,7.5,2.3,Sportsbet,Hawthorn Hawks,103,17131,16501018,608010335,2897880588
Hawthorn Hawks v Brisbane Lions,Hawthorn Hawks,Brisbane Lions,Player Tackles,Lachie Neale,Brisbane Lions,7.5,21,Sportsbet,Hawthorn Hawks,103,17131,16501018,608010335,2897880597
Hawthorn Hawks v Brisbane Lions,Hawthorn Hawks,Brisbane Lions,Player Tackles,Jai Newcombe,Hawthorn Hawks,8.5,11,Sportsbet,Brisbane Lions,103,17131,16501018,608010334,2897880572
Hawthorn Hawks v Brisbane Lions,Hawthorn Hawks,Brisbane Lions,Player Tackles,Cam Mackenzie,Hawthorn Hawks,8.5,15,Sportsbet,Brisbane Lions,103,17131,16501018,608010334,2897880537
Hawthorn Hawks v Brisbane Lions,Hawthorn Hawks,Brisbane Lions,Player Tackles,Josh Ward,Hawthorn Hawks,8.5,18,Sportsbet,Brisbane Lions,103,17131,16501018,608010334,2897880534
Hawthorn Hawks v Brisbane Lions,Hawthorn Hawks,Brisbane Lions,Player Tackles,Josh Dunkley,Brisbane Lions,8.5,3.3,Sportsbet,Hawthorn Hawks,103,17131,16501018,608010334,2897880567
Hawthorn Hawks v Brisbane Lions,Hawthorn Hawks,Brisbane Lions,Player Tackles,Jai Newcombe,Hawthorn Hawks,9.5,19,Sportsbet,Brisbane Lions,103,17131,16501018,608010327,2897880245
Hawthorn Hawks v Brisbane Lions,Hawthorn Hawks,Brisbane Lions,Player Tackles,Cam Mackenzie,Hawthorn Hawks,9.5,31,Sportsbet,Brisbane Lions,103,17131,16501018,608010327,2897880219
Hawthorn Hawks v Brisbane Lions,Hawthorn Hawks,Brisbane Lions,Player Tackles,Josh Ward,Hawthorn Hawks,9.5,34,Sportsbet,Brisbane Lions,103,17131,16501018,608010327,2897880208
Hawthorn Hawks v Brisbane Lions,Hawthorn Hawks,Brisbane Lions,Player Tackles,Josh Dunkley,Brisbane Lions,9.5,5.1,Sportsbet,Hawthorn Hawks,103,17131,16501018,608010327,2897880236
