match,home_team,away_team,market_name,player_name,player_team,line,over_price,under_price,agency,opposition_team,class_external_id,competition_external_id,event_external_id,market_id,player_id,player_id_unders
Hawthorn Hawks v Brisbane Lions,Hawthorn Hawks,Brisbane Lions,Player Goals,Dylan Moore,Hawthorn Hawks,0.5,1.41,NA,Sportsbet,Brisbane Lions,103,17131,16501018,607246929,2894334445,NA
Hawthorn Hawks v Brisbane Lions,Hawthorn Hawks,Brisbane Lions,Player Goals,Jack Ginnivan,Hawthorn Hawks,0.5,1.6,NA,Sportsbet,Brisbane Lions,103,17131,16501018,607246929,2894334435,NA
Hawthorn Hawks v Brisbane Lions,Hawthorn Hawks,Brisbane Lions,Player Goals,Jack Gunston,Hawthorn Hawks,0.5,1.02,NA,Sportsbet,Brisbane Lions,103,17131,16501018,607246929,2894334448,NA
Hawthorn Hawks v Brisbane Lions,Hawthorn Hawks,Brisbane Lions,Player Goals,Mabior Chol,Hawthorn Hawks,0.5,1.29,NA,Sportsbet,Brisbane Lions,103,17131,16501018,607246929,2894334461,NA
Hawthorn Hawks v Brisbane Lions,Hawthorn Hawks,Brisbane Lions,Player Goals,Mitch Lewis,Hawthorn Hawks,0.5,1.22,NA,Sportsbet,Brisbane Lions,103,17131,16501018,607246929,2894334438,NA
Hawthorn Hawks v Brisbane Lions,Hawthorn Hawks,Brisbane Lions,Player Goals,Nick Watson,Hawthorn Hawks,0.5,1.02,NA,Sportsbet,Brisbane Lions,103,17131,16501018,607246929,2894334433,NA
Hawthorn Hawks v Brisbane Lions,Hawthorn Hawks,Brisbane Lions,Player Goals,Connor Macdonald,Hawthorn Hawks,0.5,2.2,NA,Sportsbet,Brisbane Lions,103,17131,16501018,607246929,2894334434,NA
Hawthorn Hawks v Brisbane Lions,Hawthorn Hawks,Brisbane Lions,Player Goals,Max Beattie,Hawthorn Hawks,0.5,2.7,NA,Sportsbet,Brisbane Lions,103,17131,16501018,607246929,2902221263,NA
Hawthorn Hawks v Brisbane Lions,Hawthorn Hawks,Brisbane Lions,Player Goals,Will Day,Hawthorn Hawks,0.5,2.75,NA,Sportsbet,Brisbane Lions,103,17131,16501018,607246929,2894334459,NA
Hawthorn Hawks v Brisbane Lions,Hawthorn Hawks,Brisbane Lions,Player Goals,Jai Newcombe,Hawthorn Hawks,0.5,3.8,NA,Sportsbet,Brisbane Lions,103,17131,16501018,607246929,2894334460,NA
Hawthorn Hawks v Brisbane Lions,Hawthorn Hawks,Brisbane Lions,Player Goals,Cam Mackenzie,Hawthorn Hawks,0.5,4,NA,Sportsbet,Brisbane Lions,103,17131,16501018,607246929,2894334451,NA
Hawthorn Hawks v Brisbane Lions,Hawthorn Hawks,Brisbane Lions,Player Goals,Harry Morrison,Hawthorn Hawks,0.5,4,NA,Sportsbet,Brisbane Lions,103,17131,16501018,607246929,2894334442,NA
Hawthorn Hawks v Brisbane Lions,Hawthorn Hawks,Brisbane Lions,Player Goals,Jarman Impey,Hawthorn Hawks,0.5,4,NA,Sportsbet,Brisbane Lions,103,17131,16501018,607246929,2894334453,NA
Hawthorn Hawks v Brisbane Lions,Hawthorn Hawks,Brisbane Lions,Player Goals,Josh Ward,Hawthorn Hawks,0.5,4,NA,Sportsbet,Brisbane Lions,103,17131,16501018,607246929,2894334443,NA
Hawthorn Hawks v Brisbane Lions,Hawthorn Hawks,Brisbane Lions,Player Goals,Josh Weddle,Hawthorn Hawks,0.5,4,NA,Sportsbet,Brisbane Lions,103,17131,16501018,607246929,2894334454,NA
Hawthorn Hawks v Brisbane Lions,Hawthorn Hawks,Brisbane Lions,Player Goals,Karl Amon,Hawthorn Hawks,0.5,4,NA,Sportsbet,Brisbane Lions,103,17131,16501018,607246929,2894334444,NA
Hawthorn Hawks v Brisbane Lions,Hawthorn Hawks,Brisbane Lions,Player Goals,Lloyd Meek,Hawthorn Hawks,0.5,4,NA,Sportsbet,Brisbane Lions,103,17131,16501018,607246929,2894334431,NA
Hawthorn Hawks v Brisbane Lions,Hawthorn Hawks,Brisbane Lions,Player Goals,Massimo D'Ambrosio,Hawthorn Hawks,0.5,4,NA,Sportsbet,Brisbane Lions,103,17131,16501018,607246929,2894334439,NA
Hawthorn Hawks v Brisbane Lions,Hawthorn Hawks,Brisbane Lions,Player Goals,Cam Rayner,Brisbane Lions,0.5,1.51,NA,Sportsbet,Hawthorn Hawks,103,17131,16501018,607246929,2894334458,NA
Hawthorn Hawks v Brisbane Lions,Hawthorn Hawks,Brisbane Lions,Player Goals,Charlie Cameron,Brisbane Lions,0.5,1.09,NA,Sportsbet,Hawthorn Hawks,103,17131,16501018,607246929,2894334447,NA
Hawthorn Hawks v Brisbane Lions,Hawthorn Hawks,Brisbane Lions,Player Goals,Conor McKenna,Brisbane Lions,0.5,1.86,NA,Sportsbet,Hawthorn Hawks,103,17131,16501018,607246929,2894334457,NA
Hawthorn Hawks v Brisbane Lions,Hawthorn Hawks,Brisbane Lions,Player Goals,Eric Hipwood,Brisbane Lions,0.5,1.3,NA,Sportsbet,Hawthorn Hawks,103,17131,16501018,607246929,2894334462,NA
Hawthorn Hawks v Brisbane Lions,Hawthorn Hawks,Brisbane Lions,Player Goals,Kai Lohmann,Brisbane Lions,0.5,1.19,NA,Sportsbet,Hawthorn Hawks,103,17131,16501018,607246929,2894334430,NA
Hawthorn Hawks v Brisbane Lions,Hawthorn Hawks,Brisbane Lions,Player Goals,Logan Morris,Brisbane Lions,0.5,1.09,NA,Sportsbet,Hawthorn Hawks,103,17131,16501018,607246929,2894334440,NA
Hawthorn Hawks v Brisbane Lions,Hawthorn Hawks,Brisbane Lions,Player Goals,Oscar Allen,Brisbane Lions,0.5,1.24,NA,Sportsbet,Hawthorn Hawks,103,17131,16501018,607246929,2894334456,NA
Hawthorn Hawks v Brisbane Lions,Hawthorn Hawks,Brisbane Lions,Player Goals,Zac Bailey,Brisbane Lions,0.5,1.27,NA,Sportsbet,Hawthorn Hawks,103,17131,16501018,607246929,2894334441,NA
Hawthorn Hawks v Brisbane Lions,Hawthorn Hawks,Brisbane Lions,Player Goals,Hugh McCluggage,Brisbane Lions,0.5,2.35,NA,Sportsbet,Hawthorn Hawks,103,17131,16501018,607246929,2894334432,NA
Hawthorn Hawks v Brisbane Lions,Hawthorn Hawks,Brisbane Lions,Player Goals,Levi Ashcroft,Brisbane Lions,0.5,2.7,NA,Sportsbet,Hawthorn Hawks,103,17131,16501018,607246929,2894334449,NA
Hawthorn Hawks v Brisbane Lions,Hawthorn Hawks,Brisbane Lions,Player Goals,Sam Draper,Brisbane Lions,0.5,2.12,NA,Sportsbet,Hawthorn Hawks,103,17131,16501018,607246929,2894334463,NA
Hawthorn Hawks v Brisbane Lions,Hawthorn Hawks,Brisbane Lions,Player Goals,Will Ashcroft,Brisbane Lions,0.5,2.65,NA,Sportsbet,Hawthorn Hawks,103,17131,16501018,607246929,2894334452,NA
Hawthorn Hawks v Brisbane Lions,Hawthorn Hawks,Brisbane Lions,Player Goals,Darcy Fort,Brisbane Lions,0.5,4,NA,Sportsbet,Hawthorn Hawks,103,17131,16501018,607246929,2894334455,NA
Hawthorn Hawks v Brisbane Lions,Hawthorn Hawks,Brisbane Lions,Player Goals,Dayne Zorko,Brisbane Lions,0.5,4,NA,Sportsbet,Hawthorn Hawks,103,17131,16501018,607246929,2894334446,NA
Hawthorn Hawks v Brisbane Lions,Hawthorn Hawks,Brisbane Lions,Player Goals,Jarrod Berry,Brisbane Lions,0.5,4,NA,Sportsbet,Hawthorn Hawks,103,17131,16501018,607246929,2894334436,NA
Hawthorn Hawks v Brisbane Lions,Hawthorn Hawks,Brisbane Lions,Player Goals,Jaspa Fletcher,Brisbane Lions,0.5,4,NA,Sportsbet,Hawthorn Hawks,103,17131,16501018,607246929,2902221262,NA
Hawthorn Hawks v Brisbane Lions,Hawthorn Hawks,Brisbane Lions,Player Goals,Josh Dunkley,Brisbane Lions,0.5,4,NA,Sportsbet,Hawthorn Hawks,103,17131,16501018,607246929,2894334437,NA
Hawthorn Hawks v Brisbane Lions,Hawthorn Hawks,Brisbane Lions,Player Goals,Lachie Neale,Brisbane Lions,0.5,4,NA,Sportsbet,Hawthorn Hawks,103,17131,16501018,607246929,2894334450,NA
Hawthorn Hawks v Brisbane Lions,Hawthorn Hawks,Brisbane Lions,Player Goals,Jack Gunston,Hawthorn Hawks,1.5,1.17,NA,Sportsbet,Brisbane Lions,103,17131,16501018,607246945,2894334652,NA
Hawthorn Hawks v Brisbane Lions,Hawthorn Hawks,Brisbane Lions,Player Goals,Nick Watson,Hawthorn Hawks,1.5,1.2,NA,Sportsbet,Brisbane Lions,103,17131,16501018,607246945,2894334653,NA
Hawthorn Hawks v Brisbane Lions,Hawthorn Hawks,Brisbane Lions,Player Goals,Mabior Chol,Hawthorn Hawks,1.5,2.45,NA,Sportsbet,Brisbane Lions,103,17131,16501018,607246945,2894334656,NA
Hawthorn Hawks v Brisbane Lions,Hawthorn Hawks,Brisbane Lions,Player Goals,Mitch Lewis,Hawthorn Hawks,1.5,2.15,NA,Sportsbet,Brisbane Lions,103,17131,16501018,607246945,2894334638,NA
Hawthorn Hawks v Brisbane Lions,Hawthorn Hawks,Brisbane Lions,Player Goals,Dylan Moore,Hawthorn Hawks,1.5,3.05,NA,Sportsbet,Brisbane Lions,103,17131,16501018,607246945,2894334660,NA
Hawthorn Hawks v Brisbane Lions,Hawthorn Hawks,Brisbane Lions,Player Goals,Jack Ginnivan,Hawthorn Hawks,1.5,4,NA,Sportsbet,Brisbane Lions,103,17131,16501018,607246945,2894334663,NA
Hawthorn Hawks v Brisbane Lions,Hawthorn Hawks,Brisbane Lions,Player Goals,Connor Macdonald,Hawthorn Hawks,1.5,7.75,NA,Sportsbet,Brisbane Lions,103,17131,16501018,607246945,2894334658,NA
Hawthorn Hawks v Brisbane Lions,Hawthorn Hawks,Brisbane Lions,Player Goals,Max Beattie,Hawthorn Hawks,1.5,11.5,NA,Sportsbet,Brisbane Lions,103,17131,16501018,607246945,2902221275,NA
Hawthorn Hawks v Brisbane Lions,Hawthorn Hawks,Brisbane Lions,Player Goals,Will Day,Hawthorn Hawks,1.5,12,NA,Sportsbet,Brisbane Lions,103,17131,16501018,607246945,2894334661,NA
Hawthorn Hawks v Brisbane Lions,Hawthorn Hawks,Brisbane Lions,Player Goals,Charlie Cameron,Brisbane Lions,1.5,1.6,NA,Sportsbet,Hawthorn Hawks,103,17131,16501018,607246945,2894334645,NA
Hawthorn Hawks v Brisbane Lions,Hawthorn Hawks,Brisbane Lions,Player Goals,Logan Morris,Brisbane Lions,1.5,1.55,NA,Sportsbet,Hawthorn Hawks,103,17131,16501018,607246945,2894334639,NA
Hawthorn Hawks v Brisbane Lions,Hawthorn Hawks,Brisbane Lions,Player Goals,Eric Hipwood,Brisbane Lions,1.5,2.55,NA,Sportsbet,Hawthorn Hawks,103,17131,16501018,607246945,2894334640,NA
Hawthorn Hawks v Brisbane Lions,Hawthorn Hawks,Brisbane Lions,Player Goals,Kai Lohmann,Brisbane Lions,1.5,2.02,NA,Sportsbet,Hawthorn Hawks,103,17131,16501018,607246945,2894334664,NA
Hawthorn Hawks v Brisbane Lions,Hawthorn Hawks,Brisbane Lions,Player Goals,Oscar Allen,Brisbane Lions,1.5,2.25,NA,Sportsbet,Hawthorn Hawks,103,17131,16501018,607246945,2894334646,NA
Hawthorn Hawks v Brisbane Lions,Hawthorn Hawks,Brisbane Lions,Player Goals,Zac Bailey,Brisbane Lions,1.5,2.35,NA,Sportsbet,Hawthorn Hawks,103,17131,16501018,607246945,2894334644,NA
Hawthorn Hawks v Brisbane Lions,Hawthorn Hawks,Brisbane Lions,Player Goals,Cam Rayner,Brisbane Lions,1.5,3.45,NA,Sportsbet,Hawthorn Hawks,103,17131,16501018,607246945,2894334648,NA
Hawthorn Hawks v Brisbane Lions,Hawthorn Hawks,Brisbane Lions,Player Goals,Conor McKenna,Brisbane Lions,1.5,5.5,NA,Sportsbet,Hawthorn Hawks,103,17131,16501018,607246945,2894334667,NA
Hawthorn Hawks v Brisbane Lions,Hawthorn Hawks,Brisbane Lions,Player Goals,Sam Draper,Brisbane Lions,1.5,7.25,NA,Sportsbet,Hawthorn Hawks,103,17131,16501018,607246945,2894334655,NA
Hawthorn Hawks v Brisbane Lions,Hawthorn Hawks,Brisbane Lions,Player Goals,Hugh McCluggage,Brisbane Lions,1.5,8.75,NA,Sportsbet,Hawthorn Hawks,103,17131,16501018,607246945,2894334649,NA
Hawthorn Hawks v Brisbane Lions,Hawthorn Hawks,Brisbane Lions,Player Goals,Levi Ashcroft,Brisbane Lions,1.5,11,NA,Sportsbet,Hawthorn Hawks,103,17131,16501018,607246945,2894334666,NA
Hawthorn Hawks v Brisbane Lions,Hawthorn Hawks,Brisbane Lions,Player Goals,Will Ashcroft,Brisbane Lions,1.5,11,NA,Sportsbet,Hawthorn Hawks,103,17131,16501018,607246945,2894334641,NA
Hawthorn Hawks v Brisbane Lions,Hawthorn Hawks,Brisbane Lions,Player Goals,Jack Gunston,Hawthorn Hawks,2.5,1.6,NA,Sportsbet,Brisbane Lions,103,17131,16501018,607246931,2894334525,NA
Hawthorn Hawks v Brisbane Lions,Hawthorn Hawks,Brisbane Lions,Player Goals,Nick Watson,Hawthorn Hawks,2.5,1.71,NA,Sportsbet,Brisbane Lions,103,17131,16501018,607246931,2894334506,NA
Hawthorn Hawks v Brisbane Lions,Hawthorn Hawks,Brisbane Lions,Player Goals,Mitch Lewis,Hawthorn Hawks,2.5,5,NA,Sportsbet,Brisbane Lions,103,17131,16501018,607246931,2894334500,NA
Hawthorn Hawks v Brisbane Lions,Hawthorn Hawks,Brisbane Lions,Player Goals,Mabior Chol,Hawthorn Hawks,2.5,6,NA,Sportsbet,Brisbane Lions,103,17131,16501018,607246931,2894334515,NA
Hawthorn Hawks v Brisbane Lions,Hawthorn Hawks,Brisbane Lions,Player Goals,Dylan Moore,Hawthorn Hawks,2.5,8.25,NA,Sportsbet,Brisbane Lions,103,17131,16501018,607246931,2894334520,NA
Hawthorn Hawks v Brisbane Lions,Hawthorn Hawks,Brisbane Lions,Player Goals,Jack Ginnivan,Hawthorn Hawks,2.5,12,NA,Sportsbet,Brisbane Lions,103,17131,16501018,607246931,2894334503,NA
Hawthorn Hawks v Brisbane Lions,Hawthorn Hawks,Brisbane Lions,Player Goals,Connor Macdonald,Hawthorn Hawks,2.5,31,NA,Sportsbet,Brisbane Lions,103,17131,16501018,607246931,2894334514,NA
Hawthorn Hawks v Brisbane Lions,Hawthorn Hawks,Brisbane Lions,Player Goals,Charlie Cameron,Brisbane Lions,2.5,2.85,NA,Sportsbet,Hawthorn Hawks,103,17131,16501018,607246931,2894334526,NA
Hawthorn Hawks v Brisbane Lions,Hawthorn Hawks,Brisbane Lions,Player Goals,Logan Morris,Brisbane Lions,2.5,2.65,NA,Sportsbet,Hawthorn Hawks,103,17131,16501018,607246931,2894334522,NA
Hawthorn Hawks v Brisbane Lions,Hawthorn Hawks,Brisbane Lions,Player Goals,Kai Lohmann,Brisbane Lions,2.5,4.25,NA,Sportsbet,Hawthorn Hawks,103,17131,16501018,607246931,2894334502,NA
Hawthorn Hawks v Brisbane Lions,Hawthorn Hawks,Brisbane Lions,Player Goals,Oscar Allen,Brisbane Lions,2.5,5.25,NA,Sportsbet,Hawthorn Hawks,103,17131,16501018,607246931,2894334509,NA
Hawthorn Hawks v Brisbane Lions,Hawthorn Hawks,Brisbane Lions,Player Goals,Zac Bailey,Brisbane Lions,2.5,5.6,NA,Sportsbet,Hawthorn Hawks,103,17131,16501018,607246931,2894334518,NA
Hawthorn Hawks v Brisbane Lions,Hawthorn Hawks,Brisbane Lions,Player Goals,Eric Hipwood,Brisbane Lions,2.5,6,NA,Sportsbet,Hawthorn Hawks,103,17131,16501018,607246931,2894334499,NA
Hawthorn Hawks v Brisbane Lions,Hawthorn Hawks,Brisbane Lions,Player Goals,Cam Rayner,Brisbane Lions,2.5,9.75,NA,Sportsbet,Hawthorn Hawks,103,17131,16501018,607246931,2894334527,NA
Hawthorn Hawks v Brisbane Lions,Hawthorn Hawks,Brisbane Lions,Player Goals,Conor McKenna,Brisbane Lions,2.5,18,NA,Sportsbet,Hawthorn Hawks,103,17131,16501018,607246931,2894334511,NA
Hawthorn Hawks v Brisbane Lions,Hawthorn Hawks,Brisbane Lions,Player Goals,Sam Draper,Brisbane Lions,2.5,26,NA,Sportsbet,Hawthorn Hawks,103,17131,16501018,607246931,2894334519,NA
Hawthorn Hawks v Brisbane Lions,Hawthorn Hawks,Brisbane Lions,Player Goals,Hugh McCluggage,Brisbane Lions,2.5,34,NA,Sportsbet,Hawthorn Hawks,103,17131,16501018,607246931,2894334510,NA
Hawthorn Hawks v Brisbane Lions,Hawthorn Hawks,Brisbane Lions,Player Goals,Jack Gunston,Hawthorn Hawks,3.5,2.55,NA,Sportsbet,Brisbane Lions,103,17131,16501018,607246912,2894334155,NA
Hawthorn Hawks v Brisbane Lions,Hawthorn Hawks,Brisbane Lions,Player Goals,Nick Watson,Hawthorn Hawks,3.5,2.8,NA,Sportsbet,Brisbane Lions,103,17131,16501018,607246912,2894334135,NA
Hawthorn Hawks v Brisbane Lions,Hawthorn Hawks,Brisbane Lions,Player Goals,Mitch Lewis,Hawthorn Hawks,3.5,12.5,NA,Sportsbet,Brisbane Lions,103,17131,16501018,607246912,2894334145,NA
Hawthorn Hawks v Brisbane Lions,Hawthorn Hawks,Brisbane Lions,Player Goals,Mabior Chol,Hawthorn Hawks,3.5,15,NA,Sportsbet,Brisbane Lions,103,17131,16501018,607246912,2894334140,NA
Hawthorn Hawks v Brisbane Lions,Hawthorn Hawks,Brisbane Lions,Player Goals,Dylan Moore,Hawthorn Hawks,3.5,23,NA,Sportsbet,Brisbane Lions,103,17131,16501018,607246912,2894334143,NA
Hawthorn Hawks v Brisbane Lions,Hawthorn Hawks,Brisbane Lions,Player Goals,Jack Ginnivan,Hawthorn Hawks,3.5,34,NA,Sportsbet,Brisbane Lions,103,17131,16501018,607246912,2894334159,NA
Hawthorn Hawks v Brisbane Lions,Hawthorn Hawks,Brisbane Lions,Player Goals,Charlie Cameron,Brisbane Lions,3.5,5.8,NA,Sportsbet,Hawthorn Hawks,103,17131,16501018,607246912,2894334149,NA
Hawthorn Hawks v Brisbane Lions,Hawthorn Hawks,Brisbane Lions,Player Goals,Logan Morris,Brisbane Lions,3.5,5.4,NA,Sportsbet,Hawthorn Hawks,103,17131,16501018,607246912,2894334158,NA
Hawthorn Hawks v Brisbane Lions,Hawthorn Hawks,Brisbane Lions,Player Goals,Kai Lohmann,Brisbane Lions,3.5,10,NA,Sportsbet,Hawthorn Hawks,103,17131,16501018,607246912,2894334154,NA
Hawthorn Hawks v Brisbane Lions,Hawthorn Hawks,Brisbane Lions,Player Goals,Oscar Allen,Brisbane Lions,3.5,13,NA,Sportsbet,Hawthorn Hawks,103,17131,16501018,607246912,2894334153,NA
Hawthorn Hawks v Brisbane Lions,Hawthorn Hawks,Brisbane Lions,Player Goals,Zac Bailey,Brisbane Lions,3.5,14,NA,Sportsbet,Hawthorn Hawks,103,17131,16501018,607246912,2894334148,NA
Hawthorn Hawks v Brisbane Lions,Hawthorn Hawks,Brisbane Lions,Player Goals,Eric Hipwood,Brisbane Lions,3.5,16,NA,Sportsbet,Hawthorn Hawks,103,17131,16501018,607246912,2894334144,NA
Hawthorn Hawks v Brisbane Lions,Hawthorn Hawks,Brisbane Lions,Player Goals,Cam Rayner,Brisbane Lions,3.5,26,NA,Sportsbet,Hawthorn Hawks,103,17131,16501018,607246912,2894334157,NA
Hawthorn Hawks v Brisbane Lions,Hawthorn Hawks,Brisbane Lions,Player Goals,Jack Gunston,Hawthorn Hawks,4.5,4.75,NA,Sportsbet,Brisbane Lions,103,17131,16501018,607246925,2894334306,NA
Hawthorn Hawks v Brisbane Lions,Hawthorn Hawks,Brisbane Lions,Player Goals,Nick Watson,Hawthorn Hawks,4.5,5.4,NA,Sportsbet,Brisbane Lions,103,17131,16501018,607246925,2894334320,NA
Hawthorn Hawks v Brisbane Lions,Hawthorn Hawks,Brisbane Lions,Player Goals,Mitch Lewis,Hawthorn Hawks,4.5,34,NA,Sportsbet,Brisbane Lions,103,17131,16501018,607246925,2894334300,NA
Hawthorn Hawks v Brisbane Lions,Hawthorn Hawks,Brisbane Lions,Player Goals,Mabior Chol,Hawthorn Hawks,4.5,46,NA,Sportsbet,Brisbane Lions,103,17131,16501018,607246925,2894334327,NA
Hawthorn Hawks v Brisbane Lions,Hawthorn Hawks,Brisbane Lions,Player Goals,Logan Morris,Brisbane Lions,4.5,12,NA,Sportsbet,Hawthorn Hawks,103,17131,16501018,607246925,2894334314,NA
Hawthorn Hawks v Brisbane Lions,Hawthorn Hawks,Brisbane Lions,Player Goals,Charlie Cameron,Brisbane Lions,4.5,13,NA,Sportsbet,Hawthorn Hawks,103,17131,16501018,607246925,2894334304,NA
Hawthorn Hawks v Brisbane Lions,Hawthorn Hawks,Brisbane Lions,Player Goals,Kai Lohmann,Brisbane Lions,4.5,23,NA,Sportsbet,Hawthorn Hawks,103,17131,16501018,607246925,2894334310,NA
Hawthorn Hawks v Brisbane Lions,Hawthorn Hawks,Brisbane Lions,Player Goals,Oscar Allen,Brisbane Lions,4.5,41,NA,Sportsbet,Hawthorn Hawks,103,17131,16501018,607246925,2894334295,NA
Hawthorn Hawks v Brisbane Lions,Hawthorn Hawks,Brisbane Lions,Player Goals,Zac Bailey,Brisbane Lions,4.5,46,NA,Sportsbet,Hawthorn Hawks,103,17131,16501018,607246925,2894334308,NA
Hawthorn Hawks v Brisbane Lions,Hawthorn Hawks,Brisbane Lions,Player Goals,Eric Hipwood,Brisbane Lions,4.5,51,NA,Sportsbet,Hawthorn Hawks,103,17131,16501018,607246925,2894334316,NA
Hawthorn Hawks v Brisbane Lions,Hawthorn Hawks,Brisbane Lions,Player Goals,Jack Gunston,Hawthorn Hawks,5.5,9.5,NA,Sportsbet,Brisbane Lions,103,17131,16501018,607246930,2894334488,NA
Hawthorn Hawks v Brisbane Lions,Hawthorn Hawks,Brisbane Lions,Player Goals,Nick Watson,Hawthorn Hawks,5.5,11,NA,Sportsbet,Brisbane Lions,103,17131,16501018,607246930,2894334495,NA
Hawthorn Hawks v Brisbane Lions,Hawthorn Hawks,Brisbane Lions,Player Goals,Logan Morris,Brisbane Lions,5.5,29,NA,Sportsbet,Hawthorn Hawks,103,17131,16501018,607246930,2894334497,NA
Hawthorn Hawks v Brisbane Lions,Hawthorn Hawks,Brisbane Lions,Player Goals,Charlie Cameron,Brisbane Lions,5.5,34,NA,Sportsbet,Hawthorn Hawks,103,17131,16501018,607246930,2894334465,NA
Hawthorn Hawks v Brisbane Lions,Hawthorn Hawks,Brisbane Lions,Player Goals,Kai Lohmann,Brisbane Lions,5.5,71,NA,Sportsbet,Hawthorn Hawks,103,17131,16501018,607246930,2894334473,NA
Hawthorn Hawks v Brisbane Lions,Hawthorn Hawks,Brisbane Lions,Player Goals,Jack Gunston,Hawthorn Hawks,6.5,18,NA,Sportsbet,Brisbane Lions,103,17131,16501018,607246932,2894334545,NA
Hawthorn Hawks v Brisbane Lions,Hawthorn Hawks,Brisbane Lions,Player Goals,Nick Watson,Hawthorn Hawks,6.5,21,NA,Sportsbet,Brisbane Lions,103,17131,16501018,607246932,2894334536,NA
Hawthorn Hawks v Brisbane Lions,Hawthorn Hawks,Brisbane Lions,Player Goals,Logan Morris,Brisbane Lions,6.5,91,NA,Sportsbet,Hawthorn Hawks,103,17131,16501018,607246932,2894334564,NA
Hawthorn Hawks v Brisbane Lions,Hawthorn Hawks,Brisbane Lions,Player Goals,Charlie Cameron,Brisbane Lions,6.5,101,NA,Sportsbet,Hawthorn Hawks,103,17131,16501018,607246932,2894334563,NA
Hawthorn Hawks v Brisbane Lions,Hawthorn Hawks,Brisbane Lions,Player Goals,Jack Gunston,Hawthorn Hawks,7.5,46,NA,Sportsbet,Brisbane Lions,103,17131,16501018,607246928,2894334405,NA
Hawthorn Hawks v Brisbane Lions,Hawthorn Hawks,Brisbane Lions,Player Goals,Nick Watson,Hawthorn Hawks,7.5,61,NA,Sportsbet,Brisbane Lions,103,17131,16501018,607246928,2894334429,NA
Hawthorn Hawks v Brisbane Lions,Hawthorn Hawks,Brisbane Lions,Player Goals,Jack Gunston,Hawthorn Hawks,8.5,101,NA,Sportsbet,Brisbane Lions,103,17131,16501018,607246943,2894334596,NA
Hawthorn Hawks v Brisbane Lions,Hawthorn Hawks,Brisbane Lions,Player Goals,Nick Watson,Hawthorn Hawks,8.5,126,NA,Sportsbet,Brisbane Lions,103,17131,16501018,607246943,2894334592,NA
