player_full_name,position,position_source
Aaron Cadman,KEY_FORWARD,fitzroy_player_details
Aaron Naughton,KEY_FORWARD,fitzroy_player_details
Adam Cerra,MIDFIELDER,fitzroy_player_details
Adam Saad,MEDIUM_DEFENDER,fitzroy_player_details
Adam Sweid,MIDFIELDER_FORWARD,fitzroy_player_details
Adam Treloar,MEDIUM_FORWARD,fitzroy_player_details
Aidan Corr,KEY_DEFENDER,fitzroy_player_details
Aidan Johnson,RUCK,fitzroy_player_details
Aidan Schubert,KEY_FORWARD,fitzroy_player_details
Aiden Riddle,RUCK,fitzroy_player_details
Alex Davies,MIDFIELDER,fitzroy_player_details
Alex Dodson,RUCK,fitzroy_player_details
Alex Neal-Bullen,MEDIUM_FORWARD,fitzroy_player_details
Alex Pearce,KEY_DEFENDER,fitzroy_player_details
Alex Van Wyk,RUCK,fitzroy_player_details
Aliir Aliir,KEY_DEFENDER,fitzroy_player_details
Alix Tauru,MEDIUM_DEFENDER,fitzroy_player_details
Andrew Brayshaw,MIDFIELDER,fitzroy_player_details
Andrew McGrath,MEDIUM_DEFENDER,fitzroy_player_details
Andy Moniz-Wakefield,MEDIUM_FORWARD,fitzroy_player_details
Angus Anderson,MIDFIELDER_FORWARD,fitzroy_player_details
Angus Clarke,MIDFIELDER,fitzroy_player_details
Angus Hastie,MEDIUM_DEFENDER,fitzroy_player_details
Angus Sheldrick,MIDFIELDER,fitzroy_player_details
Anthony Caminiti,KEY_DEFENDER,fitzroy_player_details
Archer Day-Wicks,MEDIUM_FORWARD,fitzroy_player_details
Archer May,KEY_FORWARD,fitzroy_player_details
Archer Reid,KEY_FORWARD,fitzroy_player_details
Archie Ludowyke,KEY_FORWARD,fitzroy_player_details
Archie Perkins,MEDIUM_FORWARD,fitzroy_player_details
Archie Roberts,MEDIUM_DEFENDER,fitzroy_player_details
Arthur Jones,MEDIUM_FORWARD,fitzroy_player_details
Asher Eastham,MEDIUM_FORWARD,fitzroy_player_details
Ashton Moir,MEDIUM_FORWARD,fitzroy_player_details
Avery Thomas,MEDIUM_DEFENDER,fitzroy_player_details
Bailey Banfield,MEDIUM_DEFENDER,fitzroy_player_details
Bailey Dale,MEDIUM_DEFENDER,fitzroy_player_details
Bailey Humphrey,MEDIUM_FORWARD,fitzroy_player_details
Bailey J. Williams,RUCK,fitzroy_player_details
Bailey Laurie,MEDIUM_FORWARD,fitzroy_player_details
Bailey Macdonald,MEDIUM_DEFENDER,fitzroy_player_details
Bailey Scott,MIDFIELDER,fitzroy_player_details
Bailey Smith,MIDFIELDER,fitzroy_player_details
Bailey Williams,MIDFIELDER,fitzroy_player_details
Balyn O'Brien,KEY_DEFENDER,fitzroy_player_details
Bayley Fritsch,MEDIUM_FORWARD,fitzroy_player_details
Beau Addinsall,MIDFIELDER,fitzroy_player_details
Beau McCreery,MEDIUM_FORWARD,fitzroy_player_details
Ben Ainsworth,MEDIUM_FORWARD,fitzroy_player_details
Ben Camporeale,MIDFIELDER,fitzroy_player_details
Ben Jepson,MIDFIELDER,fitzroy_player_details
Ben Keays,MEDIUM_FORWARD,fitzroy_player_details
Ben King,KEY_FORWARD,fitzroy_player_details
Ben Long,MEDIUM_FORWARD,fitzroy_player_details
Ben McKay,KEY_DEFENDER,fitzroy_player_details
Ben Miller,KEY_DEFENDER,fitzroy_player_details
Ben Murphy,MEDIUM_DEFENDER,fitzroy_player_details
Benny Barrett,MEDIUM_FORWARD,fitzroy_player_details
Billy Cootee,MEDIUM_FORWARD,fitzroy_player_details
Billy Dowling,MIDFIELDER_FORWARD,fitzroy_player_details
Billy Frampton,KEY_DEFENDER,fitzroy_player_details
Billy Wilson,MEDIUM_DEFENDER,fitzroy_player_details
Blake Acres,MIDFIELDER,fitzroy_player_details
Blake Hardwick,MEDIUM_DEFENDER,fitzroy_player_details
Blake Howes,MEDIUM_DEFENDER,fitzroy_player_details
Blake Thredgold,KEY_DEFENDER,fitzroy_player_details
Bo Allan,MIDFIELDER,fitzroy_player_details
Bobby Hill,MEDIUM_FORWARD,fitzroy_player_details
Bodhi Uwland,MEDIUM_DEFENDER,fitzroy_player_details
Bodie Ryan,MEDIUM_DEFENDER,fitzroy_player_details
Brad Close,MEDIUM_FORWARD,fitzroy_player_details
Bradley Hill,MEDIUM_DEFENDER,fitzroy_player_details
Brady Hough,MEDIUM_DEFENDER,fitzroy_player_details
Braeden Campbell,MEDIUM_FORWARD,fitzroy_player_details
Brandon Starcevich,MEDIUM_DEFENDER,fitzroy_player_details
Brandon Walker,MEDIUM_DEFENDER,fitzroy_player_details
Brandon Zerk-Thatcher,KEY_DEFENDER,fitzroy_player_details
Brayden Cook,MIDFIELDER,fitzroy_player_details
Brayden Fiorini,MIDFIELDER,fitzroy_player_details
Brayden George,MEDIUM_FORWARD,fitzroy_player_details
Brayden Maynard,KEY_DEFENDER,fitzroy_player_details
Brennan Cox,KEY_DEFENDER,fitzroy_player_details
Brent Daniels,MIDFIELDER_FORWARD,fitzroy_player_details
Brodie Grundy,RUCK,fitzroy_player_details
Brodie Kemp,KEY_FORWARD,fitzroy_player_details
Brody Mihocek,KEY_FORWARD,fitzroy_player_details
Bruce Reville,MIDFIELDER,fitzroy_player_details
Buku Khamis,KEY_DEFENDER,fitzroy_player_details
Caiden Cleary,MEDIUM_FORWARD,fitzroy_player_details
Caleb Daniel,MEDIUM_DEFENDER,fitzroy_player_details
Caleb Graham,KEY_DEFENDER,fitzroy_player_details
Caleb Lewis,KEY_FORWARD,fitzroy_player_details
Caleb May,RUCK,fitzroy_player_details
Caleb Serong,MIDFIELDER,fitzroy_player_details
Caleb Windsor,MIDFIELDER,fitzroy_player_details
Callum Ah Chee,MEDIUM_FORWARD,fitzroy_player_details
Callum Brown,MEDIUM_FORWARD,fitzroy_player_details
Callum Coleman-Jones,RUCK,fitzroy_player_details
Callum Mills,MEDIUM_DEFENDER,fitzroy_player_details
Callum Wilkie,KEY_DEFENDER,fitzroy_player_details
Calsher Dear,KEY_FORWARD,fitzroy_player_details
Cam Mackenzie,MIDFIELDER,fitzroy_player_details
Cam Rayner,MEDIUM_FORWARD,fitzroy_player_details
Cameron Nairn,MIDFIELDER_FORWARD,fitzroy_player_details
Cameron Zurhaar,MEDIUM_DEFENDER,fitzroy_player_details
Campbell Chesser,MIDFIELDER,fitzroy_player_details
Campbell Gray,KEY_DEFENDER,fitzroy_player_details
Campbell Lake,MEDIUM_FORWARD,fitzroy_player_details
Chad Warner,MIDFIELDER,fitzroy_player_details
Changkuoth Jiath,MEDIUM_DEFENDER,fitzroy_player_details
Charlie Ballard,KEY_DEFENDER,fitzroy_player_details
Charlie Banfield,MIDFIELDER,fitzroy_player_details
Charlie Cameron,MEDIUM_FORWARD,fitzroy_player_details
Charlie Comben,KEY_DEFENDER,fitzroy_player_details
Charlie Curnow,KEY_FORWARD,fitzroy_player_details
Charlie Edwards,MIDFIELDER,fitzroy_player_details
Charlie Nicholls,KEY_FORWARD,fitzroy_player_details
Charlie Spargo,MEDIUM_FORWARD,fitzroy_player_details
Charlie West,KEY_FORWARD,fitzroy_player_details
Chayce Jones,MEDIUM_DEFENDER,fitzroy_player_details
Christian Moraes,MEDIUM_FORWARD,fitzroy_player_details
Christian Petracca,MIDFIELDER_FORWARD,fitzroy_player_details
Christian Salem,MEDIUM_DEFENDER,fitzroy_player_details
Christopher Scerri,MEDIUM_FORWARD,fitzroy_player_details
Cillian Bourke,MEDIUM_DEFENDER,fitzroy_player_details
Cillian Burke,MEDIUM_DEFENDER,fitzroy_player_details
Clay Hall,MIDFIELDER,fitzroy_player_details
Clayton Oliver,MIDFIELDER,fitzroy_player_details
Cody Anderson,MEDIUM_FORWARD,fitzroy_player_details
Cody Angove,MIDFIELDER,fitzroy_player_details
Cody Curtin,KEY_FORWARD,fitzroy_player_details
Cody Weightman,MEDIUM_FORWARD,fitzroy_player_details
Colby McKercher,MEDIUM_FORWARD,fitzroy_player_details
Connor Budarick,MEDIUM_DEFENDER,fitzroy_player_details
Connor Idun,MEDIUM_DEFENDER,fitzroy_player_details
Connor Macdonald,MEDIUM_FORWARD,fitzroy_player_details
Connor O'Sullivan,KEY_DEFENDER,fitzroy_player_details
Connor Rozee,MIDFIELDER,fitzroy_player_details
Conor McKenna,MEDIUM_FORWARD,fitzroy_player_details
Conor Nash,MIDFIELDER,fitzroy_player_details
Conor Stone,MIDFIELDER,fitzroy_player_details
Cooper Bell,KEY_FORWARD,fitzroy_player_details
Cooper Duff-Tytler,KEY_FORWARD,fitzroy_player_details
Cooper Harvey,MEDIUM_DEFENDER,fitzroy_player_details
Cooper Hynes,MIDFIELDER_FORWARD,fitzroy_player_details
Cooper Lord,MIDFIELDER,fitzroy_player_details
Cooper Sharman,KEY_FORWARD,fitzroy_player_details
Cooper Simpson,MEDIUM_DEFENDER,fitzroy_player_details
Cooper Trembath,KEY_FORWARD,fitzroy_player_details
Corey Durdin,MEDIUM_FORWARD,fitzroy_player_details
Corey Wagner,MIDFIELDER,fitzroy_player_details
Corey Warner,MEDIUM_FORWARD,fitzroy_player_details
Dan Butler,MEDIUM_FORWARD,fitzroy_player_details
Dan Houston,MEDIUM_DEFENDER,fitzroy_player_details
Dane Rampe,KEY_DEFENDER,fitzroy_player_details
Daniel Annable,MIDFIELDER,fitzroy_player_details
Daniel Curtin,MIDFIELDER,fitzroy_player_details
Daniel McStay,KEY_FORWARD,fitzroy_player_details
Daniel Rioli,MEDIUM_DEFENDER,fitzroy_player_details
Daniel Turner,KEY_DEFENDER,fitzroy_player_details
Dante Visentini,RUCK,fitzroy_player_details
Darcy Byrne-Jones,MEDIUM_DEFENDER,fitzroy_player_details
Darcy Cameron,RUCK,fitzroy_player_details
Darcy Fogarty,KEY_FORWARD,fitzroy_player_details
Darcy Fort,RUCK,fitzroy_player_details
Darcy Gardiner,KEY_DEFENDER,fitzroy_player_details
Darcy Jones,MEDIUM_FORWARD,fitzroy_player_details
Darcy Moore,KEY_DEFENDER,fitzroy_player_details
Darcy Parish,MIDFIELDER,fitzroy_player_details
Darcy Wilmot,MEDIUM_DEFENDER,fitzroy_player_details
Darcy Wilson,MIDFIELDER_FORWARD,fitzroy_player_details
Darragh Joyce,KEY_DEFENDER,fitzroy_player_details
Dayne Zorko,MEDIUM_DEFENDER,fitzroy_player_details
Deven Robertson,MIDFIELDER,fitzroy_player_details
Dion Prestia,MIDFIELDER,fitzroy_player_details
Dougal Howard,KEY_DEFENDER,fitzroy_player_details
Dylan Moore,MEDIUM_FORWARD,fitzroy_player_details
Dylan Patterson,MEDIUM_FORWARD,fitzroy_player_details
Dylan Stephens,MIDFIELDER,fitzroy_player_details
Dyson Sharp,MIDFIELDER_FORWARD,fitzroy_player_details
Eamonn Armstrong,MEDIUM_DEFENDER,fitzroy_player_details
Ed Langdon,MIDFIELDER,fitzroy_player_details
Ed Richards,MIDFIELDER,fitzroy_player_details
Edward Allan,MIDFIELDER,fitzroy_player_details
Elijah Hewett,MIDFIELDER_FORWARD,fitzroy_player_details
Elijah Hollands,MIDFIELDER_FORWARD,fitzroy_player_details
Elijah Tsatas,MIDFIELDER,fitzroy_player_details
Elliot Yeo,MIDFIELDER_FORWARD,fitzroy_player_details
Elliott Himmelberg,KEY_FORWARD,fitzroy_player_details
Eric Hipwood,KEY_FORWARD,fitzroy_player_details
Errol Gulden,MIDFIELDER_FORWARD,fitzroy_player_details
Esava Ratugolea,KEY_DEFENDER,fitzroy_player_details
Ethan Read,KEY_FORWARD,fitzroy_player_details
Ewan Mackinlay,MIDFIELDER,fitzroy_player_details
Finlay Macrae,MIDFIELDER,fitzroy_player_details
Finn Callaghan,MIDFIELDER,fitzroy_player_details
Finn Maginness,MIDFIELDER_FORWARD,fitzroy_player_details
Finn O'Sullivan,MIDFIELDER,fitzroy_player_details
Finnbar Maley,KEY_FORWARD,fitzroy_player_details
Finnegan Davis,MEDIUM_DEFENDER,fitzroy_player_details
Flynn Perez,MEDIUM_DEFENDER,fitzroy_player_details
Flynn Riley,RUCK,fitzroy_player_details
Flynn Young,MEDIUM_FORWARD,fitzroy_player_details
Francis Evans,MEDIUM_FORWARD,fitzroy_player_details
Fred Rodriguez,MIDFIELDER,fitzroy_player_details
George Hewett,MIDFIELDER,fitzroy_player_details
George Stevens,MIDFIELDER,fitzroy_player_details
George Wardlaw,MIDFIELDER,fitzroy_player_details
Griffin Logue,KEY_DEFENDER,fitzroy_player_details
Gryan Miers,MEDIUM_FORWARD,fitzroy_player_details
Hamish Davis,MIDFIELDER,fitzroy_player_details
Harley Barker,MIDFIELDER,fitzroy_player_details
Harley Reid,MIDFIELDER,fitzroy_player_details
Harris Andrews,KEY_DEFENDER,fitzroy_player_details
Harrison Coe,RUCK,fitzroy_player_details
Harrison Jones,MEDIUM_DEFENDER,fitzroy_player_details
Harrison Oliver,MEDIUM_DEFENDER,fitzroy_player_details
Harrison Petty,KEY_DEFENDER,fitzroy_player_details
Harrison Ramm,KEY_DEFENDER,fitzroy_player_details
Harry Armstrong,KEY_FORWARD,fitzroy_player_details
Harry Barnett,RUCK,fitzroy_player_details
Harry Charleson,MEDIUM_DEFENDER,fitzroy_player_details
Harry Cunningham,MEDIUM_DEFENDER,fitzroy_player_details
Harry DeMattia,MIDFIELDER,fitzroy_player_details
Harry Dean,KEY_DEFENDER,fitzroy_player_details
Harry Edwards,KEY_DEFENDER,fitzroy_player_details
Harry Himmelberg,MEDIUM_DEFENDER,fitzroy_player_details
Harry Kyle,MEDIUM_DEFENDER,fitzroy_player_details
Harry McKay,KEY_FORWARD,fitzroy_player_details
Harry Morrison,MIDFIELDER,fitzroy_player_details
Harry O'Farrell,KEY_DEFENDER,fitzroy_player_details
Harry Perryman,MEDIUM_DEFENDER,fitzroy_player_details
Harry Rowston,MIDFIELDER_FORWARD,fitzroy_player_details
Harry Schoenberg,MEDIUM_FORWARD,fitzroy_player_details
Harry Sharp,MEDIUM_FORWARD,fitzroy_player_details
Harry Sheezel,MIDFIELDER,fitzroy_player_details
Harvey Gallagher,MIDFIELDER,fitzroy_player_details
Harvey Harrison,MEDIUM_FORWARD,fitzroy_player_details
Harvey Johnston,MEDIUM_FORWARD,fitzroy_player_details
Harvey Langford,MIDFIELDER,fitzroy_player_details
Harvey Thomas,MIDFIELDER,fitzroy_player_details
Hayden McLean,KEY_FORWARD,fitzroy_player_details
Hayden Young,MIDFIELDER,fitzroy_player_details
Heath Chapman,MEDIUM_DEFENDER,fitzroy_player_details
Henry Hustwaite,MIDFIELDER,fitzroy_player_details
Henry Smith,RUCK,fitzroy_player_details
Hudson O'Keeffe,RUCK,fitzroy_player_details
Hugh Bond,MEDIUM_DEFENDER,fitzroy_player_details
Hugh Boxshall,MIDFIELDER,fitzroy_player_details
Hugh Davies,KEY_DEFENDER,fitzroy_player_details
Hugh McCluggage,MIDFIELDER,fitzroy_player_details
Hugo Garcia,MIDFIELDER,fitzroy_player_details
Hugo Hall-Kahan,MEDIUM_DEFENDER,fitzroy_player_details
Hugo Mikunda,MEDIUM_DEFENDER,fitzroy_player_details
Hugo Ralphsmith,MIDFIELDER,fitzroy_player_details
Hunter Clark,MEDIUM_DEFENDER,fitzroy_player_details
Hunter Holmes,MIDFIELDER,fitzroy_player_details
Hussien El Achkar,MEDIUM_FORWARD,fitzroy_player_details
Iliro Smit,RUCK,fitzroy_player_details
Indy Cotton,KEY_DEFENDER,fitzroy_player_details
Isaac Cumming,MIDFIELDER,fitzroy_player_details
Isaac Heeney,MIDFIELDER,fitzroy_player_details
Isaac Kako,MEDIUM_FORWARD,fitzroy_player_details
Isaac Keeler,KEY_FORWARD,fitzroy_player_details
Isaac Quaynor,MEDIUM_DEFENDER,fitzroy_player_details
Isaiah Dudley,MEDIUM_FORWARD,fitzroy_player_details
Ivan Soldo,RUCK,fitzroy_player_details
Izak Rankine,MIDFIELDER_FORWARD,fitzroy_player_details
Jack Bowes,MIDFIELDER,fitzroy_player_details
Jack Buckley,KEY_DEFENDER,fitzroy_player_details
Jack Buller,KEY_FORWARD,fitzroy_player_details
Jack Carroll,MEDIUM_DEFENDER,fitzroy_player_details
Jack Crisp,MIDFIELDER,fitzroy_player_details
Jack Dalton,MEDIUM_FORWARD,fitzroy_player_details
Jack Darling,KEY_FORWARD,fitzroy_player_details
Jack Ginnivan,MEDIUM_FORWARD,fitzroy_player_details
Jack Graham,MIDFIELDER_FORWARD,fitzroy_player_details
Jack Gunston,KEY_FORWARD,fitzroy_player_details
Jack Henderson,MIDFIELDER,fitzroy_player_details
Jack Henry,KEY_DEFENDER,fitzroy_player_details
Jack Higgins,MEDIUM_FORWARD,fitzroy_player_details
Jack Hutchinson,MEDIUM_FORWARD,fitzroy_player_details
Jack Ison,MEDIUM_FORWARD,fitzroy_player_details
Jack Lukosius,MIDFIELDER_FORWARD,fitzroy_player_details
Jack Macrae,MIDFIELDER,fitzroy_player_details
Jack Martin,MEDIUM_FORWARD,fitzroy_player_details
Jack Ough,MIDFIELDER,fitzroy_player_details
Jack Payne,KEY_DEFENDER,fitzroy_player_details
Jack Ross,MIDFIELDER,fitzroy_player_details
Jack Scrimshaw,KEY_DEFENDER,fitzroy_player_details
Jack Silvagni,KEY_DEFENDER,fitzroy_player_details
Jack Sinclair,MEDIUM_DEFENDER,fitzroy_player_details
Jack Steele,MIDFIELDER,fitzroy_player_details
Jack Viney,MIDFIELDER,fitzroy_player_details
Jack Watkins,MIDFIELDER_FORWARD,fitzroy_player_details
Jack Whitlock,KEY_FORWARD,fitzroy_player_details
Jack Williams,KEY_FORWARD,fitzroy_player_details
Jackson Archer,MEDIUM_DEFENDER,fitzroy_player_details
Jackson Mead,MIDFIELDER_FORWARD,fitzroy_player_details
Jacob Farrow,MEDIUM_DEFENDER,fitzroy_player_details
Jacob Hopper,MIDFIELDER,fitzroy_player_details
Jacob Konstanty,MEDIUM_FORWARD,fitzroy_player_details
Jacob Molier,KEY_FORWARD,fitzroy_player_details
Jacob Moss,KEY_FORWARD,fitzroy_player_details
Jacob Newton,MEDIUM_FORWARD,fitzroy_player_details
Jacob Wehr,MIDFIELDER,fitzroy_player_details
Jacob Weitering,KEY_DEFENDER,fitzroy_player_details
Jacob van Rooyen,KEY_FORWARD,fitzroy_player_details
Jade Gresham,MEDIUM_FORWARD,fitzroy_player_details
Jaeger O'Meara,MIDFIELDER,fitzroy_player_details
Jagga Smith,MIDFIELDER,fitzroy_player_details
Jai Culley,MIDFIELDER,fitzroy_player_details
Jai Murray,MIDFIELDER,fitzroy_player_details
Jai Newcombe,MIDFIELDER,fitzroy_player_details
Jai Saxena,MEDIUM_FORWARD,fitzroy_player_details
Jai Serong,MIDFIELDER,fitzroy_player_details
Jaime Uhr-Henry,RUCK,fitzroy_player_details
Jake Bowey,MEDIUM_DEFENDER,fitzroy_player_details
Jake Kolodjashnij,KEY_DEFENDER,fitzroy_player_details
Jake Lever,KEY_DEFENDER,fitzroy_player_details
Jake Lloyd,MIDFIELDER_FORWARD,fitzroy_player_details
Jake Melksham,MEDIUM_FORWARD,fitzroy_player_details
Jake Miles-Wrency,KEY_DEFENDER,fitzroy_player_details
Jake Riccardi,KEY_FORWARD,fitzroy_player_details
Jake Rogers,MEDIUM_FORWARD,fitzroy_player_details
Jake Soligo,MIDFIELDER_FORWARD,fitzroy_player_details
Jake Stringer,KEY_FORWARD,fitzroy_player_details
Jake Waterman,KEY_FORWARD,fitzroy_player_details
Jakob Ryan,MEDIUM_DEFENDER,fitzroy_player_details
Jamarra Ugle-Hagan,KEY_FORWARD,fitzroy_player_details
James Barrat,KEY_DEFENDER,fitzroy_player_details
James Blanck,KEY_DEFENDER,fitzroy_player_details
James Borlase,KEY_DEFENDER,fitzroy_player_details
James Harmes,MIDFIELDER,fitzroy_player_details
James Jordon,MIDFIELDER,fitzroy_player_details
James Leake,MEDIUM_DEFENDER,fitzroy_player_details
James O'Donnell,KEY_DEFENDER,fitzroy_player_details
James Peatling,MIDFIELDER,fitzroy_player_details
James Rowbottom,MIDFIELDER_FORWARD,fitzroy_player_details
James Sicily,KEY_DEFENDER,fitzroy_player_details
James Trezise,MEDIUM_DEFENDER,fitzroy_player_details
James Tunstill,MIDFIELDER,fitzroy_player_details
James Worpel,MIDFIELDER,fitzroy_player_details
Jamie Cripps,MEDIUM_FORWARD,fitzroy_player_details
Jamie Elliott,MEDIUM_FORWARD,fitzroy_player_details
Jaren Carr,MIDFIELDER,fitzroy_player_details
Jarman Impey,MEDIUM_DEFENDER,fitzroy_player_details
Jarrod Berry,MIDFIELDER,fitzroy_player_details
Jarrod Witts,RUCK,fitzroy_player_details
Jase Burgoyne,MIDFIELDER,fitzroy_player_details
Jason Horne-Francis,MIDFIELDER,fitzroy_player_details
Jaspa Fletcher,MEDIUM_DEFENDER,fitzroy_player_details
Jasper Alger,MEDIUM_FORWARD,fitzroy_player_details
Jaxon Artemis,MEDIUM_DEFENDER,fitzroy_player_details
Jaxon Prior,MEDIUM_DEFENDER,fitzroy_player_details
Jay Polkinghorne,KEY_FORWARD,fitzroy_player_details
Jayden Laverde,KEY_DEFENDER,fitzroy_player_details
Jayden Nguyen,MEDIUM_FORWARD,fitzroy_player_details
Jayden Short,MEDIUM_DEFENDER,fitzroy_player_details
Jed Adams,KEY_DEFENDER,fitzroy_player_details
Jed Bews,MEDIUM_DEFENDER,fitzroy_player_details
Jed Walter,KEY_FORWARD,fitzroy_player_details
Jedd Busslinger,KEY_DEFENDER,fitzroy_player_details
Jeremy Cameron,KEY_FORWARD,fitzroy_player_details
Jeremy Howe,KEY_DEFENDER,fitzroy_player_details
Jeremy Sharp,MIDFIELDER_FORWARD,fitzroy_player_details
Jesse Dattoli,MIDFIELDER_FORWARD,fitzroy_player_details
Jesse Hogan,KEY_FORWARD,fitzroy_player_details
Jesse Mellor,MEDIUM_FORWARD,fitzroy_player_details
Jesse Motlop,MEDIUM_FORWARD,fitzroy_player_details
Jevan Phillipou,MEDIUM_FORWARD,fitzroy_player_details
Jhye Clark,MEDIUM_DEFENDER,fitzroy_player_details
Jobe Shanahan,KEY_FORWARD,fitzroy_player_details
Joe Berry,MEDIUM_FORWARD,fitzroy_player_details
Joe Fonti,MEDIUM_DEFENDER,fitzroy_player_details
Joe Pike,RUCK,fitzroy_player_details
Joe Richards,MEDIUM_FORWARD,fitzroy_player_details
Joel Amartey,KEY_FORWARD,fitzroy_player_details
Joel Cochran,KEY_DEFENDER,fitzroy_player_details
Joel Fitzgerald,MIDFIELDER,fitzroy_player_details
Joel Freijah,MIDFIELDER_FORWARD,fitzroy_player_details
Joel Hamling,KEY_DEFENDER,fitzroy_player_details
Joel Jeffrey,MEDIUM_DEFENDER,fitzroy_player_details
John Noble,MEDIUM_DEFENDER,fitzroy_player_details
Jonty Faull,KEY_FORWARD,fitzroy_player_details
Jordan Boyd,MEDIUM_DEFENDER,fitzroy_player_details
Jordan Clark,MEDIUM_DEFENDER,fitzroy_player_details
Jordan Croft,KEY_FORWARD,fitzroy_player_details
Jordan Dawson,MIDFIELDER,fitzroy_player_details
Jordan De Goey,MIDFIELDER_FORWARD,fitzroy_player_details
Jordan Ridley,MEDIUM_DEFENDER,fitzroy_player_details
Jordon Butts,KEY_DEFENDER,fitzroy_player_details
Jordon Sweet,RUCK,fitzroy_player_details
Josaia Delana,MEDIUM_FORWARD,fitzroy_player_details
Josh Battle,KEY_DEFENDER,fitzroy_player_details
Josh Daicos,MEDIUM_DEFENDER,fitzroy_player_details
Josh Dolan,MEDIUM_FORWARD,fitzroy_player_details
Josh Dunkley,MIDFIELDER,fitzroy_player_details
Josh Gibcus,KEY_DEFENDER,fitzroy_player_details
Josh Goater,MEDIUM_DEFENDER,fitzroy_player_details
Josh Kelly,MIDFIELDER,fitzroy_player_details
Josh Lai,MEDIUM_DEFENDER,fitzroy_player_details
Josh Lindsay,MEDIUM_DEFENDER,fitzroy_player_details
Josh Rachele,MEDIUM_FORWARD,fitzroy_player_details
Josh Sinn,MEDIUM_DEFENDER,fitzroy_player_details
Josh Smillie,MIDFIELDER,fitzroy_player_details
Josh Treacy,KEY_FORWARD,fitzroy_player_details
Josh Ward,MIDFIELDER,fitzroy_player_details
Josh Weddle,MEDIUM_DEFENDER,fitzroy_player_details
Josh Worrell,MEDIUM_DEFENDER,fitzroy_player_details
Joshua Draper,KEY_DEFENDER,fitzroy_player_details
Judd McVee,MEDIUM_DEFENDER,fitzroy_player_details
Judson Clarke,MEDIUM_DEFENDER,fitzroy_player_details
Justin McInerney,MIDFIELDER,fitzroy_player_details
Jy Farrar,MEDIUM_FORWARD,fitzroy_player_details
Jy Simpkin,MIDFIELDER,fitzroy_player_details
Jye Amiss,KEY_FORWARD,fitzroy_player_details
Jye Caldwell,MIDFIELDER,fitzroy_player_details
Kade Chandler,MEDIUM_FORWARD,fitzroy_player_details
Kai Lohmann,MEDIUM_FORWARD,fitzroy_player_details
Kalani White,RUCK,fitzroy_player_details
Kaleb Smith,MEDIUM_DEFENDER,fitzroy_player_details
Kane Farrell,MEDIUM_DEFENDER,fitzroy_player_details
Kane McAuliffe,MIDFIELDER,fitzroy_player_details
Karl Amon,MEDIUM_DEFENDER,fitzroy_player_details
Karl Worner,MEDIUM_DEFENDER,fitzroy_player_details
Kayle Gerreyn,KEY_DEFENDER,fitzroy_player_details
Keidean Coleman,MEDIUM_DEFENDER,fitzroy_player_details
Keighton Matofai-Forbes,MEDIUM_DEFENDER,fitzroy_player_details
Kieren Briggs,RUCK,fitzroy_player_details
Kobe McDonald,MEDIUM_DEFENDER,fitzroy_player_details
Koby Coulson,MIDFIELDER,fitzroy_player_details
Koby Evans,MEDIUM_FORWARD,fitzroy_player_details
Koltyn Tholstrup,MEDIUM_DEFENDER,fitzroy_player_details
Kye Annand,KEY_DEFENDER,fitzroy_player_details
Kye Fincher,MIDFIELDER,fitzroy_player_details
Kyle Langford,MEDIUM_FORWARD,fitzroy_player_details
Kysaiah Pickett,MIDFIELDER,fitzroy_player_details
Lachie Ash,MEDIUM_DEFENDER,fitzroy_player_details
Lachie Fogarty,MEDIUM_FORWARD,fitzroy_player_details
Lachie Jaques,MEDIUM_DEFENDER,fitzroy_player_details
Lachie Jones,KEY_DEFENDER,fitzroy_player_details
Lachie Neale,MIDFIELDER,fitzroy_player_details
Lachie Schultz,MEDIUM_FORWARD,fitzroy_player_details
Lachie Weller,MIDFIELDER,fitzroy_player_details
Lachie Whitfield,MEDIUM_DEFENDER,fitzroy_player_details
Lachlan Blakiston,KEY_DEFENDER,fitzroy_player_details
Lachlan Bramble,MEDIUM_DEFENDER,fitzroy_player_details
Lachlan Carmichael,MEDIUM_DEFENDER,fitzroy_player_details
Lachlan Cowan,MEDIUM_DEFENDER,fitzroy_player_details
Lachlan Gulbin,MEDIUM_FORWARD,fitzroy_player_details
Lachlan McAndrew,RUCK,fitzroy_player_details
Lachlan McNeil,MIDFIELDER_FORWARD,fitzroy_player_details
Lachlan Sholl,MIDFIELDER,fitzroy_player_details
Lachlan Smith,RUCK,fitzroy_player_details
Lachlan Sullivan,MEDIUM_FORWARD,fitzroy_player_details
Lachy Brewer,KEY_DEFENDER,fitzroy_player_details
Lachy Dovaston,MEDIUM_FORWARD,fitzroy_player_details
Laitham Vandermeer,MEDIUM_FORWARD,fitzroy_player_details
Lance Collard,MEDIUM_DEFENDER,fitzroy_player_details
Latrelle Pickett,MEDIUM_FORWARD,fitzroy_player_details
Lawson Humphries,MEDIUM_DEFENDER,fitzroy_player_details
Leek Aleer,RUCK,fitzroy_player_details
Lennox Hofmann,MEDIUM_DEFENDER,fitzroy_player_details
Leon Kickett,MEDIUM_FORWARD,fitzroy_player_details
Leonardo Lombard,MEDIUM_FORWARD,fitzroy_player_details
Levi Ashcroft,MIDFIELDER,fitzroy_player_details
Lewis Hayes,MEDIUM_DEFENDER,fitzroy_player_details
Lewis Melican,KEY_DEFENDER,fitzroy_player_details
Lewis Young,KEY_DEFENDER,fitzroy_player_details
Liam Baker,MEDIUM_DEFENDER,fitzroy_player_details
Liam Duggan,MEDIUM_DEFENDER,fitzroy_player_details
Liam Fawcett,KEY_FORWARD,fitzroy_player_details
Liam Henry,MEDIUM_FORWARD,fitzroy_player_details
Liam Hetherton,KEY_FORWARD,fitzroy_player_details
Liam McMahon,KEY_FORWARD,fitzroy_player_details
Liam O'Connell,MEDIUM_DEFENDER,fitzroy_player_details
Liam Puncher,KEY_DEFENDER,fitzroy_player_details
Liam Reidy,RUCK,fitzroy_player_details
Liam Ryan,MEDIUM_FORWARD,fitzroy_player_details
Liam Stocker,MEDIUM_DEFENDER,fitzroy_player_details
Lincoln McCarthy,MEDIUM_FORWARD,fitzroy_player_details
Lloyd Meek,RUCK,fitzroy_player_details
Logan Evans,MEDIUM_DEFENDER,fitzroy_player_details
Logan McDonald,KEY_FORWARD,fitzroy_player_details
Logan Morris,KEY_FORWARD,fitzroy_player_details
Logan Smith,RUCK,fitzroy_player_details
Louis Emmett,RUCK,fitzroy_player_details
Lucas Camporeale,MIDFIELDER,fitzroy_player_details
Lucca Grego,MEDIUM_DEFENDER,fitzroy_player_details
Lukas Cooke,KEY_DEFENDER,fitzroy_player_details
Luke Beecken,MEDIUM_DEFENDER,fitzroy_player_details
Luke Cleary,MEDIUM_DEFENDER,fitzroy_player_details
Luke Davies-Uniacke,MIDFIELDER,fitzroy_player_details
Luke Jackson,RUCK,fitzroy_player_details
Luke Kennedy,MEDIUM_FORWARD,fitzroy_player_details
Luke Lloyd,KEY_DEFENDER,fitzroy_player_details
Luke McDonald,MEDIUM_DEFENDER,fitzroy_player_details
Luke Nankervis,MEDIUM_DEFENDER,fitzroy_player_details
Luke Parker,MEDIUM_DEFENDER,fitzroy_player_details
Luke Pedlar,MEDIUM_FORWARD,fitzroy_player_details
Luke Ryan,MEDIUM_DEFENDER,fitzroy_player_details
Luke Trainor,MEDIUM_DEFENDER,fitzroy_player_details
Luke Urquhart,MIDFIELDER,fitzroy_player_details
Luker Kentfield,KEY_FORWARD,fitzroy_player_details
Mabior Chol,KEY_FORWARD,fitzroy_player_details
Mac Andrew,KEY_DEFENDER,fitzroy_player_details
Malakai Champion,MEDIUM_FORWARD,fitzroy_player_details
Malcolm Rosas,MEDIUM_FORWARD,fitzroy_player_details
Mani Liddy,MIDFIELDER,fitzroy_player_details
Marc Pittonet,RUCK,fitzroy_player_details
Marcus Bontempelli,MIDFIELDER,fitzroy_player_details
Marcus Herbert,MEDIUM_DEFENDER,fitzroy_player_details
Marcus Windhager,MIDFIELDER,fitzroy_player_details
Mark Blicavs,MIDFIELDER,fitzroy_player_details
Mark Keane,KEY_DEFENDER,fitzroy_player_details
Mark O'Connor,MEDIUM_DEFENDER,fitzroy_player_details
Mason Cox,RUCK,fitzroy_player_details
Mason Redman,MEDIUM_DEFENDER,fitzroy_player_details
Mason Wood,MIDFIELDER,fitzroy_player_details
Massimo D'Ambrosio,MIDFIELDER,fitzroy_player_details
Matt Duffy,KEY_DEFENDER,fitzroy_player_details
Matt Flynn,RUCK,fitzroy_player_details
Matt Guelfi,MEDIUM_FORWARD,fitzroy_player_details
Matt Hill,MEDIUM_FORWARD,fitzroy_player_details
Matt Roberts,MIDFIELDER,fitzroy_player_details
Matt Rowell,MIDFIELDER,fitzroy_player_details
Matt Whitlock,KEY_FORWARD,fitzroy_player_details
Mattaes Phillipou,MIDFIELDER_FORWARD,fitzroy_player_details
Matthew Carroll,MIDFIELDER,fitzroy_player_details
Matthew Cottrell,MEDIUM_FORWARD,fitzroy_player_details
Matthew Jefferson,KEY_FORWARD,fitzroy_player_details
Matthew Johnson,MIDFIELDER,fitzroy_player_details
Matthew Kennedy,MIDFIELDER,fitzroy_player_details
Matthew LeRay,KEY_DEFENDER,fitzroy_player_details
Matthew Owies,MEDIUM_FORWARD,fitzroy_player_details
Maurice Rioli,MEDIUM_FORWARD,fitzroy_player_details
Max Beattie,MIDFIELDER,fitzroy_player_details
Max Gawn,RUCK,fitzroy_player_details
Max Gruzewski,KEY_FORWARD,fitzroy_player_details
Max Hall,MIDFIELDER_FORWARD,fitzroy_player_details
Max Heath,RUCK,fitzroy_player_details
Max Holmes,MIDFIELDER,fitzroy_player_details
Max King,KEY_FORWARD,fitzroy_player_details
Max Knobel,RUCK,fitzroy_player_details
Max Kondogiannis,MEDIUM_DEFENDER,fitzroy_player_details
Max Mapley,RUCK,fitzroy_player_details
Max Michalanney,MEDIUM_DEFENDER,fitzroy_player_details
Max Ramsden,KEY_FORWARD,fitzroy_player_details
Michael Frederick,MEDIUM_FORWARD,fitzroy_player_details
Michael Sellwood,MEDIUM_DEFENDER,fitzroy_player_details
Milan Murdock,MEDIUM_FORWARD,fitzroy_player_details
Miles Bergman,MEDIUM_DEFENDER,fitzroy_player_details
Mitch Georgiades,KEY_FORWARD,fitzroy_player_details
Mitch Knevitt,MIDFIELDER_FORWARD,fitzroy_player_details
Mitch Lewis,KEY_FORWARD,fitzroy_player_details
Mitch McGovern,KEY_FORWARD,fitzroy_player_details
Mitch Owens,KEY_FORWARD,fitzroy_player_details
Mitch Podhajski,KEY_FORWARD,fitzroy_player_details
Mitch Zadow,MEDIUM_FORWARD,fitzroy_player_details
Mitchell Edwards,RUCK,fitzroy_player_details
Mitchell Hinge,MEDIUM_DEFENDER,fitzroy_player_details
Mitchell Marsh,MEDIUM_FORWARD,fitzroy_player_details
Murphy Reid,MIDFIELDER_FORWARD,fitzroy_player_details
Mykelti Lefau,KEY_FORWARD,fitzroy_player_details
Nasiah Wanganeen-Milera,MIDFIELDER,fitzroy_player_details
Nate Caddy,KEY_FORWARD,fitzroy_player_details
Nathan Broad,MEDIUM_DEFENDER,fitzroy_player_details
Nathan O'Driscoll,MIDFIELDER,fitzroy_player_details
Nathan Wardius,MEDIUM_FORWARD,fitzroy_player_details
Ned Bowman,MEDIUM_DEFENDER,fitzroy_player_details
Ned Long,MIDFIELDER_FORWARD,fitzroy_player_details
Ned Moyle,RUCK,fitzroy_player_details
Ned Reeves,RUCK,fitzroy_player_details
Neil Erasmus,MIDFIELDER,fitzroy_player_details
Nic Martin,MIDFIELDER_FORWARD,fitzroy_player_details
Nic Newman,MEDIUM_DEFENDER,fitzroy_player_details
Nicholas Driscoll,MEDIUM_FORWARD,fitzroy_player_details
Nicholas Madden,RUCK,fitzroy_player_details
Nick Blakey,MEDIUM_DEFENDER,fitzroy_player_details
Nick Bryan,RUCK,fitzroy_player_details
Nick Coffield,MEDIUM_DEFENDER,fitzroy_player_details
Nick Daicos,MIDFIELDER,fitzroy_player_details
Nick Haynes,MEDIUM_DEFENDER,fitzroy_player_details
Nick Holman,MIDFIELDER_FORWARD,fitzroy_player_details
Nick Larkey,KEY_FORWARD,fitzroy_player_details
Nick Murray,KEY_DEFENDER,fitzroy_player_details
Nick Vlastuin,MEDIUM_DEFENDER,fitzroy_player_details
Nick Watson,MEDIUM_FORWARD,fitzroy_player_details
Nik Cox,MIDFIELDER,fitzroy_player_details
Noah Anderson,MIDFIELDER,fitzroy_player_details
Noah Answerth,MEDIUM_DEFENDER,fitzroy_player_details
Noah Balta,KEY_DEFENDER,fitzroy_player_details
Noah Chamberlain,MIDFIELDER,fitzroy_player_details
Noah Howes,KEY_DEFENDER,fitzroy_player_details
Noah Long,MEDIUM_FORWARD,fitzroy_player_details
Noah Mraz,KEY_DEFENDER,fitzroy_player_details
Noah Roberts-Thomson,MEDIUM_FORWARD,fitzroy_player_details
Oisin Mullin,MIDFIELDER,fitzroy_player_details
Oliver Dempsey,MIDFIELDER,fitzroy_player_details
Oliver Florent,MEDIUM_DEFENDER,fitzroy_player_details
Oliver Francou,MIDFIELDER,fitzroy_player_details
Oliver Greeves,MEDIUM_FORWARD,fitzroy_player_details
Oliver Griffin,KEY_FORWARD,fitzroy_player_details
Oliver Hannaford,MEDIUM_FORWARD,fitzroy_player_details
Oliver Hayes-Brown,RUCK,fitzroy_player_details
Oliver Henry,MEDIUM_FORWARD,fitzroy_player_details
Oliver Hollands,MIDFIELDER,fitzroy_player_details
Oliver Wiltshire,MEDIUM_FORWARD,fitzroy_player_details
Ollie Lord,KEY_FORWARD,fitzroy_player_details
Ollie Murphy,KEY_DEFENDER,fitzroy_player_details
Ollie Wines,MIDFIELDER,fitzroy_player_details
Oscar Adams,KEY_DEFENDER,fitzroy_player_details
Oscar Allen,KEY_FORWARD,fitzroy_player_details
Oscar Berry,KEY_DEFENDER,fitzroy_player_details
Oscar McDonald,KEY_DEFENDER,fitzroy_player_details
Oscar Ryan,MEDIUM_DEFENDER,fitzroy_player_details
Oscar Steene,RUCK,fitzroy_player_details
Oskar Baker,MEDIUM_FORWARD,fitzroy_player_details
Oskar Taylor,MEDIUM_DEFENDER,fitzroy_player_details
Paddy Cross,MIDFIELDER_FORWARD,fitzroy_player_details
Paddy Dow,MIDFIELDER,fitzroy_player_details
Patrick Carr,RUCK,fitzroy_player_details
Patrick Cripps,MIDFIELDER,fitzroy_player_details
Patrick Dangerfield,MEDIUM_FORWARD,fitzroy_player_details
Patrick Lipinski,MIDFIELDER_FORWARD,fitzroy_player_details
Patrick Retschko,MIDFIELDER,fitzroy_player_details
Patrick Said,MIDFIELDER_FORWARD,fitzroy_player_details
Patrick Snell,KEY_DEFENDER,fitzroy_player_details
Patrick Voss,KEY_FORWARD,fitzroy_player_details
Paul Curtis,MEDIUM_FORWARD,fitzroy_player_details
Peter Ladhams,RUCK,fitzroy_player_details
Peter Wright,RUCK,fitzroy_player_details
Phoenix Gothard,MEDIUM_FORWARD,fitzroy_player_details
Reece Torrent,MIDFIELDER,fitzroy_player_details
Reef McInnes,KEY_DEFENDER,fitzroy_player_details
Reilly O'Brien,RUCK,fitzroy_player_details
Reuben Ginbey,KEY_DEFENDER,fitzroy_player_details
Rhett Bazzo,KEY_DEFENDER,fitzroy_player_details
Rhyan Mansell,MEDIUM_FORWARD,fitzroy_player_details
Rhylee West,MEDIUM_FORWARD,fitzroy_player_details
Rhys Stanley,RUCK,fitzroy_player_details
Rhys Unwin,MEDIUM_FORWARD,fitzroy_player_details
Riak Andrew,KEY_DEFENDER,fitzroy_player_details
Ricky Mentha,MEDIUM_DEFENDER,fitzroy_player_details
Riley Bice,MEDIUM_DEFENDER,fitzroy_player_details
Riley Garcia,MIDFIELDER_FORWARD,fitzroy_player_details
Riley Hamilton,MEDIUM_FORWARD,fitzroy_player_details
Riley Hardeman,MIDFIELDER,fitzroy_player_details
Riley Onley,KEY_DEFENDER,fitzroy_player_details
Riley Thilthorpe,KEY_FORWARD,fitzroy_player_details
River Stevens,MEDIUM_FORWARD,fitzroy_player_details
Roan Steele,MIDFIELDER,fitzroy_player_details
Rob Monahan,MEDIUM_DEFENDER,fitzroy_player_details
Robert Hansen Jr,MEDIUM_DEFENDER,fitzroy_player_details
Rory Laird,MEDIUM_DEFENDER,fitzroy_player_details
Rory Lobb,KEY_DEFENDER,fitzroy_player_details
Rowan Marshall,RUCK,fitzroy_player_details
Ryan Angwin,MIDFIELDER,fitzroy_player_details
Ryan Byrnes,MIDFIELDER,fitzroy_player_details
Ryan Gardner,KEY_DEFENDER,fitzroy_player_details
Ryan Lester,KEY_DEFENDER,fitzroy_player_details
Ryan Maric,MIDFIELDER,fitzroy_player_details
Ryda Luke,MEDIUM_FORWARD,fitzroy_player_details
Ryley Sanders,MIDFIELDER,fitzroy_player_details
Saad El-Hawli,MEDIUM_DEFENDER,fitzroy_player_details
Sam Allen,MIDFIELDER_FORWARD,fitzroy_player_details
Sam Banks,MEDIUM_DEFENDER,fitzroy_player_details
Sam Berry,MIDFIELDER,fitzroy_player_details
Sam Butler,MIDFIELDER_FORWARD,fitzroy_player_details
Sam Clohesy,MIDFIELDER,fitzroy_player_details
Sam Collins,KEY_DEFENDER,fitzroy_player_details
Sam Cumming,MIDFIELDER,fitzroy_player_details
Sam Darcy,KEY_FORWARD,fitzroy_player_details
Sam Davidson,MIDFIELDER,fitzroy_player_details
Sam De Koning,KEY_DEFENDER,fitzroy_player_details
Sam Draper,RUCK,fitzroy_player_details
Sam Durham,MIDFIELDER,fitzroy_player_details
Sam Flanders,MIDFIELDER,fitzroy_player_details
Sam Grlj,MEDIUM_DEFENDER,fitzroy_player_details
Sam Lalor,MIDFIELDER_FORWARD,fitzroy_player_details
Sam Marshall,MIDFIELDER,fitzroy_player_details
Sam Powell-Pepper,MEDIUM_FORWARD,fitzroy_player_details
Sam Sturt,MEDIUM_FORWARD,fitzroy_player_details
Sam Swadling,MIDFIELDER,fitzroy_player_details
Sam Switkowski,MEDIUM_FORWARD,fitzroy_player_details
Sam Taylor,KEY_DEFENDER,fitzroy_player_details
Sam Walsh,MIDFIELDER,fitzroy_player_details
Sam Wicks,MEDIUM_DEFENDER,fitzroy_player_details
Samson Ryan,RUCK,fitzroy_player_details
Sandy Brock,KEY_DEFENDER,fitzroy_player_details
Scott Pendlebury,MIDFIELDER,fitzroy_player_details
Sean Darcy,RUCK,fitzroy_player_details
Seth Campbell,MEDIUM_FORWARD,fitzroy_player_details
Shadeau Brain,MEDIUM_DEFENDER,fitzroy_player_details
Shai Bolton,MIDFIELDER,fitzroy_player_details
Shane McAdam,MEDIUM_FORWARD,fitzroy_player_details
Shannon Neale,KEY_FORWARD,fitzroy_player_details
Shaun Mannagh,MEDIUM_FORWARD,fitzroy_player_details
Sid Draper,MIDFIELDER,fitzroy_player_details
Steele Sidebottom,MIDFIELDER,fitzroy_player_details
Steely Green,MEDIUM_FORWARD,fitzroy_player_details
Stephen Coniglio,MIDFIELDER_FORWARD,fitzroy_player_details
Steven May,KEY_DEFENDER,fitzroy_player_details
Sullivan Robey,MIDFIELDER_FORWARD,fitzroy_player_details
Tai Hayes,MIDFIELDER,fitzroy_player_details
Taj Hotton,MIDFIELDER_FORWARD,fitzroy_player_details
Talor Byrne,MEDIUM_FORWARD,fitzroy_player_details
Tanner Bruhn,MEDIUM_DEFENDER,fitzroy_player_details
Taylor Adams,MIDFIELDER,fitzroy_player_details
Taylor Goad,RUCK,fitzroy_player_details
Taylor Walker,KEY_FORWARD,fitzroy_player_details
Tew Jiath,MEDIUM_DEFENDER,fitzroy_player_details
Thomas Edwards,MEDIUM_FORWARD,fitzroy_player_details
Thomas Matthews,MEDIUM_FORWARD,fitzroy_player_details
Tim English,RUCK,fitzroy_player_details
Tim Kelly,MIDFIELDER,fitzroy_player_details
Tim Membrey,KEY_FORWARD,fitzroy_player_details
Tim Taranto,MIDFIELDER,fitzroy_player_details
Tobie Travaglia,MEDIUM_DEFENDER,fitzroy_player_details
Toby Bedford,MIDFIELDER_FORWARD,fitzroy_player_details
Toby Conway,RUCK,fitzroy_player_details
Toby Greene,MIDFIELDER_FORWARD,fitzroy_player_details
Toby McMullin,MEDIUM_FORWARD,fitzroy_player_details
Toby Murray,RUCK,fitzroy_player_details
Toby Nankervis,RUCK,fitzroy_player_details
Toby Pink,KEY_DEFENDER,fitzroy_player_details
Toby Whan,MIDFIELDER,fitzroy_player_details
Tobyn Murray,MEDIUM_FORWARD,fitzroy_player_details
Todd Marshall,KEY_FORWARD,fitzroy_player_details
Tom Anastasopoulos,MIDFIELDER_FORWARD,fitzroy_player_details
Tom Atkins,MIDFIELDER,fitzroy_player_details
Tom Barrass,KEY_DEFENDER,fitzroy_player_details
Tom Blamires,MIDFIELDER,fitzroy_player_details
Tom Brown,MEDIUM_DEFENDER,fitzroy_player_details
Tom Burton,MEDIUM_FORWARD,fitzroy_player_details
Tom Campbell,RUCK,fitzroy_player_details
Tom Cochrane,MEDIUM_FORWARD,fitzroy_player_details
Tom Cole,MEDIUM_FORWARD,fitzroy_player_details
Tom De Koning,RUCK,fitzroy_player_details
Tom Doedee,MEDIUM_DEFENDER,fitzroy_player_details
Tom Green,MIDFIELDER,fitzroy_player_details
Tom Gross,MEDIUM_FORWARD,fitzroy_player_details
Tom Hanily,MEDIUM_FORWARD,fitzroy_player_details
Tom Liberatore,MIDFIELDER,fitzroy_player_details
Tom Lynch,KEY_FORWARD,fitzroy_player_details
Tom McCarthy,MEDIUM_DEFENDER,fitzroy_player_details
Tom McCartin,KEY_DEFENDER,fitzroy_player_details
Tom McDonald,KEY_DEFENDER,fitzroy_player_details
Tom Papley,MEDIUM_FORWARD,fitzroy_player_details
Tom Powell,MEDIUM_FORWARD,fitzroy_player_details
Tom Sims,KEY_FORWARD,fitzroy_player_details
Tom Sparrow,MIDFIELDER,fitzroy_player_details
Tom Stewart,MEDIUM_DEFENDER,fitzroy_player_details
Touk Miller,MIDFIELDER_FORWARD,fitzroy_player_details
Trent Rivers,MEDIUM_DEFENDER,fitzroy_player_details
Tristan Xerri,RUCK,fitzroy_player_details
Ty Gallop,KEY_DEFENDER,fitzroy_player_details
Tyan Prindable,MIDFIELDER,fitzroy_player_details
Tylah Williams,MEDIUM_FORWARD,fitzroy_player_details
Tylar Young,KEY_DEFENDER,fitzroy_player_details
Tyler Brockman,MEDIUM_FORWARD,fitzroy_player_details
Tyler Sonsie,MIDFIELDER_FORWARD,fitzroy_player_details
Tyler Welsh,KEY_FORWARD,fitzroy_player_details
Tyrell Dewar,MEDIUM_DEFENDER,fitzroy_player_details
Tyson Stengle,MEDIUM_FORWARD,fitzroy_player_details
Vigo Visentini,RUCK,fitzroy_player_details
Wade Derksen,KEY_DEFENDER,fitzroy_player_details
Wayne Milera,MEDIUM_DEFENDER,fitzroy_player_details
Wil Dawson,RUCK,fitzroy_player_details
Wil Parker,MEDIUM_DEFENDER,fitzroy_player_details
Wil Powell,MEDIUM_DEFENDER,fitzroy_player_details
Will Ashcroft,MIDFIELDER,fitzroy_player_details
Will Brodie,MIDFIELDER,fitzroy_player_details
Will Darcy,KEY_FORWARD,fitzroy_player_details
Will Day,MIDFIELDER,fitzroy_player_details
Will Graham,MIDFIELDER_FORWARD,fitzroy_player_details
Will Hayward,MEDIUM_FORWARD,fitzroy_player_details
Will Lewis,KEY_FORWARD,fitzroy_player_details
Will Lorenz,MIDFIELDER,fitzroy_player_details
Will McLachlan,MEDIUM_FORWARD,fitzroy_player_details
Will Setterfield,MIDFIELDER,fitzroy_player_details
Willem Drew,MIDFIELDER,fitzroy_player_details
Willem Duursma,MIDFIELDER,fitzroy_player_details
William Edwards,KEY_DEFENDER,fitzroy_player_details
William Green,RUCK,fitzroy_player_details
William Hayes,MEDIUM_FORWARD,fitzroy_player_details
William McCabe,MIDFIELDER_FORWARD,fitzroy_player_details
Xavier Bamert,MEDIUM_FORWARD,fitzroy_player_details
Xavier Duursma,MIDFIELDER,fitzroy_player_details
Xavier Lindsay,MEDIUM_DEFENDER,fitzroy_player_details
Xavier O'Halloran,MIDFIELDER,fitzroy_player_details
Xavier Taylor,MEDIUM_DEFENDER,fitzroy_player_details
Xavier Walsh,KEY_FORWARD,fitzroy_player_details
Zac Bailey,MIDFIELDER_FORWARD,fitzroy_player_details
Zac Banch,MEDIUM_FORWARD,fitzroy_player_details
Zac Fisher,MEDIUM_DEFENDER,fitzroy_player_details
Zac McCarthy,KEY_FORWARD,fitzroy_player_details
Zac Taylor,MEDIUM_FORWARD,fitzroy_player_details
Zac Walker,KEY_DEFENDER,fitzroy_player_details
Zac Williams,MEDIUM_DEFENDER,fitzroy_player_details
Zach Guthrie,MEDIUM_DEFENDER,fitzroy_player_details
Zach Merrett,MIDFIELDER,fitzroy_player_details
Zach Reid,KEY_DEFENDER,fitzroy_player_details
Zak Butters,MIDFIELDER,fitzroy_player_details
Zak Evans,MIDFIELDER,fitzroy_player_details
Zak Johnson,MEDIUM_DEFENDER,fitzroy_player_details
Zane Duursma,MEDIUM_FORWARD,fitzroy_player_details
Zane Peucker,MEDIUM_FORWARD,fitzroy_player_details
Zane Zakostelsky,KEY_DEFENDER,fitzroy_player_details
Zeke Uwland,MIDFIELDER,fitzroy_player_details
