match,round,home_team,away_team,start_time,venue
Sydney Swans v Carlton,Opening Round,Sydney Swans,Carlton,2026-03-05T08:30:00Z,SCG
Gold Coast Suns v Geelong Cats,Opening Round,Gold Coast Suns,Geelong Cats,2026-03-06T09:05:00Z,People First Stadium
GWS Giants v Hawthorn Hawks,Opening Round,GWS Giants,Hawthorn Hawks,2026-03-07T05:15:00Z,ENGIE Stadium
Brisbane Lions v Western Bulldogs,Opening Round,Brisbane Lions,Western Bulldogs,2026-03-07T08:35:00Z,Gabba
St Kilda Saints v Collingwood Magpies,Opening Round,St Kilda Saints,Collingwood Magpies,2026-03-08T08:20:00Z,MCG
Carlton v Richmond Tigers,Round 1,Carlton,Richmond Tigers,2026-03-12T08:30:00Z,MCG
Essendon Bombers v Hawthorn Hawks,Round 1,Essendon Bombers,Hawthorn Hawks,2026-03-13T08:40:00Z,MCG
Western Bulldogs v GWS Giants,Round 1,Western Bulldogs,GWS Giants,2026-03-14T02:15:00Z,Marvel Stadium
Geelong Cats v Fremantle Dockers,Round 1,Geelong Cats,Fremantle Dockers,2026-03-14T05:15:00Z,GMHBA Stadium
Sydney Swans v Brisbane Lions,Round 1,Sydney Swans,Brisbane Lions,2026-03-14T08:10:00Z,SCG
Collingwood Magpies v Adelaide Crows,Round 1,Collingwood Magpies,Adelaide Crows,2026-03-14T08:35:00Z,MCG
North Melbourne Kangaroos v Port Adelaide Power,Round 1,North Melbourne Kangaroos,Port Adelaide Power,2026-03-15T02:10:00Z,Marvel Stadium
Melbourne Demons v St Kilda Saints,Round 1,Melbourne Demons,St Kilda Saints,2026-03-15T04:15:00Z,MCG
Gold Coast Suns v West Coast Eagles,Round 1,Gold Coast Suns,West Coast Eagles,2026-03-15T07:10:00Z,People First Stadium
Hawthorn Hawks v Sydney Swans,Round 2,Hawthorn Hawks,Sydney Swans,2026-03-19T08:30:00Z,MCG
Adelaide Crows v Western Bulldogs,Round 2,Adelaide Crows,Western Bulldogs,2026-03-20T08:40:00Z,Adelaide Oval
Richmond Tigers v Gold Coast Suns,Round 2,Richmond Tigers,Gold Coast Suns,2026-03-21T02:15:00Z,MCG
GWS Giants v St Kilda Saints,Round 2,GWS Giants,St Kilda Saints,2026-03-21T05:15:00Z,ENGIE Stadium
Fremantle Dockers v Melbourne Demons,Round 2,Fremantle Dockers,Melbourne Demons,2026-03-21T08:35:00Z,Optus Stadium
Port Adelaide Power v Essendon Bombers,Round 2,Port Adelaide Power,Essendon Bombers,2026-03-22T04:15:00Z,Adelaide Oval
West Coast Eagles v North Melbourne Kangaroos,Round 2,West Coast Eagles,North Melbourne Kangaroos,2026-03-22T07:10:00Z,Optus Stadium
Geelong Cats v Adelaide Crows,Round 3,Geelong Cats,Adelaide Crows,2026-03-26T08:30:00Z,GMHBA Stadium
Collingwood Magpies v GWS Giants,Round 3,Collingwood Magpies,GWS Giants,2026-03-27T08:40:00Z,Marvel Stadium
St Kilda Saints v Brisbane Lions,Round 3,St Kilda Saints,Brisbane Lions,2026-03-28T01:35:00Z,Marvel Stadium
Fremantle Dockers v Richmond Tigers,Round 3,Fremantle Dockers,Richmond Tigers,2026-03-28T05:15:00Z,Optus Stadium
Essendon Bombers v North Melbourne Kangaroos,Round 3,Essendon Bombers,North Melbourne Kangaroos,2026-03-28T08:35:00Z,Marvel Stadium
Port Adelaide Power v West Coast Eagles,Round 3,Port Adelaide Power,West Coast Eagles,2026-03-29T01:30:00Z,Adelaide Oval
Carlton v Melbourne Demons,Round 3,Carlton,Melbourne Demons,2026-03-29T04:15:00Z,MCG
Brisbane Lions v Collingwood Magpies,Round 4,Brisbane Lions,Collingwood Magpies,2026-04-02T08:30:00Z,Gabba
North Melbourne Kangaroos v Carlton,Round 4,North Melbourne Kangaroos,Carlton,2026-04-03T04:15:00Z,Marvel Stadium
Adelaide Crows v Fremantle Dockers,Round 4,Adelaide Crows,Fremantle Dockers,2026-04-03T08:15:00Z,Adelaide Oval
Richmond Tigers v Port Adelaide Power,Round 4,Richmond Tigers,Port Adelaide Power,2026-04-04T05:15:00Z,MCG
West Coast Eagles v Sydney Swans,Round 4,West Coast Eagles,Sydney Swans,2026-04-04T08:35:00Z,Optus Stadium
Melbourne Demons v Gold Coast Suns,Round 4,Melbourne Demons,Gold Coast Suns,2026-04-05T05:15:00Z,MCG
Western Bulldogs v Essendon Bombers,Round 4,Western Bulldogs,Essendon Bombers,2026-04-05T09:20:00Z,Marvel Stadium
Hawthorn Hawks v Geelong Cats,Round 4,Hawthorn Hawks,Geelong Cats,2026-04-06T05:15:00Z,MCG
Adelaide Crows v Carlton,Round 5,Adelaide Crows,Carlton,2026-04-09T09:40:00Z,Adelaide Oval
Collingwood Magpies v Fremantle Dockers,Round 5,Collingwood Magpies,Fremantle Dockers,2026-04-10T09:40:00Z,Adelaide Oval
North Melbourne Kangaroos v Brisbane Lions,Round 5,North Melbourne Kangaroos,Brisbane Lions,2026-04-11T02:35:00Z,Barossa Park
Essendon Bombers v Melbourne Demons,Round 5,Essendon Bombers,Melbourne Demons,2026-04-11T03:15:00Z,Adelaide Oval
Sydney Swans v Gold Coast Suns,Round 5,Sydney Swans,Gold Coast Suns,2026-04-11T06:15:00Z,Norwood Oval
Hawthorn Hawks v Western Bulldogs,Round 5,Hawthorn Hawks,Western Bulldogs,2026-04-11T09:35:00Z,Adelaide Oval
Geelong Cats v West Coast Eagles,Round 5,Geelong Cats,West Coast Eagles,2026-04-12T02:30:00Z,Norwood Oval
GWS Giants v Richmond Tigers,Round 5,GWS Giants,Richmond Tigers,2026-04-12T05:15:00Z,Barossa Park
Port Adelaide Power v St Kilda Saints,Round 5,Port Adelaide Power,St Kilda Saints,2026-04-12T09:15:00Z,Adelaide Oval
Carlton v Collingwood Magpies,Round 6,Carlton,Collingwood Magpies,2026-04-16T09:30:00Z,MCG
Geelong Cats v Western Bulldogs,Round 6,Geelong Cats,Western Bulldogs,2026-04-17T09:20:00Z,GMHBA Stadium
Sydney Swans v GWS Giants,Round 6,Sydney Swans,GWS Giants,2026-04-17T09:50:00Z,SCG
Gold Coast Suns v Essendon Bombers,Round 6,Gold Coast Suns,Essendon Bombers,2026-04-18T03:15:00Z,People First Stadium
Hawthorn Hawks v Port Adelaide Power,Round 6,Hawthorn Hawks,Port Adelaide Power,2026-04-18T06:15:00Z,Marvel Stadium
Adelaide Crows v St Kilda Saints,Round 6,Adelaide Crows,St Kilda Saints,2026-04-18T09:35:00Z,Adelaide Oval
North Melbourne Kangaroos v Richmond Tigers,Round 6,North Melbourne Kangaroos,Richmond Tigers,2026-04-19T03:10:00Z,Marvel Stadium
Melbourne Demons v Brisbane Lions,Round 6,Melbourne Demons,Brisbane Lions,2026-04-19T05:15:00Z,MCG
West Coast Eagles v Fremantle Dockers,Round 6,West Coast Eagles,Fremantle Dockers,2026-04-19T07:10:00Z,Optus Stadium
Western Bulldogs v Sydney Swans,Round 7,Western Bulldogs,Sydney Swans,2026-04-23T09:30:00Z,Marvel Stadium
Richmond Tigers v Melbourne Demons,Round 7,Richmond Tigers,Melbourne Demons,2026-04-24T09:40:00Z,MCG
Hawthorn Hawks v Gold Coast Suns,Round 7,Hawthorn Hawks,Gold Coast Suns,2026-04-25T02:30:00Z,UTAS Stadium
Essendon Bombers v Collingwood Magpies,Round 7,Essendon Bombers,Collingwood Magpies,2026-04-25T05:20:00Z,MCG
Port Adelaide Power v Geelong Cats,Round 7,Port Adelaide Power,Geelong Cats,2026-04-25T08:35:00Z,Adelaide Oval
Fremantle Dockers v Carlton,Round 7,Fremantle Dockers,Carlton,2026-04-25T10:15:00Z,Optus Stadium
St Kilda Saints v West Coast Eagles,Round 7,St Kilda Saints,West Coast Eagles,2026-04-26T03:10:00Z,Marvel Stadium
Brisbane Lions v Adelaide Crows,Round 7,Brisbane Lions,Adelaide Crows,2026-04-26T05:15:00Z,Gabba
GWS Giants v North Melbourne Kangaroos,Round 7,GWS Giants,North Melbourne Kangaroos,2026-04-26T06:40:00Z,Corroboree Group Oval Manuka
Collingwood Magpies v Hawthorn Hawks,Round 8,Collingwood Magpies,Hawthorn Hawks,2026-04-30T09:30:00Z,MCG
Western Bulldogs v Fremantle Dockers,Round 8,Western Bulldogs,Fremantle Dockers,2026-05-01T09:30:00Z,Marvel Stadium
Adelaide Crows v Port Adelaide Power,Round 8,Adelaide Crows,Port Adelaide Power,2026-05-01T10:10:00Z,Adelaide Oval
Essendon Bombers v Brisbane Lions,Round 8,Essendon Bombers,Brisbane Lions,2026-05-02T02:35:00Z,Marvel Stadium
West Coast Eagles v Richmond Tigers,Round 8,West Coast Eagles,Richmond Tigers,2026-05-02T06:15:00Z,Optus Stadium
Geelong Cats v North Melbourne Kangaroos,Round 8,Geelong Cats,North Melbourne Kangaroos,2026-05-02T06:35:00Z,GMHBA Stadium
Carlton v St Kilda Saints,Round 8,Carlton,St Kilda Saints,2026-05-02T09:35:00Z,Marvel Stadium
Sydney Swans v Melbourne Demons,Round 8,Sydney Swans,Melbourne Demons,2026-05-03T05:15:00Z,SCG
Gold Coast Suns v GWS Giants,Round 8,Gold Coast Suns,GWS Giants,2026-05-03T09:20:00Z,People First Stadium
Fremantle Dockers v Hawthorn Hawks,Round 9,Fremantle Dockers,Hawthorn Hawks,2026-05-07T10:10:00Z,Optus Stadium
Brisbane Lions v Carlton,Round 9,Brisbane Lions,Carlton,2026-05-08T09:30:00Z,Gabba
Port Adelaide Power v Western Bulldogs,Round 9,Port Adelaide Power,Western Bulldogs,2026-05-08T10:10:00Z,Adelaide Oval
North Melbourne Kangaroos v Sydney Swans,Round 9,North Melbourne Kangaroos,Sydney Swans,2026-05-09T03:15:00Z,Marvel Stadium
GWS Giants v Essendon Bombers,Round 9,GWS Giants,Essendon Bombers,2026-05-09T06:15:00Z,ENGIE Stadium
Gold Coast Suns v St Kilda Saints,Round 9,Gold Coast Suns,St Kilda Saints,2026-05-09T09:10:00Z,TIO Stadium
Geelong Cats v Collingwood Magpies,Round 9,Geelong Cats,Collingwood Magpies,2026-05-09T09:35:00Z,MCG
Melbourne Demons v West Coast Eagles,Round 9,Melbourne Demons,West Coast Eagles,2026-05-10T03:10:00Z,Marvel Stadium
Richmond Tigers v Adelaide Crows,Round 9,Richmond Tigers,Adelaide Crows,2026-05-10T05:15:00Z,MCG
Brisbane Lions v Geelong Cats,Round 10,Brisbane Lions,Geelong Cats,2026-05-14T09:30:00Z,Gabba
Sydney Swans v Collingwood Magpies,Round 10,Sydney Swans,Collingwood Magpies,2026-05-15T09:30:00Z,SCG
Gold Coast Suns v Port Adelaide Power,Round 10,Gold Coast Suns,Port Adelaide Power,2026-05-15T10:10:00Z,TIO Stadium
Adelaide Crows v North Melbourne Kangaroos,Round 10,Adelaide Crows,North Melbourne Kangaroos,2026-05-16T03:15:00Z,Adelaide Oval
Melbourne Demons v Hawthorn Hawks,Round 10,Melbourne Demons,Hawthorn Hawks,2026-05-16T06:15:00Z,MCG
Carlton v Western Bulldogs,Round 10,Carlton,Western Bulldogs,2026-05-16T09:35:00Z,Marvel Stadium
Essendon Bombers v Fremantle Dockers,Round 10,Essendon Bombers,Fremantle Dockers,2026-05-17T03:10:00Z,MCG
St Kilda Saints v Richmond Tigers,Round 10,St Kilda Saints,Richmond Tigers,2026-05-17T05:15:00Z,Marvel Stadium
West Coast Eagles v GWS Giants,Round 10,West Coast Eagles,GWS Giants,2026-05-17T08:15:00Z,Optus Stadium
Hawthorn Hawks v Adelaide Crows,Round 11,Hawthorn Hawks,Adelaide Crows,2026-05-21T09:30:00Z,UTAS Stadium
Richmond Tigers v Essendon Bombers,Round 11,Richmond Tigers,Essendon Bombers,2026-05-22T09:45:00Z,MCG
Fremantle Dockers v St Kilda Saints,Round 11,Fremantle Dockers,St Kilda Saints,2026-05-22T10:30:00Z,Optus Stadium
North Melbourne Kangaroos v Gold Coast Suns,Round 11,North Melbourne Kangaroos,Gold Coast Suns,2026-05-23T03:15:00Z,Marvel Stadium
Geelong Cats v Sydney Swans,Round 11,Geelong Cats,Sydney Swans,2026-05-23T06:15:00Z,GMHBA Stadium
Collingwood Magpies v West Coast Eagles,Round 11,Collingwood Magpies,West Coast Eagles,2026-05-23T06:35:00Z,MCG
Port Adelaide Power v Carlton,Round 11,Port Adelaide Power,Carlton,2026-05-23T09:35:00Z,Adelaide Oval
GWS Giants v Brisbane Lions,Round 11,GWS Giants,Brisbane Lions,2026-05-24T02:30:00Z,ENGIE Stadium
Western Bulldogs v Melbourne Demons,Round 11,Western Bulldogs,Melbourne Demons,2026-05-24T05:15:00Z,Marvel Stadium
St Kilda Saints v Hawthorn Hawks,Round 12,St Kilda Saints,Hawthorn Hawks,2026-05-28T09:30:00Z,Marvel Stadium
Carlton v Geelong Cats,Round 12,Carlton,Geelong Cats,2026-05-29T09:40:00Z,MCG
Sydney Swans v Richmond Tigers,Round 12,Sydney Swans,Richmond Tigers,2026-05-30T03:15:00Z,SCG
Brisbane Lions v Fremantle Dockers,Round 12,Brisbane Lions,Fremantle Dockers,2026-05-30T06:15:00Z,Gabba
Western Bulldogs v Collingwood Magpies,Round 12,Western Bulldogs,Collingwood Magpies,2026-05-30T09:35:00Z,Marvel Stadium
Melbourne Demons v GWS Giants,Round 12,Melbourne Demons,GWS Giants,2026-05-31T05:15:00Z,TIO Traeger Park
West Coast Eagles v Essendon Bombers,Round 12,West Coast Eagles,Essendon Bombers,2026-05-31T09:20:00Z,Optus Stadium
Adelaide Crows v Geelong Cats,Round 13,Adelaide Crows,Geelong Cats,2026-06-04T09:30:00Z,Adelaide Oval
Hawthorn Hawks v Western Bulldogs,Round 13,Hawthorn Hawks,Western Bulldogs,2026-06-05T09:40:00Z,MCG
North Melbourne Kangaroos v Fremantle Dockers,Round 13,North Melbourne Kangaroos,Fremantle Dockers,2026-06-06T04:15:00Z,Hands Oval
Gold Coast Suns v Brisbane Lions,Round 13,Gold Coast Suns,Brisbane Lions,2026-06-06T07:15:00Z,People First Stadium
West Coast Eagles v Port Adelaide Power,Round 13,West Coast Eagles,Port Adelaide Power,2026-06-06T10:15:00Z,Optus Stadium
Sydney Swans v St Kilda Saints,Round 13,Sydney Swans,St Kilda Saints,2026-06-07T05:15:00Z,SCG
Essendon Bombers v Carlton,Round 13,Essendon Bombers,Carlton,2026-06-07T09:20:00Z,MCG
Collingwood Magpies v Melbourne Demons,Round 13,Collingwood Magpies,Melbourne Demons,2026-06-08T05:15:00Z,MCG
Western Bulldogs v Adelaide Crows,Round 14,Western Bulldogs,Adelaide Crows,2026-06-11T09:30:00Z,Marvel Stadium
Geelong Cats v Gold Coast Suns,Round 14,Geelong Cats,Gold Coast Suns,2026-06-12T09:40:00Z,GMHBA Stadium
Melbourne Demons v Essendon Bombers,Round 14,Melbourne Demons,Essendon Bombers,2026-06-13T03:15:00Z,MCG
North Melbourne Kangaroos v West Coast Eagles,Round 14,North Melbourne Kangaroos,West Coast Eagles,2026-06-13T06:15:00Z,Optus Stadium
Port Adelaide Power v Sydney Swans,Round 14,Port Adelaide Power,Sydney Swans,2026-06-13T09:35:00Z,Adelaide Oval
Richmond Tigers v Brisbane Lions,Round 14,Richmond Tigers,Brisbane Lions,2026-06-14T03:10:00Z,Ninja Stadium
St Kilda Saints v GWS Giants,Round 14,St Kilda Saints,GWS Giants,2026-06-14T05:15:00Z,Marvel Stadium
Fremantle Dockers v Geelong Cats,Round 15,Fremantle Dockers,Geelong Cats,2026-06-18T10:10:00Z,Optus Stadium
Gold Coast Suns v Hawthorn Hawks,Round 15,Gold Coast Suns,Hawthorn Hawks,2026-06-19T09:40:00Z,People First Stadium
Adelaide Crows v Melbourne Demons,Round 15,Adelaide Crows,Melbourne Demons,2026-06-20T03:15:00Z,Adelaide Oval
GWS Giants v Carlton,Round 15,GWS Giants,Carlton,2026-06-20T06:15:00Z,ENGIE Stadium
Collingwood Magpies v Port Adelaide Power,Round 15,Collingwood Magpies,Port Adelaide Power,2026-06-20T09:35:00Z,MCG
Richmond Tigers v North Melbourne Kangaroos,Round 15,Richmond Tigers,North Melbourne Kangaroos,2026-06-21T03:10:00Z,MCG
St Kilda Saints v Western Bulldogs,Round 15,St Kilda Saints,Western Bulldogs,2026-06-21T05:15:00Z,Marvel Stadium
Brisbane Lions v Sydney Swans,Round 16,Brisbane Lions,Sydney Swans,2026-06-25T09:30:00Z,Gabba
Hawthorn Hawks v GWS Giants,Round 16,Hawthorn Hawks,GWS Giants,2026-06-26T09:40:00Z,MCG
Carlton v West Coast Eagles,Round 16,Carlton,West Coast Eagles,2026-06-27T03:15:00Z,Marvel Stadium
Collingwood Magpies v Richmond Tigers,Round 16,Collingwood Magpies,Richmond Tigers,2026-06-27T06:15:00Z,MCG
Port Adelaide Power v Adelaide Crows,Round 16,Port Adelaide Power,Adelaide Crows,2026-06-27T09:35:00Z,Adelaide Oval
North Melbourne Kangaroos v Essendon Bombers,Round 16,North Melbourne Kangaroos,Essendon Bombers,2026-06-28T05:15:00Z,Marvel Stadium
Fremantle Dockers v Gold Coast Suns,Round 16,Fremantle Dockers,Gold Coast Suns,2026-06-28T07:10:00Z,Optus Stadium
Geelong Cats v Brisbane Lions,Round 17,Geelong Cats,Brisbane Lions,2026-07-02T09:30:00Z,GMHBA Stadium
Sydney Swans v Western Bulldogs,Round 17,Sydney Swans,Western Bulldogs,2026-07-03T09:40:00Z,SCG
West Coast Eagles v Adelaide Crows,Round 17,West Coast Eagles,Adelaide Crows,2026-07-03T10:10:00Z,Optus Stadium
Hawthorn Hawks v Melbourne Demons,Round 17,Hawthorn Hawks,Melbourne Demons,2026-07-04T03:15:00Z,UTAS Stadium
GWS Giants v Fremantle Dockers,Round 17,GWS Giants,Fremantle Dockers,2026-07-04T03:35:00Z,Corroboree Group Oval Manuka
Gold Coast Suns v Collingwood Magpies,Round 17,Gold Coast Suns,Collingwood Magpies,2026-07-04T06:15:00Z,People First Stadium
Richmond Tigers v Carlton,Round 17,Richmond Tigers,Carlton,2026-07-04T09:35:00Z,MCG
Essendon Bombers v St Kilda Saints,Round 17,Essendon Bombers,St Kilda Saints,2026-07-05T05:15:00Z,Marvel Stadium
Port Adelaide Power v North Melbourne Kangaroos,Round 17,Port Adelaide Power,North Melbourne Kangaroos,2026-07-05T06:40:00Z,Adelaide Oval
Fremantle Dockers v Sydney Swans,Round 18,Fremantle Dockers,Sydney Swans,2026-07-09T10:10:00Z,Optus Stadium
Collingwood Magpies v North Melbourne Kangaroos,Round 18,Collingwood Magpies,North Melbourne Kangaroos,2026-07-10T09:40:00Z,Marvel Stadium
St Kilda Saints v Port Adelaide Power,Round 18,St Kilda Saints,Port Adelaide Power,2026-07-11T03:15:00Z,Marvel Stadium
GWS Giants v Geelong Cats,Round 18,GWS Giants,Geelong Cats,2026-07-11T06:15:00Z,ENGIE Stadium
Carlton v Hawthorn Hawks,Round 18,Carlton,Hawthorn Hawks,2026-07-11T09:35:00Z,MCG
Adelaide Crows v Gold Coast Suns,Round 18,Adelaide Crows,Gold Coast Suns,2026-07-11T10:10:00Z,Adelaide Oval
Western Bulldogs v West Coast Eagles,Round 18,Western Bulldogs,West Coast Eagles,2026-07-12T03:10:00Z,Marvel Stadium
Melbourne Demons v Richmond Tigers,Round 18,Melbourne Demons,Richmond Tigers,2026-07-12T05:15:00Z,MCG
Brisbane Lions v Essendon Bombers,Round 18,Brisbane Lions,Essendon Bombers,2026-07-12T06:40:00Z,Gabba
Geelong Cats v St Kilda Saints,Round 19,Geelong Cats,St Kilda Saints,2026-07-16T09:30:00Z,GMHBA Stadium
Sydney Swans v Adelaide Crows,Round 19,Sydney Swans,Adelaide Crows,2026-07-17T09:40:00Z,SCG
Port Adelaide Power v Fremantle Dockers,Round 19,Port Adelaide Power,Fremantle Dockers,2026-07-18T03:15:00Z,Adelaide Oval
North Melbourne Kangaroos v Melbourne Demons,Round 19,North Melbourne Kangaroos,Melbourne Demons,2026-07-18T06:15:00Z,Marvel Stadium
Collingwood Magpies v Carlton,Round 19,Collingwood Magpies,Carlton,2026-07-18T09:35:00Z,MCG
West Coast Eagles v Brisbane Lions,Round 19,West Coast Eagles,Brisbane Lions,2026-07-18T10:10:00Z,Optus Stadium
Richmond Tigers v Hawthorn Hawks,Round 19,Richmond Tigers,Hawthorn Hawks,2026-07-19T03:10:00Z,MCG
Gold Coast Suns v Western Bulldogs,Round 19,Gold Coast Suns,Western Bulldogs,2026-07-19T05:15:00Z,People First Stadium
Essendon Bombers v GWS Giants,Round 19,Essendon Bombers,GWS Giants,2026-07-19T06:40:00Z,Marvel Stadium
Adelaide Crows v Collingwood Magpies,Round 20,Adelaide Crows,Collingwood Magpies,2026-07-23T09:30:00Z,Adelaide Oval
Melbourne Demons v Geelong Cats,Round 20,Melbourne Demons,Geelong Cats,2026-07-24T09:40:00Z,MCG
Fremantle Dockers v West Coast Eagles,Round 20,Fremantle Dockers,West Coast Eagles,2026-07-24T10:10:00Z,Optus Stadium
Carlton v Gold Coast Suns,Round 20,Carlton,Gold Coast Suns,2026-07-25T03:05:00Z,Marvel Stadium
Hawthorn Hawks v Essendon Bombers,Round 20,Hawthorn Hawks,Essendon Bombers,2026-07-25T06:15:00Z,MCG
GWS Giants v Sydney Swans,Round 20,GWS Giants,Sydney Swans,2026-07-25T06:35:00Z,ENGIE Stadium
Western Bulldogs v Richmond Tigers,Round 20,Western Bulldogs,Richmond Tigers,2026-07-25T09:40:00Z,Marvel Stadium
Brisbane Lions v Port Adelaide Power,Round 20,Brisbane Lions,Port Adelaide Power,2026-07-26T03:10:00Z,Gabba
North Melbourne Kangaroos v St Kilda Saints,Round 20,North Melbourne Kangaroos,St Kilda Saints,2026-07-26T05:15:00Z,Marvel Stadium
Collingwood Magpies v Geelong Cats,Round 21,Collingwood Magpies,Geelong Cats,2026-07-30T09:30:00Z,MCG
Fremantle Dockers v Western Bulldogs,Round 21,Fremantle Dockers,Western Bulldogs,2026-07-31T10:10:00Z,Optus Stadium
St Kilda Saints v Sydney Swans,Round 21,St Kilda Saints,Sydney Swans,2026-08-01T03:05:00Z,Marvel Stadium
Hawthorn Hawks v North Melbourne Kangaroos,Round 21,Hawthorn Hawks,North Melbourne Kangaroos,2026-08-01T03:35:00Z,UTAS Stadium
Port Adelaide Power v GWS Giants,Round 21,Port Adelaide Power,GWS Giants,2026-08-01T08:35:00Z,Adelaide Oval
Carlton v Brisbane Lions,Round 21,Carlton,Brisbane Lions,2026-08-01T09:40:00Z,Marvel Stadium
Richmond Tigers v West Coast Eagles,Round 21,Richmond Tigers,West Coast Eagles,2026-08-02T03:10:00Z,MCG
Gold Coast Suns v Melbourne Demons,Round 21,Gold Coast Suns,Melbourne Demons,2026-08-02T05:15:00Z,People First Stadium
Essendon Bombers v Adelaide Crows,Round 21,Essendon Bombers,Adelaide Crows,2026-08-02T06:40:00Z,Marvel Stadium
Western Bulldogs v North Melbourne Kangaroos,Round 22,Western Bulldogs,North Melbourne Kangaroos,2026-08-06T09:30:00Z,Marvel Stadium
Brisbane Lions v Hawthorn Hawks,Round 22,Brisbane Lions,Hawthorn Hawks,2026-08-07T09:40:00Z,Gabba
Melbourne Demons v Fremantle Dockers,Round 22,Melbourne Demons,Fremantle Dockers,2026-08-08T03:15:00Z,MCG
Sydney Swans v Port Adelaide Power,Round 22,Sydney Swans,Port Adelaide Power,2026-08-08T06:15:00Z,SCG
Geelong Cats v Essendon Bombers,Round 22,Geelong Cats,Essendon Bombers,2026-08-08T06:35:00Z,GMHBA Stadium
Adelaide Crows v Richmond Tigers,Round 22,Adelaide Crows,Richmond Tigers,2026-08-08T09:35:00Z,Adelaide Oval
GWS Giants v Gold Coast Suns,Round 22,GWS Giants,Gold Coast Suns,2026-08-09T03:10:00Z,Corroboree Group Oval Manuka
West Coast Eagles v Collingwood Magpies,Round 22,West Coast Eagles,Collingwood Magpies,2026-08-09T06:10:00Z,Optus Stadium
St Kilda Saints v Carlton,Round 22,St Kilda Saints,Carlton,2026-08-09T09:20:00Z,Marvel Stadium
Brisbane Lions v Gold Coast Suns,Round 23,Brisbane Lions,Gold Coast Suns,2026-08-10T02:00:00Z,Gabba
Essendon Bombers v Sydney Swans,Round 23,Essendon Bombers,Sydney Swans,2026-08-10T02:00:00Z,MCG
GWS Giants v West Coast Eagles,Round 23,GWS Giants,West Coast Eagles,2026-08-10T02:00:00Z,ENGIE Stadium
Hawthorn Hawks v Collingwood Magpies,Round 23,Hawthorn Hawks,Collingwood Magpies,2026-08-10T02:00:00Z,MCG
North Melbourne Kangaroos v Geelong Cats,Round 23,North Melbourne Kangaroos,Geelong Cats,2026-08-10T02:00:00Z,Marvel Stadium
Richmond Tigers v St Kilda Saints,Round 23,Richmond Tigers,St Kilda Saints,2026-08-10T02:00:00Z,MCG
Western Bulldogs v Carlton,Round 23,Western Bulldogs,Carlton,2026-08-10T02:00:00Z,Marvel Stadium
Port Adelaide Power v Melbourne Demons,Round 23,Port Adelaide Power,Melbourne Demons,2026-08-10T02:30:00Z,Adelaide Oval
Fremantle Dockers v Adelaide Crows,Round 23,Fremantle Dockers,Adelaide Crows,2026-08-10T04:00:00Z,Optus Stadium
Collingwood Magpies v Brisbane Lions,Round 24,Collingwood Magpies,Brisbane Lions,2026-08-17T02:00:00Z,MCG
Carlton v Fremantle Dockers,Round 24,Carlton,Fremantle Dockers,2026-08-17T02:00:00Z,Marvel Stadium
Essendon Bombers v Port Adelaide Power,Round 24,Essendon Bombers,Port Adelaide Power,2026-08-17T02:00:00Z,Marvel Stadium
Geelong Cats v Richmond Tigers,Round 24,Geelong Cats,Richmond Tigers,2026-08-17T02:00:00Z,GMHBA Stadium
Melbourne Demons v Western Bulldogs,Round 24,Melbourne Demons,Western Bulldogs,2026-08-17T02:00:00Z,MCG
St Kilda Saints v Gold Coast Suns,Round 24,St Kilda Saints,Gold Coast Suns,2026-08-17T02:00:00Z,Marvel Stadium
Sydney Swans v North Melbourne Kangaroos,Round 24,Sydney Swans,North Melbourne Kangaroos,2026-08-17T02:00:00Z,SCG
Adelaide Crows v GWS Giants,Round 24,Adelaide Crows,GWS Giants,2026-08-17T02:30:00Z,Adelaide Oval
West Coast Eagles v Hawthorn Hawks,Round 24,West Coast Eagles,Hawthorn Hawks,2026-08-17T04:00:00Z,Optus Stadium
