player_name,line,emp_prob_last_3,emp_prob_last_5,emp_prob_last_7,emp_prob_last_10
Aaron Cadman,0.5,1,1,1,1
Aaron Cadman,1.5,0.6666666666666666,0.8,0.8571428571428571,0.8
Aaron Cadman,2.5,0.33333333333333337,0.4,0.5714285714285714,0.39999999999999997
Aaron Cadman,3.5,0,0.2,0.2857142857142857,0.2
Aaron Cadman,4.5,0,0.2,0.2857142857142857,0.2
Aaron Cadman,5.5,0,0.2,0.14285714285714288,0.1
Aaron Cadman,6.5,0,0,0,0
Aaron Naughton,0.5,1,1,1,0.9
Aaron Naughton,1.5,1,1,0.8571428571428571,0.8
Aaron Naughton,2.5,0.6666666666666666,0.8,0.7142857142857143,0.7
Aaron Naughton,3.5,0.6666666666666666,0.8,0.5714285714285714,0.4
Aaron Naughton,4.5,0.6666666666666666,0.8,0.5714285714285714,0.4
Aaron Naughton,5.5,0.33333333333333337,0.2,0.14285714285714288,0.10000000000000002
Aaron Naughton,6.5,0.33333333333333337,0.2,0.14285714285714288,0.10000000000000002
Adam Saad,0.5,0,0,0.14285714285714288,0.1
Adam Saad,1.5,0,0,0,0
Adam Saad,2.5,0,0,0,0
Adam Saad,3.5,0,0,0,0
Adam Saad,4.5,0,0,0,0
Adam Saad,5.5,0,0,0,0
Alex Davies,0.5,0,0.2,0.14285714285714288,0.2
Alex Davies,1.5,0,0,0,0
Alex Davies,2.5,0,0,0,0
Alex Davies,3.5,0,0,0,0
Alex Davies,4.5,0,0,0,0
Alex Davies,5.5,0,0,0,0
Alex Neal-Bullen,0.5,1,0.6,0.42857142857142855,0.5
Alex Neal-Bullen,1.5,0.33333333333333337,0.2,0.14285714285714288,0.1
Alex Neal-Bullen,2.5,0.33333333333333337,0.2,0.14285714285714288,0.1
Alex Neal-Bullen,3.5,0,0,0,0
Alex Neal-Bullen,4.5,0,0,0,0
Alex Neal-Bullen,5.5,0,0,0,0
Alex Pearce,0.5,0.33333333333333337,0.4,0.2857142857142857,0.3
Alex Pearce,1.5,0,0,0,0
Aliir Aliir,0.5,0,0,0,0
Aliir Aliir,1.5,0,0,0,0
Aliir Aliir,2.5,0,0,0,0
Aliir Aliir,3.5,0,0,0,0
Aliir Aliir,4.5,0,0,0,0
Aliir Aliir,5.5,0,0,0,0
Alixzander Tauru,0.5,0.33333333333333337,0.2,0.14285714285714288,NA
Alixzander Tauru,1.5,0,0,0,NA
Alixzander Tauru,2.5,0,0,0,NA
Alixzander Tauru,3.5,0,0,0,NA
Alixzander Tauru,4.5,0,0,0,NA
Alixzander Tauru,5.5,0,0,0,NA
Andrew Brayshaw,0.5,0,0,0.14285714285714288,0.20000000000000004
Andrew Brayshaw,1.5,0,0,0,0
Andrew Brayshaw,2.5,0,0,0,0
Andrew Brayshaw,3.5,0,0,0,0
Andrew Brayshaw,4.5,0,0,0,0
Andrew Brayshaw,5.5,0,0,0,0
Angus Sheldrick,0.5,0,0.2,0.14285714285714288,0.1
Angus Sheldrick,1.5,0,0,0,0
Angus Sheldrick,2.5,0,0,0,0
Angus Sheldrick,3.5,0,0,0,0
Angus Sheldrick,4.5,0,0,0,0
Angus Sheldrick,5.5,0,0,0,0
Anthony Caminiti,0.5,0.33333333333333337,0.2,0.14285714285714288,0.10000000000000002
Anthony Caminiti,1.5,0,0,0,0
Anthony Caminiti,2.5,0,0,0,0
Anthony Caminiti,3.5,0,0,0,0
Anthony Caminiti,4.5,0,0,0,0
Anthony Caminiti,5.5,0,0,0,0
Archer Reid,0.5,0.33333333333333337,0.2,0.14285714285714288,0.3
Archer Reid,1.5,0,0,0,0
Archer Reid,2.5,0,0,0,0
Archer Reid,3.5,0,0,0,0
Archer Reid,4.5,0,0,0,0
Archer Reid,5.5,0,0,0,0
Ashton Moir,0.5,0.6666666666666666,0.6,0.5714285714285714,NA
Ashton Moir,1.5,0.33333333333333337,0.2,0.14285714285714288,NA
Ashton Moir,2.5,0.33333333333333337,0.2,0.14285714285714288,NA
Ashton Moir,3.5,0.33333333333333337,0.2,0.14285714285714288,NA
Ashton Moir,4.5,0,0,0,NA
Ashton Moir,5.5,0,0,0,NA
Bailey Banfield,0.5,0,0,0,0
Bailey Banfield,1.5,0,0,0,0
Bailey Banfield,2.5,0,0,0,0
Bailey Banfield,3.5,0,0,0,0
Bailey Banfield,4.5,0,0,0,0
Bailey Banfield,5.5,0,0,0,0
Bailey Dale,0.5,0,0.2,0.14285714285714288,0.1
Bailey Dale,1.5,0,0.2,0.14285714285714288,0.1
Bailey Dale,2.5,0,0,0,0
Bailey Dale,3.5,0,0,0,0
Bailey Dale,4.5,0,0,0,0
Bailey Dale,5.5,0,0,0,0
Bailey Humphrey,0.5,0.6666666666666666,0.8,0.8571428571428571,0.7
Bailey Humphrey,1.5,0.6666666666666666,0.6,0.7142857142857143,0.5
Bailey Humphrey,2.5,0.6666666666666666,0.4,0.2857142857142857,0.20000000000000004
Bailey Humphrey,3.5,0,0,0,0
Bailey Humphrey,4.5,0,0,0,0
Bailey Humphrey,5.5,0,0,0,0
Bailey J. Williams,0.5,0.33333333333333337,0.6,0.5714285714285714,0.6
Bailey Scott,0.5,0,0,0,0.20000000000000004
Bailey Scott,1.5,0,0,0,0
Bailey Scott,2.5,0,0,0,0
Bailey Scott,3.5,0,0,0,0
Bailey Scott,4.5,0,0,0,0
Bailey Scott,5.5,0,0,0,0
Bailey Williams,0.5,0,0,0,0.10000000000000002
Bailey Williams,1.5,0,0,0,0
Bailey Williams,2.5,0,0,0,0
Bailey Williams,3.5,0,0,0,0
Bailey Williams,4.5,0,0,0,0
Bailey Williams,5.5,0,0,0,0
Bayley Fritsch,0.5,1,1,1,1
Bayley Fritsch,1.5,1,0.8,0.8571428571428571,0.8
Bayley Fritsch,2.5,0.6666666666666666,0.6,0.42857142857142855,0.4
Bayley Fritsch,3.5,0.33333333333333337,0.2,0.14285714285714288,0.10000000000000002
Bayley Fritsch,4.5,0,0,0,0
Bayley Fritsch,5.5,0,0,0,0
Ben Ainsworth,0.5,1,0.8,0.8571428571428571,0.7
Ben Ainsworth,1,0.33333333333333337,0.2,0.42857142857142855,0.4
Ben Ainsworth,1.5,0.33333333333333337,0.2,0.42857142857142855,0.4
Ben Ainsworth,2.5,0.33333333333333337,0.2,0.14285714285714288,0.10000000000000002
Ben Ainsworth,3.5,0,0,0,0
Ben Ainsworth,4.5,0,0,0,0
Ben Ainsworth,5.5,0,0,0,0
Ben Keays,0.5,0.6666666666666666,0.6,0.5714285714285714,0.7
Ben Keays,1.5,0.33333333333333337,0.4,0.42857142857142855,0.5
Ben Keays,2.5,0.33333333333333337,0.2,0.14285714285714288,0.3
Ben Keays,3.5,0,0,0,0
Ben Keays,4.5,0,0,0,0
Ben Keays,5.5,0,0,0,0
Ben King,0.5,1,1,1,1
Ben King,1.5,0.6666666666666666,0.8,0.8571428571428571,0.7
Ben King,2.5,0.33333333333333337,0.4,0.42857142857142855,0.3
Ben King,3.5,0.33333333333333337,0.4,0.2857142857142857,0.2
Ben King,4.5,0,0,0,0
Ben King,5.5,0,0,0,0
Ben King,6.5,0,0,0,0
Ben King,7.5,0,0,0,0
Ben Long,0.5,0.6666666666666666,0.6,0.7142857142857143,0.8
Ben Long,1.5,0.6666666666666666,0.4,0.42857142857142855,0.4
Ben Long,2.5,0.33333333333333337,0.2,0.14285714285714288,0.2
Ben Long,3.5,0.33333333333333337,0.2,0.14285714285714288,0.10000000000000002
Ben Long,4.5,0,0,0,0
Ben Long,5.5,0,0,0,0
Ben Long,6.5,0,0,0,0
Ben Miller,0.5,0,0,0,0
Ben Miller,1.5,0,0,0,0
Ben Miller,2.5,0,0,0,0
Ben Miller,3.5,0,0,0,0
Ben Miller,4.5,0,0,0,0
Ben Miller,5.5,0,0,0,0
Billy Wilson,0.5,NA,NA,NA,NA
Billy Wilson,1.5,NA,NA,NA,NA
Blake Acres,0.5,0.33333333333333337,0.4,0.42857142857142855,0.3
Blake Acres,1.5,0,0,0,0
Blake Acres,2.5,0,0,0,0
Blake Acres,3.5,0,0,0,0
Blake Acres,4.5,0,0,0,0
Blake Acres,5.5,0,0,0,0
Blake Howes,0.5,0,0,0,0
Blake Howes,1.5,0,0,0,0
Blake Howes,2.5,0,0,0,0
Blake Howes,3.5,0,0,0,0
Blake Howes,4.5,0,0,0,0
Blake Howes,5.5,0,0,0,0
Bodhi Uwland,0.5,0,0,0,0.10000000000000002
Bodhi Uwland,1.5,0,0,0,0
Bodhi Uwland,2.5,0,0,0,0
Bodhi Uwland,3.5,0,0,0,0
Bodhi Uwland,4.5,0,0,0,0
Bodhi Uwland,5.5,0,0,0,0
Bradley Hill,0.5,0.33333333333333337,0.2,0.2857142857142857,0.3
Bradley Hill,1.5,0,0,0,0
Bradley Hill,2.5,0,0,0,0
Bradley Hill,3.5,0,0,0,0
Bradley Hill,4.5,0,0,0,0
Bradley Hill,5.5,0,0,0,0
Brady Hough,0.5,0,0,0.14285714285714288,0.3
Brady Hough,1.5,0,0,0,0
Brady Hough,2.5,0,0,0,0
Brady Hough,3.5,0,0,0,0
Brady Hough,4.5,0,0,0,0
Brady Hough,5.5,0,0,0,0
Braeden Campbell,0.5,0.6666666666666666,0.4,0.42857142857142855,0.5
Braeden Campbell,1.5,0.33333333333333337,0.2,0.14285714285714288,0.10000000000000002
Braeden Campbell,2.5,0,0,0,0
Braeden Campbell,3.5,0,0,0,0
Braeden Campbell,4.5,0,0,0,0
Braeden Campbell,5.5,0,0,0,0
Brandon Starcevich,0.5,0,0,0.14285714285714288,0.1
Brandon Starcevich,1.5,0,0,0,0
Brandon Starcevich,2.5,0,0,0,0
Brandon Starcevich,3.5,0,0,0,0
Brandon Starcevich,4.5,0,0,0,0
Brandon Starcevich,5.5,0,0,0,0
Brandon Zerk-Thatcher,0.5,0,0,0,0
Brandon Zerk-Thatcher,1.5,0,0,0,0
Brayden Fiorini,0.5,0.6666666666666666,0.6,0.5714285714285714,0.39999999999999997
Brayden Fiorini,1.5,0,0,0,0
Brayden Fiorini,2.5,0,0,0,0
Brayden Fiorini,3.5,0,0,0,0
Brayden Fiorini,4.5,0,0,0,0
Brayden Fiorini,5.5,0,0,0,0
Brennan Cox,0.5,0,0,0,0
Brennan Cox,1.5,0,0,0,0
Brennan Cox,2.5,0,0,0,0
Brennan Cox,3.5,0,0,0,0
Brennan Cox,4.5,0,0,0,0
Brennan Cox,5.5,0,0,0,0
Brodie Grundy,0.5,0.33333333333333337,0.4,0.42857142857142855,0.4
Brodie Grundy,1.5,0,0,0,0
Brodie Grundy,2.5,0,0,0,0
Brodie Grundy,3.5,0,0,0,0
Brodie Grundy,4.5,0,0,0,0
Brodie Grundy,5.5,0,0,0,0
Bruce Reville,0.5,0,0.2,0.2857142857142857,0.3
Bruce Reville,1.5,0,0,0,0
Bruce Reville,2.5,0,0,0,0
Bruce Reville,3.5,0,0,0,0
Bruce Reville,4.5,0,0,0,0
Bruce Reville,5.5,0,0,0,0
Brynn Teakle,0.5,0.33333333333333337,0.2,0.42857142857142855,0.5
Brynn Teakle,1.5,0,0,0.14285714285714288,0.1
Brynn Teakle,2.5,0,0,0,0
Brynn Teakle,3.5,0,0,0,0
Brynn Teakle,4.5,0,0,0,0
Brynn Teakle,5.5,0,0,0,0
Caiden Cleary,0.5,0,0,0.14285714285714288,0.1
Caiden Cleary,1.5,0,0,0,0
Caiden Cleary,2.5,0,0,0,0
Caiden Cleary,3.5,0,0,0,0
Caiden Cleary,4.5,0,0,0,0
Caiden Cleary,5.5,0,0,0,0
Caleb Daniel,0.5,0,0,0,0
Caleb Daniel,1.5,0,0,0,0
Caleb Daniel,2.5,0,0,0,0
Caleb Daniel,3.5,0,0,0,0
Caleb Daniel,4.5,0,0,0,0
Caleb Daniel,5.5,0,0,0,0
Caleb Poulter,0.5,0.6666666666666666,0.4,0.2857142857142857,0.4
Caleb Poulter,1.5,0,0,0,0
Caleb Poulter,2.5,0,0,0,0
Caleb Poulter,3.5,0,0,0,0
Caleb Poulter,4.5,0,0,0,0
Caleb Poulter,5.5,0,0,0,0
Caleb Serong,0.5,0.33333333333333337,0.4,0.42857142857142855,0.4
Caleb Serong,1.5,0,0,0.14285714285714288,0.1
Caleb Serong,2.5,0,0,0,0
Caleb Serong,3.5,0,0,0,0
Caleb Serong,4.5,0,0,0,0
Caleb Serong,5.5,0,0,0,0
Caleb Windsor,0.5,0,0,0,0
Caleb Windsor,1.5,0,0,0,0
Caleb Windsor,2.5,0,0,0,0
Caleb Windsor,3.5,0,0,0,0
Caleb Windsor,4.5,0,0,0,0
Caleb Windsor,5.5,0,0,0,0
Callum Ah Chee,0.5,0.33333333333333337,0.4,0.42857142857142855,0.6
Callum Ah Chee,1.5,0,0,0,0.10000000000000002
Callum Ah Chee,2.5,0,0,0,0.10000000000000002
Callum Ah Chee,3.5,0,0,0,0.10000000000000002
Callum Ah Chee,4.5,0,0,0,0
Callum Ah Chee,5.5,0,0,0,0
Callum Brown,0.5,0.33333333333333337,0.6,0.7142857142857143,0.6
Callum Brown,1.5,0.33333333333333337,0.2,0.42857142857142855,0.3
Callum Brown,2.5,0,0,0.14285714285714288,0.1
Callum Brown,3.5,0,0,0,0
Callum Brown,4.5,0,0,0,0
Callum Brown,5.5,0,0,0,0
Callum M. Brown,0.5,1,0.6,0.42857142857142855,0.4
Callum M. Brown,1.5,1,0.6,0.42857142857142855,0.4
Callum M. Brown,2.5,0.6666666666666666,0.4,0.2857142857142857,0.20000000000000004
Callum M. Brown,3.5,0,0,0,0
Callum M. Brown,4.5,0,0,0,0
Callum M. Brown,5.5,0,0,0,0
Callum Mills,0.5,0.33333333333333337,0.2,0.14285714285714288,0.2
Callum Mills,1.5,0,0,0,0
Callum Mills,2.5,0,0,0,0
Callum Mills,3.5,0,0,0,0
Callum Mills,4.5,0,0,0,0
Callum Mills,5.5,0,0,0,0
Callum Wilkie,0.5,0,0,0,0
Callum Wilkie,1.5,0,0,0,0
Cam Rayner,0.5,1,0.8,0.8571428571428571,0.9
Cam Rayner,1.5,0.6666666666666666,0.6,0.5714285714285714,0.6
Cam Rayner,2.5,0.33333333333333337,0.2,0.2857142857142857,0.2
Cam Rayner,3.5,0,0,0,0
Cam Rayner,4.5,0,0,0,0
Cam Rayner,5.5,0,0,0,0
Cameron Rayner,0.5,0.33333333333333337,0.6,0.7142857142857143,0.7
Cameron Rayner,1.5,0,0.2,0.42857142857142855,0.39999999999999997
Cameron Rayner,2.5,0,0,0.14285714285714288,0.1
Cameron Zurhaar,0.5,0.6666666666666666,0.8,0.7142857142857143,0.7
Cameron Zurhaar,1.5,0.6666666666666666,0.8,0.7142857142857143,0.7
Cameron Zurhaar,2.5,0.33333333333333337,0.4,0.42857142857142855,0.4
Cameron Zurhaar,3.5,0,0,0,0
Cameron Zurhaar,4.5,0,0,0,0
Cameron Zurhaar,5.5,0,0,0,0
Campbell Chesser,0.5,0.33333333333333337,0.2,0.2857142857142857,0.2
Campbell Chesser,1.5,0,0,0,0
Campbell Chesser,2.5,0,0,0,0
Campbell Chesser,3.5,0,0,0,0
Campbell Chesser,4.5,0,0,0,0
Campbell Chesser,5.5,0,0,0,0
Chad Warner,0.5,0.33333333333333337,0.4,0.42857142857142855,0.5
Chad Warner,1.5,0,0,0,0.1
Chad Warner,2.5,0,0,0,0
Chad Warner,3.5,0,0,0,0
Chad Warner,4.5,0,0,0,0
Chad Warner,5.5,0,0,0,0
Charlie Cameron,0.5,0.33333333333333337,0.6,0.42857142857142855,0.6
Charlie Cameron,1.5,0,0.39999999999999997,0.2857142857142857,0.39999999999999997
Charlie Cameron,2.5,0,0.39999999999999997,0.2857142857142857,0.3
Charlie Cameron,3.5,0,0,0,0
Charlie Cameron,4.5,0,0,0,0
Charlie Cameron,5.5,0,0,0,0
Charlie Comben,0.5,0,0,0,0
Charlie Comben,1.5,0,0,0,0
Charlie Comben,2.5,0,0,0,0
Charlie Comben,3.5,0,0,0,0
Charlie Comben,4.5,0,0,0,0
Charlie Comben,5.5,0,0,0,0
Chayce Jones,0.5,0,0,0,0.20000000000000004
Chayce Jones,1.5,0,0,0,0.10000000000000002
Chayce Jones,2.5,0,0,0,0.10000000000000002
Chayce Jones,3.5,0,0,0,0
Chayce Jones,4.5,0,0,0,0
Chayce Jones,5.5,0,0,0,0
Chris Burgess,0.5,0.6666666666666666,0.6,0.5714285714285714,0.39999999999999997
Chris Burgess,1.5,0.33333333333333337,0.2,0.2857142857142857,0.2
Chris Burgess,2.5,0.33333333333333337,0.2,0.14285714285714288,0.10000000000000002
Chris Burgess,3.5,0,0,0,0
Chris Burgess,4.5,0,0,0,0
Chris Burgess,5.5,0,0,0,0
Christian Moraes,0.5,0.33333333333333337,0.2,0.14285714285714288,0.10000000000000002
Christian Moraes,1.5,0,0,0,0
Christian Moraes,2.5,0,0,0,0
Christian Moraes,3.5,0,0,0,0
Christian Moraes,4.5,0,0,0,0
Christian Moraes,5.5,0,0,0,0
Christian Petracca,0.5,0.6666666666666666,0.6,0.42857142857142855,0.5
Christian Petracca,1.5,0,0,0,0.10000000000000002
Christian Petracca,2.5,0,0,0,0
Christian Petracca,3.5,0,0,0,0
Christian Petracca,4.5,0,0,0,0
Christian Petracca,5.5,0,0,0,0
Christian Salem,0.5,0,0,0,0.10000000000000002
Christian Salem,1.5,0,0,0,0
Christian Salem,2.5,0,0,0,0
Christian Salem,3.5,0,0,0,0
Christian Salem,4.5,0,0,0,0
Christian Salem,5.5,0,0,0,0
Clay Hall,0.5,0.33333333333333337,0.2,0.14285714285714288,0.2
Clay Hall,1.5,0,0,0,0
Clay Hall,2.5,0,0,0,0
Clay Hall,3.5,0,0,0,0
Clay Hall,4.5,0,0,0,0
Clay Hall,5.5,0,0,0,0
Clayton Oliver,0.5,0,0,0,0.10000000000000002
Clayton Oliver,1.5,0,0,0,0
Clayton Oliver,2.5,0,0,0,0
Clayton Oliver,3.5,0,0,0,0
Clayton Oliver,4.5,0,0,0,0
Clayton Oliver,5.5,0,0,0,0
Colby McKercher,0.5,0.6666666666666666,0.6,0.5714285714285714,0.39999999999999997
Colby McKercher,1.5,0,0,0.14285714285714288,0.1
Colby McKercher,2.5,0,0,0,0
Colby McKercher,3.5,0,0,0,0
Colby McKercher,4.5,0,0,0,0
Colby McKercher,5.5,0,0,0,0
Connor Budarick,0.5,0.33333333333333337,0.4,0.42857142857142855,0.3
Connor Budarick,1.5,0,0,0,0
Connor Budarick,2.5,0,0,0,0
Connor Budarick,3.5,0,0,0,0
Connor Budarick,4.5,0,0,0,0
Connor Budarick,5.5,0,0,0,0
Connor Idun,0.5,0,0,0,0
Connor Idun,1.5,0,0,0,0
Connor Idun,2.5,0,0,0,0
Connor Idun,3.5,0,0,0,0
Connor Idun,4.5,0,0,0,0
Connor Idun,5.5,0,0,0,0
Connor Rozee,0.5,0,0,0.14285714285714288,0.20000000000000004
Connor Rozee,1.5,0,0,0,0
Connor Rozee,2.5,0,0,0,0
Connor Rozee,3.5,0,0,0,0
Connor Rozee,4.5,0,0,0,0
Connor Rozee,5.5,0,0,0,0
Cooper Harvey,0.5,0.6666666666666666,0.6,0.5714285714285714,NA
Cooper Harvey,1.5,0.6666666666666666,0.4,0.2857142857142857,NA
Cooper Harvey,2.5,0.33333333333333337,0.2,0.14285714285714288,NA
Cooper Harvey,3.5,0.33333333333333337,0.2,0.14285714285714288,NA
Cooper Harvey,4.5,0,0,0,NA
Cooper Harvey,5.5,0,0,0,NA
Cooper Lord,0.5,0,0,0,0.10000000000000002
Cooper Lord,1.5,0,0,0,0
Cooper Lord,2.5,0,0,0,0
Cooper Lord,3.5,0,0,0,0
Cooper Lord,4.5,0,0,0,0
Cooper Lord,5.5,0,0,0,0
Cooper Sharman,0.5,1,1,0.8571428571428571,0.8
Cooper Sharman,1.5,0.6666666666666666,0.6,0.42857142857142855,0.4
Cooper Sharman,2.5,0,0,0,0.10000000000000002
Cooper Sharman,3.5,0,0,0,0
Cooper Sharman,4.5,0,0,0,0
Cooper Sharman,5.5,0,0,0,0
Corey Durdin,0.5,0.6666666666666666,0.6,0.5714285714285714,0.6
Corey Durdin,1.5,0,0,0,0.10000000000000002
Corey Durdin,2.5,0,0,0,0
Corey Durdin,3.5,0,0,0,0
Corey Durdin,4.5,0,0,0,0
Corey Durdin,5.5,0,0,0,0
Dane Rampe,0.5,0,0,0,0
Dane Rampe,1.5,0,0,0,0
Dane Rampe,2.5,0,0,0,0
Dane Rampe,3.5,0,0,0,0
Dane Rampe,4.5,0,0,0,0
Dane Rampe,5.5,0,0,0,0
Daniel Curtin,0.5,0.33333333333333337,0.6,0.7142857142857143,0.5
Daniel Curtin,1.5,0,0,0.14285714285714288,0.1
Daniel Curtin,2.5,0,0,0,0
Daniel Curtin,3.5,0,0,0,0
Daniel Curtin,4.5,0,0,0,0
Daniel Curtin,5.5,0,0,0,0
Daniel Turner,0.5,0,0,0.14285714285714288,0.1
Daniel Turner,1.5,0,0,0,0
Daniel Turner,2.5,0,0,0,0
Daniel Turner,3.5,0,0,0,0
Daniel Turner,4.5,0,0,0,0
Daniel Turner,5.5,0,0,0,0
Darcy Byrne-Jones,0.5,0,0.2,0.42857142857142855,0.39999999999999997
Darcy Byrne-Jones,1.5,0,0.2,0.2857142857142857,0.3
Darcy Byrne-Jones,2.5,0,0,0,0
Darcy Byrne-Jones,3.5,0,0,0,0
Darcy Byrne-Jones,4.5,0,0,0,0
Darcy Byrne-Jones,5.5,0,0,0,0
Darcy Fogarty,0.5,0.6666666666666666,0.8,0.7142857142857143,0.7
Darcy Fogarty,1.5,0,0.39999999999999997,0.2857142857142857,0.3
Darcy Fogarty,2.5,0,0.2,0.14285714285714288,0.1
Darcy Fogarty,3.5,0,0,0,0
Darcy Fogarty,4.5,0,0,0,0
Darcy Fogarty,5.5,0,0,0,0
Darcy Fogarty,6.5,0,0,0,0
Darcy Fogarty,7.5,0,0,0,0
Darcy Fort,0.5,0,0.39999999999999997,0.2857142857142857,0.2
Darcy Fort,1.5,0,0,0,0
Darcy Fort,2.5,0,0,0,0
Darcy Fort,3.5,0,0,0,0
Darcy Fort,4.5,0,0,0,0
Darcy Fort,5.5,0,0,0,0
Darcy Gardiner,0.5,0,0,0.14285714285714288,0.3
Darcy Gardiner,1.5,0,0,0,0.1
Darcy Gardiner,2.5,0,0,0,0.1
Darcy Gardiner,3.5,0,0,0,0.1
Darcy Gardiner,4.5,0,0,0,0
Darcy Gardiner,5.5,0,0,0,0
Darcy Jones,0.5,0.33333333333333337,0.6,0.5714285714285714,0.5
Darcy Jones,1,0,0.2,0.14285714285714288,0.1
Darcy Jones,1.5,0,0.2,0.14285714285714288,0.1
Darcy Jones,2.5,0,0,0,0
Darcy Jones,3.5,0,0,0,0
Darcy Jones,4.5,0,0,0,0
Darcy Jones,5.5,0,0,0,0
Darcy Wilmot,0.5,0.33333333333333337,0.2,0.2857142857142857,0.3
Darcy Wilmot,1.5,0,0,0,0
Darcy Wilmot,2.5,0,0,0,0
Darcy Wilmot,3.5,0,0,0,0
Darcy Wilmot,4.5,0,0,0,0
Darcy Wilmot,5.5,0,0,0,0
Darcy Wilson,0.5,0,0.2,0.2857142857142857,0.5
Darcy Wilson,1.5,0,0.2,0.2857142857142857,0.2
Darcy Wilson,2.5,0,0,0,0
Darcy Wilson,3.5,0,0,0,0
Darcy Wilson,4.5,0,0,0,0
Darcy Wilson,5.5,0,0,0,0
Dayne Zorko,0.5,0,0,0,0
Dayne Zorko,1.5,0,0,0,0
Dayne Zorko,2.5,0,0,0,0
Dayne Zorko,3.5,0,0,0,0
Dayne Zorko,4.5,0,0,0,0
Dayne Zorko,5.5,0,0,0,0
Dion Prestia,0.5,0,0,0,0.20000000000000004
Dion Prestia,1.5,0,0,0,0
Dion Prestia,2.5,0,0,0,0
Dion Prestia,3.5,0,0,0,0
Dion Prestia,4.5,0,0,0,0
Dion Prestia,5.5,0,0,0,0
Dylan Stephens,0.5,0,0,0.14285714285714288,0.1
Dylan Stephens,1.5,0,0,0,0
Dylan Stephens,2.5,0,0,0,0
Dylan Stephens,3.5,0,0,0,0
Dylan Stephens,4.5,0,0,0,0
Dylan Stephens,5.5,0,0,0,0
Ed Langdon,0.5,0.33333333333333337,0.4,0.2857142857142857,0.20000000000000004
Ed Langdon,1.5,0,0,0,0
Ed Langdon,2.5,0,0,0,0
Ed Langdon,3.5,0,0,0,0
Ed Langdon,4.5,0,0,0,0
Ed Langdon,5.5,0,0,0,0
Ed Richards,0.5,0.6666666666666666,0.6,0.5714285714285714,0.7
Ed Richards,1.5,0.33333333333333337,0.4,0.2857142857142857,0.3
Ed Richards,2.5,0,0,0,0
Ed Richards,3.5,0,0,0,0
Ed Richards,4.5,0,0,0,0
Ed Richards,5.5,0,0,0,0
Elijah Hewett,0.5,0.33333333333333337,0.2,0.42857142857142855,0.5
Elijah Hewett,1.5,0,0,0,0
Elijah Hewett,2.5,0,0,0,0
Elijah Hewett,3.5,0,0,0,0
Elijah Hewett,4.5,0,0,0,0
Elijah Hewett,5.5,0,0,0,0
Eric Hipwood,0.5,0.33333333333333337,0.6,0.42857142857142855,0.4
Eric Hipwood,1.5,0,0,0,0
Eric Hipwood,2.5,0,0,0,0
Eric Hipwood,3.5,0,0,0,0
Eric Hipwood,4.5,0,0,0,0
Eric Hipwood,5.5,0,0,0,0
Errol Gulden,0.5,0.6666666666666666,0.8,0.5714285714285714,0.4
Errol Gulden,1.5,0,0,0,0
Errol Gulden,2.5,0,0,0,0
Errol Gulden,3.5,0,0,0,0
Errol Gulden,4.5,0,0,0,0
Errol Gulden,5.5,0,0,0,0
Ethan Read,0.5,1,1,0.8571428571428571,0.7
Ethan Read,1.5,0.33333333333333337,0.4,0.2857142857142857,0.2
Ethan Read,2.5,0,0.2,0.14285714285714288,0.1
Ethan Read,3.5,0,0,0,0
Ethan Read,4.5,0,0,0,0
Ethan Read,5.5,0,0,0,0
Finn Callaghan,0.5,0.33333333333333337,0.4,0.2857142857142857,0.2
Finn Callaghan,1.5,0,0,0,0
Finn Callaghan,2.5,0,0,0,0
Finn Callaghan,3.5,0,0,0,0
Finn Callaghan,4.5,0,0,0,0
Finn Callaghan,5.5,0,0,0,0
Finn O'Sullivan,0.5,0,0,0,0.10000000000000002
Finn O'Sullivan,1.5,0,0,0,0
Flynn Young,0.5,0.33333333333333337,0.2,NA,NA
Flynn Young,1.5,0,0,NA,NA
Flynn Young,2.5,0,0,NA,NA
Flynn Young,3.5,0,0,NA,NA
Flynn Young,4.5,0,0,NA,NA
Flynn Young,5.5,0,0,NA,NA
Francis Evans,0.5,0.6666666666666666,0.4,0.42857142857142855,0.3
Francis Evans,1.5,0.33333333333333337,0.2,0.14285714285714288,0.10000000000000002
Francis Evans,2.5,0,0,0,0
Francis Evans,3.5,0,0,0,0
Francis Evans,4.5,0,0,0,0
Francis Evans,5.5,0,0,0,0
George Hewett,0.5,0,0.2,0.14285714285714288,0.1
George Hewett,1.5,0,0,0,0
George Hewett,2.5,0,0,0,0
George Hewett,3.5,0,0,0,0
George Hewett,4.5,0,0,0,0
George Hewett,5.5,0,0,0,0
George Wardlaw,0.5,0.33333333333333337,0.2,0.14285714285714288,0.4
George Wardlaw,1.5,0,0,0,0
George Wardlaw,2.5,0,0,0,0
George Wardlaw,3.5,0,0,0,0
George Wardlaw,4.5,0,0,0,0
George Wardlaw,5.5,0,0,0,0
Griffin Logue,0.5,0,0,0,0
Griffin Logue,1.5,0,0,0,0
Hamish Davis,0.5,0,0,NA,NA
Hamish Davis,1.5,0,0,NA,NA
Hamish Davis,2.5,0,0,NA,NA
Hamish Davis,3.5,0,0,NA,NA
Hamish Davis,4.5,0,0,NA,NA
Hamish Davis,5.5,0,0,NA,NA
Harris Andrews,0.5,0,0,0,0
Harris Andrews,1.5,0,0,0,0
Harris Andrews,2.5,0,0,0,0
Harris Andrews,3.5,0,0,0,0
Harris Andrews,4.5,0,0,0,0
Harris Andrews,5.5,0,0,0,0
Harrison Petty,0.5,0.6666666666666666,0.8,0.8571428571428571,0.7
Harrison Petty,1.5,0.33333333333333337,0.2,0.14285714285714288,0.2
Harrison Petty,2.5,0.33333333333333337,0.2,0.14285714285714288,0.10000000000000002
Harrison Petty,3.5,0,0,0,0
Harrison Petty,4.5,0,0,0,0
Harrison Petty,5.5,0,0,0,0
Harry Armstrong,0.5,0.6666666666666666,0.6,NA,NA
Harry Armstrong,1.5,0.33333333333333337,0.4,NA,NA
Harry Armstrong,2.5,0,0,NA,NA
Harry Armstrong,3.5,0,0,NA,NA
Harry Armstrong,4.5,0,0,NA,NA
Harry Armstrong,5.5,0,0,NA,NA
Harry Cunningham,0.5,0,0,0,0
Harry Cunningham,1.5,0,0,0,0
Harry Cunningham,2.5,0,0,0,0
Harry Cunningham,3.5,0,0,0,0
Harry Cunningham,4.5,0,0,0,0
Harry Cunningham,5.5,0,0,0,0
Harry Himmelberg,0.5,0.33333333333333337,0.2,0.2857142857142857,0.2
Harry Himmelberg,1.5,0,0,0,0
Harry Himmelberg,2.5,0,0,0,0
Harry Himmelberg,3.5,0,0,0,0
Harry Himmelberg,4.5,0,0,0,0
Harry Himmelberg,5.5,0,0,0,0
Harry McKay,0.5,0.6666666666666666,0.8,0.7142857142857143,0.7
Harry McKay,1.5,0,0.39999999999999997,0.42857142857142855,0.39999999999999997
Harry McKay,2.5,0,0.2,0.2857142857142857,0.3
Harry McKay,3.5,0,0,0,0
Harry McKay,4.5,0,0,0,0
Harry McKay,5.5,0,0,0,0
Harry Rowston,0.5,0,0,0,0.1
Harry Rowston,1.5,0,0,0,0
Harry Rowston,2.5,0,0,0,0
Harry Rowston,3.5,0,0,0,0
Harry Rowston,4.5,0,0,0,0
Harry Rowston,5.5,0,0,0,0
Harry Sheezel,0.5,0.6666666666666666,0.6,0.5714285714285714,0.5
Harry Sheezel,1.5,0,0,0,0
Harry Sheezel,2.5,0,0,0,0
Harry Sheezel,3.5,0,0,0,0
Harry Sheezel,4.5,0,0,0,0
Harry Sheezel,5.5,0,0,0,0
Harvey Langford,0.5,0.6666666666666666,0.4,0.2857142857142857,0.20000000000000004
Harvey Langford,1.5,0.33333333333333337,0.2,0.14285714285714288,0.10000000000000002
Harvey Langford,2.5,0.33333333333333337,0.2,0.14285714285714288,0.10000000000000002
Harvey Langford,3.5,0,0,0,0
Harvey Langford,4.5,0,0,0,0
Harvey Langford,5.5,0,0,0,0
Harvey Thomas,0.5,0,0.2,0.2857142857142857,0.3
Harvey Thomas,1.5,0,0,0,0
Harvey Thomas,2.5,0,0,0,0
Harvey Thomas,3.5,0,0,0,0
Harvey Thomas,4.5,0,0,0,0
Harvey Thomas,5.5,0,0,0,0
Hayden McLean,0.5,0.6666666666666666,0.6,0.7142857142857143,0.8
Hayden McLean,1,0,0.2,0.14285714285714288,0.2
Hayden McLean,1.5,0,0.2,0.14285714285714288,0.2
Hayden McLean,2.5,0,0.2,0.14285714285714288,0.1
Hayden McLean,3.5,0,0,0,0
Hayden McLean,4.5,0,0,0,0
Hayden McLean,5.5,0,0,0,0
Heath Chapman,0.5,0,0,0,0
Heath Chapman,1.5,0,0,0,0
Heath Chapman,2.5,0,0,0,0
Heath Chapman,3.5,0,0,0,0
Heath Chapman,4.5,0,0,0,0
Heath Chapman,5.5,0,0,0,0
Henry Smith,0.5,0.33333333333333337,0.2,NA,NA
Henry Smith,1.5,0.33333333333333337,0.2,NA,NA
Henry Smith,2.5,0.33333333333333337,0.2,NA,NA
Henry Smith,3.5,0,0,NA,NA
Henry Smith,4.5,0,0,NA,NA
Henry Smith,5.5,0,0,NA,NA
Hudson O'Keeffe,0.5,NA,NA,NA,NA
Hudson O'Keeffe,1.5,NA,NA,NA,NA
Hudson O'Keeffe,2.5,NA,NA,NA,NA
Hudson O'Keeffe,3.5,NA,NA,NA,NA
Hugh Bond,0.5,0,0,0,NA
Hugh Bond,1.5,0,0,0,NA
Hugh Bond,2.5,0,0,0,NA
Hugh Bond,3.5,0,0,0,NA
Hugh Bond,4.5,0,0,0,NA
Hugh Bond,5.5,0,0,0,NA
Hugh Boxshall,0.5,0.33333333333333337,0.4,0.2857142857142857,NA
Hugh Boxshall,1.5,0,0,0,NA
Hugh Boxshall,2.5,0,0,0,NA
Hugh Boxshall,3.5,0,0,0,NA
Hugh Boxshall,4.5,0,0,0,NA
Hugh Boxshall,5.5,0,0,0,NA
Hugh McCluggage,0.5,0.33333333333333337,0.6,0.7142857142857143,0.6
Hugh McCluggage,1.5,0,0,0,0
Hugh McCluggage,2.5,0,0,0,0
Hugh McCluggage,3.5,0,0,0,0
Hugh McCluggage,4.5,0,0,0,0
Hugh McCluggage,5.5,0,0,0,0
Hugo Garcia,0.5,0.33333333333333337,0.2,0.2857142857142857,0.2
Hugo Garcia,1.5,0,0,0,0
Hugo Garcia,2.5,0,0,0,0
Hugo Garcia,3.5,0,0,0,0
Hugo Garcia,4.5,0,0,0,0
Hugo Garcia,5.5,0,0,0,0
Hunter Clark,0.5,0,0,0,0.10000000000000002
Hunter Clark,1.5,0,0,0,0
Hunter Clark,2.5,0,0,0,0
Hunter Clark,3.5,0,0,0,0
Hunter Clark,4.5,0,0,0,0
Hunter Clark,5.5,0,0,0,0
Isaac Cumming,0.5,0.33333333333333337,0.2,0.2857142857142857,0.3
Isaac Cumming,1.5,0,0,0,0.1
Isaac Cumming,2.5,0,0,0,0
Isaac Cumming,3.5,0,0,0,0
Isaac Cumming,4.5,0,0,0,0
Isaac Cumming,5.5,0,0,0,0
Isaac Heeney,0.5,1,0.8,0.8571428571428571,0.9
Isaac Heeney,1.5,0.33333333333333337,0.2,0.42857142857142855,0.4
Isaac Heeney,2.5,0.33333333333333337,0.2,0.2857142857142857,0.3
Isaac Heeney,3.5,0.33333333333333337,0.2,0.2857142857142857,0.2
Isaac Heeney,4.5,0.33333333333333337,0.2,0.2857142857142857,0.2
Isaac Heeney,5.5,0,0,0,0
Isaiah Dudley,0.5,0.6666666666666666,0.8,0.7142857142857143,0.7
Isaiah Dudley,1.5,0.33333333333333337,0.2,0.2857142857142857,0.2
Isaiah Dudley,2.5,0,0,0,0
Isaiah Dudley,3.5,0,0,0,0
Isaiah Dudley,4.5,0,0,0,0
Isaiah Dudley,5.5,0,0,0,0
Izak Rankine,0.5,1,1,1,0.9
Izak Rankine,1.5,0.6666666666666666,0.6,0.42857142857142855,0.29999999999999993
Izak Rankine,2.5,0.33333333333333337,0.4,0.2857142857142857,0.2
Izak Rankine,3.5,0,0.2,0.14285714285714288,0.1
Izak Rankine,4.5,0,0.2,0.14285714285714288,0.1
Izak Rankine,5.5,0,0,0,0
Izak Rankine,6.5,0,0,0,0
Jack Buller,0.5,0.6666666666666666,0.6,0.5714285714285714,NA
Jack Buller,1.5,0.33333333333333337,0.4,0.2857142857142857,NA
Jack Buller,2.5,0,0,0,NA
Jack Buller,3.5,0,0,0,NA
Jack Buller,4.5,0,0,0,NA
Jack Buller,5.5,0,0,0,NA
Jack Darling,0.5,1,0.8,0.8571428571428571,0.7
Jack Darling,1.5,0,0.2,0.14285714285714288,0.2
Jack Darling,2.5,0,0.2,0.14285714285714288,0.1
Jack Darling,3.5,0,0,0,0
Jack Darling,4.5,0,0,0,0
Jack Darling,5.5,0,0,0,0
Jack Graham,0.5,0.33333333333333337,0.2,0.2857142857142857,0.2
Jack Graham,1.5,0,0,0,0
Jack Graham,2.5,0,0,0,0
Jack Graham,3.5,0,0,0,0
Jack Graham,4.5,0,0,0,0
Jack Graham,5.5,0,0,0,0
Jack Higgins,0.5,1,0.8,0.7142857142857143,0.7
Jack Higgins,1.5,1,0.8,0.5714285714285714,0.4
Jack Higgins,2.5,0.33333333333333337,0.2,0.14285714285714288,0.10000000000000002
Jack Higgins,3.5,0.33333333333333337,0.2,0.14285714285714288,0.10000000000000002
Jack Higgins,4.5,0,0,0,0
Jack Higgins,5.5,0,0,0,0
Jack Lukosius,0.5,0.33333333333333337,0.4,0.5714285714285714,0.5
Jack Lukosius,1.5,0.33333333333333337,0.4,0.42857142857142855,0.4
Jack Lukosius,2.5,0,0.2,0.14285714285714288,0.1
Jack Lukosius,3.5,0,0,0,0
Jack Lukosius,4.5,0,0,0,0
Jack Lukosius,5.5,0,0,0,0
Jack Macrae,0.5,0,0.2,0.14285714285714288,0.1
Jack Macrae,1.5,0,0,0,0
Jack Macrae,2.5,0,0,0,0
Jack Macrae,3.5,0,0,0,0
Jack Macrae,4.5,0,0,0,0
Jack Macrae,5.5,0,0,0,0
Jack Ross,0.5,0,0,0.14285714285714288,0.1
Jack Ross,1.5,0,0,0,0
Jack Ross,2.5,0,0,0,0
Jack Ross,3.5,0,0,0,0
Jack Ross,4.5,0,0,0,0
Jack Ross,5.5,0,0,0,0
Jack Sinclair,0.5,0,0.2,0.14285714285714288,0.2
Jack Sinclair,1.5,0,0,0,0
Jack Sinclair,2.5,0,0,0,0
Jack Sinclair,3.5,0,0,0,0
Jack Sinclair,4.5,0,0,0,0
Jack Sinclair,5.5,0,0,0,0
Jack Steele,0.5,0.33333333333333337,0.4,0.2857142857142857,0.3
Jack Steele,1.5,0,0,0,0
Jack Steele,2.5,0,0,0,0
Jack Steele,3.5,0,0,0,0
Jack Steele,4.5,0,0,0,0
Jack Steele,5.5,0,0,0,0
Jack Viney,0.5,0.6666666666666666,0.4,0.2857142857142857,0.4
Jack Viney,1.5,0,0,0,0
Jack Viney,2.5,0,0,0,0
Jack Viney,3.5,0,0,0,0
Jack Viney,4.5,0,0,0,0
Jack Viney,5.5,0,0,0,0
Jackson Mead,0.5,0.33333333333333337,0.2,0.14285714285714288,0.10000000000000002
Jackson Mead,1.5,0,0,0,0
Jackson Mead,2.5,0,0,0,0
Jackson Mead,3.5,0,0,0,0
Jackson Mead,4.5,0,0,0,0
Jackson Mead,5.5,0,0,0,0
Jacob Hopper,0.5,0.33333333333333337,0.4,0.42857142857142855,0.4
Jacob Hopper,1.5,0.33333333333333337,0.2,0.14285714285714288,0.1
Jacob Hopper,2.5,0,0,0,0
Jacob Hopper,3.5,0,0,0,0
Jacob Hopper,4.5,0,0,0,0
Jacob Hopper,5.5,0,0,0,0
Jacob Konstanty,0.5,0,0,0.14285714285714288,0.3
Jacob Konstanty,1.5,0,0,0,0
Jacob Konstanty,2.5,0,0,0,0
Jacob Konstanty,3.5,0,0,0,0
Jacob Konstanty,4.5,0,0,0,0
Jacob Konstanty,5.5,0,0,0,0
Jacob Weitering,0.5,0,0,0,0
Jacob Weitering,1.5,0,0,0,0
Jacob Weitering,2.5,0,0,0,0
Jacob Weitering,3.5,0,0,0,0
Jacob Weitering,4.5,0,0,0,0
Jacob Weitering,5.5,0,0,0,0
Jacob van Rooyen,0.5,0.6666666666666666,0.8,0.7142857142857143,0.6
Jacob van Rooyen,1.5,0.33333333333333337,0.4,0.42857142857142855,0.3
Jacob van Rooyen,2.5,0,0,0,0
Jacob van Rooyen,3.5,0,0,0,0
Jacob van Rooyen,4.5,0,0,0,0
Jacob van Rooyen,5.5,0,0,0,0
Jaeger O'Meara,0.5,0.33333333333333337,0.4,0.2857142857142857,0.2
Jaeger O'Meara,1.5,0,0,0,0
Jaeger O'Meara,2.5,0,0,0,0
Jai Culley,0.5,0.6666666666666666,0.4,0.5714285714285714,0.39999999999999997
Jai Culley,1.5,0.33333333333333337,0.2,0.2857142857142857,0.2
Jai Culley,2.5,0,0,0.14285714285714288,0.1
Jai Culley,3.5,0,0,0.14285714285714288,0.1
Jai Culley,4.5,0,0,0,0
Jai Culley,5.5,0,0,0,0
Jake Bowey,0.5,0,0,0,0
Jake Bowey,1.5,0,0,0,0
Jake Bowey,2.5,0,0,0,0
Jake Bowey,3.5,0,0,0,0
Jake Bowey,4.5,0,0,0,0
Jake Bowey,5.5,0,0,0,0
Jake Lloyd,0.5,0,0.39999999999999997,0.42857142857142855,0.3
Jake Lloyd,1.5,0,0.39999999999999997,0.2857142857142857,0.2
Jake Lloyd,2.5,0,0.2,0.14285714285714288,0.1
Jake Lloyd,3.5,0,0,0,0
Jake Lloyd,4.5,0,0,0,0
Jake Lloyd,5.5,0,0,0,0
Jake Melksham,0.5,1,1,0.8571428571428571,0.9
Jake Melksham,1.5,0.33333333333333337,0.6,0.5714285714285714,0.5
Jake Melksham,2.5,0,0.39999999999999997,0.42857142857142855,0.39999999999999997
Jake Melksham,3.5,0,0.39999999999999997,0.42857142857142855,0.3
Jake Melksham,4.5,0,0.2,0.2857142857142857,0.2
Jake Melksham,5.5,0,0,0,0
Jake Riccardi,0.5,0.6666666666666666,0.8,0.7142857142857143,0.8
Jake Riccardi,1.5,0.6666666666666666,0.4,0.42857142857142855,0.6
Jake Riccardi,2.5,0,0,0,0.10000000000000002
Jake Riccardi,3.5,0,0,0,0
Jake Riccardi,4.5,0,0,0,0
Jake Riccardi,5.5,0,0,0,0
Jake Soligo,0.5,1,0.6,0.42857142857142855,0.4
Jake Soligo,1.5,0.33333333333333337,0.2,0.14285714285714288,0.10000000000000002
Jake Soligo,2.5,0,0,0,0
Jake Soligo,3.5,0,0,0,0
Jake Soligo,4.5,0,0,0,0
Jake Soligo,5.5,0,0,0,0
Jake Stringer,0.5,1,1,1,0.9
Jake Stringer,1.5,0.6666666666666666,0.6,0.7142857142857143,0.6
Jake Stringer,2,0.6666666666666666,0.6,0.42857142857142855,0.4
Jake Stringer,2.5,0.6666666666666666,0.6,0.42857142857142855,0.4
Jake Stringer,3.5,0,0.2,0.14285714285714288,0.1
Jake Stringer,4.5,0,0,0,0
Jake Stringer,5.5,0,0,0,0
James Jordon,0.5,0,0.39999999999999997,0.42857142857142855,0.39999999999999997
James Jordon,1.5,0,0.2,0.14285714285714288,0.2
James Jordon,2.5,0,0,0,0.1
James Jordon,3.5,0,0,0,0
James Jordon,4.5,0,0,0,0
James Jordon,5.5,0,0,0,0
James O'Donnell,0.5,0,0.2,0.14285714285714288,0.1
James O'Donnell,1.5,0,0,0,0
James Peatling,0.5,0.6666666666666666,0.4,0.2857142857142857,0.3
James Peatling,1.5,0,0,0,0.10000000000000002
James Peatling,2.5,0,0,0,0
James Peatling,3.5,0,0,0,0
James Peatling,4.5,0,0,0,0
James Peatling,5.5,0,0,0,0
James Rowbottom,0.5,0.33333333333333337,0.4,0.42857142857142855,0.3
James Rowbottom,1.5,0,0,0,0
James Rowbottom,2.5,0,0,0,0
James Rowbottom,3.5,0,0,0,0
James Rowbottom,4.5,0,0,0,0
James Rowbottom,5.5,0,0,0,0
James Trezise,0.5,0.33333333333333337,0.2,0.2857142857142857,0.2
James Trezise,1.5,0,0,0,0
James Trezise,2.5,0,0,0,0
James Trezise,3.5,0,0,0,0
James Trezise,4.5,0,0,0,0
James Trezise,5.5,0,0,0,0
Jamie Cripps,0.5,1,0.8,0.7142857142857143,0.7
Jamie Cripps,1.5,0.6666666666666666,0.4,0.2857142857142857,0.3
Jamie Cripps,2.5,0,0,0,0.10000000000000002
Jamie Cripps,3.5,0,0,0,0
Jamie Cripps,4.5,0,0,0,0
Jamie Cripps,5.5,0,0,0,0
Jarrod Berry,0.5,0.33333333333333337,0.4,0.2857142857142857,0.20000000000000004
Jarrod Berry,1.5,0.33333333333333337,0.2,0.14285714285714288,0.1
Jarrod Berry,2.5,0,0,0,0
Jarrod Berry,3.5,0,0,0,0
Jarrod Berry,4.5,0,0,0,0
Jarrod Berry,5.5,0,0,0,0
Jarrod Witts,0.5,0,0,0.14285714285714288,0.1
Jarrod Witts,1.5,0,0,0,0
Jarrod Witts,2.5,0,0,0,0
Jarrod Witts,3.5,0,0,0,0
Jarrod Witts,4.5,0,0,0,0
Jarrod Witts,5.5,0,0,0,0
Jason Johannisen,0.5,0,0,0,0
Jason Johannisen,1.5,0,0,0,0
Jason Johannisen,2.5,0,0,0,0
Jason Johannisen,3.5,0,0,0,0
Jason Johannisen,4.5,0,0,0,0
Jason Johannisen,5.5,0,0,0,0
Jaspa Fletcher,0.5,0,0,0.14285714285714288,0.20000000000000004
Jaspa Fletcher,1.5,0,0,0,0
Jaspa Fletcher,2.5,0,0,0,0
Jaspa Fletcher,3.5,0,0,0,0
Jaspa Fletcher,4.5,0,0,0,0
Jaspa Fletcher,5.5,0,0,0,0
Jayden Short,0.5,0.33333333333333337,0.4,0.2857142857142857,0.3
Jayden Short,1.5,0,0,0,0
Jayden Short,2.5,0,0,0,0
Jayden Short,3.5,0,0,0,0
Jayden Short,4.5,0,0,0,0
Jayden Short,5.5,0,0,0,0
Jed McEntee,0.5,0.6666666666666666,0.8,0.7142857142857143,0.7
Jed McEntee,1.5,0.33333333333333337,0.2,0.14285714285714288,0.10000000000000002
Jed McEntee,2.5,0,0,0,0
Jed McEntee,3.5,0,0,0,0
Jed McEntee,4.5,0,0,0,0
Jed McEntee,5.5,0,0,0,0
Jedd Busslinger,0.5,0,NA,NA,NA
Jedd Busslinger,1.5,0,NA,NA,NA
Jesse Dattoli,0.5,NA,NA,NA,NA
Jesse Dattoli,1.5,NA,NA,NA,NA
Jesse Dattoli,2.5,NA,NA,NA,NA
Jesse Dattoli,3.5,NA,NA,NA,NA
Jesse Dattoli,4.5,NA,NA,NA,NA
Jesse Dattoli,5.5,NA,NA,NA,NA
Jesse Hogan,0.5,0.6666666666666666,0.8,0.7142857142857143,0.8
Jesse Motlop,0.5,0.6666666666666666,0.6,0.7142857142857143,0.7
Jesse Motlop,1.5,0,0.2,0.14285714285714288,0.2
Jesse Motlop,2.5,0,0,0,0
Jesse Motlop,3.5,0,0,0,0
Jesse Motlop,4.5,0,0,0,0
Jesse Motlop,5.5,0,0,0,0
Jobe Shanahan,0.5,0.6666666666666666,0.8,NA,NA
Jobe Shanahan,1.5,0,0.2,NA,NA
Jobe Shanahan,2.5,0,0,NA,NA
Jobe Shanahan,3.5,0,0,NA,NA
Jobe Shanahan,4.5,0,0,NA,NA
Jobe Shanahan,5.5,0,0,NA,NA
Joe Berry,0.5,0.33333333333333337,0.2,0.14285714285714288,NA
Joe Berry,1.5,0,0,0,NA
Joe Berry,2.5,0,0,0,NA
Joe Berry,3.5,0,0,0,NA
Joe Berry,4.5,0,0,0,NA
Joe Berry,5.5,0,0,0,NA
Joe Fonti,0.5,0,0,0,0
Joe Fonti,1.5,0,0,0,0
Joe Fonti,2.5,0,0,0,0
Joe Fonti,3.5,0,0,0,0
Joe Fonti,4.5,0,0,0,0
Joe Fonti,5.5,0,0,0,0
Joe Richards,0.5,0,0.39999999999999997,0.42857142857142855,0.39999999999999997
Joe Richards,1.5,0,0.2,0.14285714285714288,0.1
Joe Richards,2.5,0,0,0,0
Joe Richards,3.5,0,0,0,0
Joe Richards,4.5,0,0,0,0
Joe Richards,5.5,0,0,0,0
Joel Freijah,0.5,0.33333333333333337,0.4,0.42857142857142855,0.5
Joel Freijah,1.5,0,0,0.14285714285714288,0.1
Joel Freijah,2.5,0,0,0.14285714285714288,0.1
Joel Freijah,3.5,0,0,0.14285714285714288,0.1
Joel Freijah,4.5,0,0,0,0
Joel Freijah,5.5,0,0,0,0
Joel Jeffrey,0.5,0.33333333333333337,0.4,0.42857142857142855,0.4
Joel Jeffrey,1.5,0,0,0,0
Joel Jeffrey,2.5,0,0,0,0
Joel Jeffrey,3.5,0,0,0,0
Joel Jeffrey,4.5,0,0,0,0
Joel Jeffrey,5.5,0,0,0,0
John Noble,0.5,0,0,0,0
John Noble,1.5,0,0,0,0
Jordan Clark,0.5,0,0,0.14285714285714288,0.1
Jordan Clark,1.5,0,0,0,0
Jordan Clark,2.5,0,0,0,0
Jordan Clark,3.5,0,0,0,0
Jordan Clark,4.5,0,0,0,0
Jordan Clark,5.5,0,0,0,0
Jordan Dawson,0.5,1,0.8,0.5714285714285714,0.7
Jordan Dawson,1.5,0.33333333333333337,0.4,0.2857142857142857,0.3
Jordan Dawson,2.5,0,0,0,0
Jordan Dawson,3.5,0,0,0,0
Jordan Dawson,4.5,0,0,0,0
Jordan Dawson,5.5,0,0,0,0
Jordon Sweet,0.5,0.6666666666666666,0.4,0.2857142857142857,0.3
Jordon Sweet,1.5,0,0,0,0
Jordon Sweet,2.5,0,0,0,0
Jordon Sweet,3.5,0,0,0,0
Jordon Sweet,4.5,0,0,0,0
Jordon Sweet,5.5,0,0,0,0
Josh Dunkley,0.5,0,0.2,0.2857142857142857,0.2
Josh Dunkley,1.5,0,0,0,0
Josh Dunkley,2.5,0,0,0,0
Josh Dunkley,3.5,0,0,0,0
Josh Dunkley,4.5,0,0,0,0
Josh Dunkley,5.5,0,0,0,0
Josh Sinn,0.5,0,0,0,0
Josh Sinn,1.5,0,0,0,0
Josh Sinn,2.5,0,0,0,0
Josh Sinn,3.5,0,0,0,0
Josh Sinn,4.5,0,0,0,0
Josh Sinn,5.5,0,0,0,0
Josh Treacy,0.5,0.33333333333333337,0.6,0.7142857142857143,0.5
Josh Treacy,1.5,0.33333333333333337,0.4,0.5714285714285714,0.39999999999999997
Josh Treacy,2.5,0.33333333333333337,0.2,0.42857142857142855,0.3
Josh Treacy,3.5,0,0,0,0
Josh Treacy,4.5,0,0,0,0
Josh Treacy,5.5,0,0,0,0
Josh Treacy,6.5,0,0,0,0
Josh Worrell,0.5,0,0,0,0
Josh Worrell,1.5,0,0,0,0
Josh Worrell,2.5,0,0,0,0
Josh Worrell,3.5,0,0,0,0
Josh Worrell,4.5,0,0,0,0
Josh Worrell,5.5,0,0,0,0
Judd McVee,0.5,0,0,0,0
Judd McVee,1.5,0,0,0,0
Judd McVee,2.5,0,0,0,0
Judd McVee,3.5,0,0,0,0
Judd McVee,4.5,0,0,0,0
Judd McVee,5.5,0,0,0,0
Justin McInerney,0.5,1,0.6,0.7142857142857143,0.6
Justin McInerney,1.5,0.33333333333333337,0.2,0.14285714285714288,0.10000000000000002
Justin McInerney,2.5,0,0,0,0
Justin McInerney,3.5,0,0,0,0
Justin McInerney,4.5,0,0,0,0
Justin McInerney,5.5,0,0,0,0
Jy Farrar,0.5,0.6666666666666666,0.6,0.42857142857142855,0.29999999999999993
Jy Farrar,1.5,0.6666666666666666,0.4,0.2857142857142857,0.20000000000000004
Jy Farrar,2.5,0.33333333333333337,0.2,0.14285714285714288,0.10000000000000002
Jy Farrar,3.5,0,0,0,0
Jy Farrar,4.5,0,0,0,0
Jy Farrar,5.5,0,0,0,0
Jye Amiss,0.5,1,1,0.7142857142857143,0.7
Jye Amiss,1.5,1,0.8,0.5714285714285714,0.4
Jye Amiss,2.5,0.6666666666666666,0.4,0.2857142857142857,0.20000000000000004
Jye Amiss,3.5,0,0,0,0
Jye Amiss,4.5,0,0,0,0
Jye Amiss,5.5,0,0,0,0
Kade Chandler,0.5,0.6666666666666666,0.6,0.42857142857142855,0.4
Kade Chandler,1.5,0.33333333333333337,0.4,0.2857142857142857,0.20000000000000004
Kade Chandler,2.5,0,0,0,0
Kade Chandler,3.5,0,0,0,0
Kade Chandler,4.5,0,0,0,0
Kade Chandler,5.5,0,0,0,0
Kamdyn McIntosh,0.5,0,0,0.14285714285714288,0.1
Kamdyn McIntosh,1.5,0,0,0,0
Kamdyn McIntosh,2.5,0,0,0,0
Kamdyn McIntosh,3.5,0,0,0,0
Kamdyn McIntosh,4.5,0,0,0,0
Kamdyn McIntosh,5.5,0,0,0,0
Kane Farrell,0.5,0,0,0.14285714285714288,0.2
Kane Farrell,1.5,0,0,0,0
Kane Farrell,2.5,0,0,0,0
Kane Farrell,3.5,0,0,0,0
Kane Farrell,4.5,0,0,0,0
Kane Farrell,5.5,0,0,0,0
Karl Worner,0.5,0,0,0,0
Karl Worner,1.5,0,0,0,0
Karl Worner,2.5,0,0,0,0
Karl Worner,3.5,0,0,0,0
Karl Worner,4.5,0,0,0,0
Karl Worner,5.5,0,0,0,0
Kieren Briggs,0.5,0.33333333333333337,0.2,0.42857142857142855,0.3
Kieren Briggs,1.5,0,0,0,0
Kieren Briggs,2.5,0,0,0,0
Kieren Briggs,3.5,0,0,0,0
Kieren Briggs,4.5,0,0,0,0
Kieren Briggs,5.5,0,0,0,0
Kysaiah Pickett,0.5,0.6666666666666666,0.8,0.8571428571428571,0.8
Kysaiah Pickett,1.5,0.33333333333333337,0.4,0.5714285714285714,0.6
Kysaiah Pickett,2.5,0.33333333333333337,0.2,0.42857142857142855,0.5
Kysaiah Pickett,3.5,0.33333333333333337,0.2,0.14285714285714288,0.2
Kysaiah Pickett,4.5,0.33333333333333337,0.2,0.14285714285714288,0.2
Kysaiah Pickett,5.5,0,0,0,0
Lachie Ash,0.5,0.33333333333333337,0.2,0.14285714285714288,0.10000000000000002
Lachie Ash,1.5,0,0,0,0
Lachie Ash,2.5,0,0,0,0
Lachie Ash,3.5,0,0,0,0
Lachie Ash,4.5,0,0,0,0
Lachie Ash,5.5,0,0,0,0
Lachie Fogarty,0.5,0.33333333333333337,0.2,0.2857142857142857,0.4
Lachie Fogarty,1.5,0,0,0,0.20000000000000004
Lachie Fogarty,2.5,0,0,0,0.1
Lachie Fogarty,3.5,0,0,0,0
Lachie Fogarty,4.5,0,0,0,0
Lachie Fogarty,5.5,0,0,0,0
Lachie Jones,0.5,0,0,0.14285714285714288,0.1
Lachie Jones,1.5,0,0,0,0
Lachie Jones,2.5,0,0,0,0
Lachie Jones,3.5,0,0,0,0
Lachie Jones,4.5,0,0,0,0
Lachie Jones,5.5,0,0,0,0
Lachie Weller,0.5,0,0,0,0.10000000000000002
Lachie Weller,1.5,0,0,0,0
Lachie Weller,2.5,0,0,0,0
Lachie Weller,3.5,0,0,0,0
Lachie Weller,4.5,0,0,0,0
Lachie Weller,5.5,0,0,0,0
Lachie Whitfield,0.5,0,0,0,0
Lachie Whitfield,1.5,0,0,0,0
Lachie Whitfield,2.5,0,0,0,0
Lachie Whitfield,3.5,0,0,0,0
Lachie Whitfield,4.5,0,0,0,0
Lachie Whitfield,5.5,0,0,0,0
Lachlan Bramble,0.5,0,0.2,0.42857142857142855,0.3
Lachlan Bramble,1.5,0,0,0,0
Lachlan Bramble,2.5,0,0,0,0
Lachlan Bramble,3.5,0,0,0,0
Lachlan Bramble,4.5,0,0,0,0
Lachlan Bramble,5.5,0,0,0,0
Lachlan Cowan,0.5,0,0,0,0
Lachlan Cowan,1.5,0,0,0,0
Lachlan Cowan,2.5,0,0,0,0
Lachlan Cowan,3.5,0,0,0,0
Lachlan Cowan,4.5,0,0,0,0
Lachlan Cowan,5.5,0,0,0,0
Lachlan McNeil,0.5,0.33333333333333337,0.2,0.42857142857142855,0.4
Lachlan McNeil,1.5,0.33333333333333337,0.2,0.2857142857142857,0.2
Lachlan McNeil,2.5,0.33333333333333337,0.2,0.14285714285714288,0.10000000000000002
Lachlan McNeil,3.5,0,0,0,0
Lachlan McNeil,4.5,0,0,0,0
Lachlan McNeil,5.5,0,0,0,0
Laitham Vandermeer,0.5,0,0.2,0.14285714285714288,0.3
Laitham Vandermeer,1.5,0,0,0,0.20000000000000004
Laitham Vandermeer,2.5,0,0,0,0
Laitham Vandermeer,3.5,0,0,0,0
Laitham Vandermeer,4.5,0,0,0,0
Laitham Vandermeer,5.5,0,0,0,0
Leek Aleer,0.5,0,0,0,0
Leek Aleer,1.5,0,0,0,0
Levi Ashcroft,0.5,0.33333333333333337,0.6,0.5714285714285714,0.5
Levi Ashcroft,1.5,0.33333333333333337,0.2,0.14285714285714288,0.1
Levi Ashcroft,2.5,0,0,0,0
Levi Ashcroft,3.5,0,0,0,0
Levi Ashcroft,4.5,0,0,0,0
Levi Ashcroft,5.5,0,0,0,0
Lewis Melican,0.5,0,0,0,0
Lewis Melican,1.5,0,0,0,0
Lewis Melican,2.5,0,0,0,0
Lewis Melican,3.5,0,0,0,0
Lewis Melican,4.5,0,0,0,0
Lewis Melican,5.5,0,0,0,0
Lewis Young,0.5,0.33333333333333337,0.4,0.42857142857142855,0.4
Lewis Young,1.5,0,0.2,0.14285714285714288,0.2
Lewis Young,2.5,0,0,0,0
Lewis Young,3.5,0,0,0,0
Lewis Young,4.5,0,0,0,0
Lewis Young,5.5,0,0,0,0
Liam Baker,0.5,0.33333333333333337,0.6,0.42857142857142855,0.3
Liam Baker,1.5,0.33333333333333337,0.2,0.14285714285714288,0.10000000000000002
Liam Baker,2.5,0,0,0,0
Liam Baker,3.5,0,0,0,0
Liam Baker,4.5,0,0,0,0
Liam Baker,5.5,0,0,0,0
Liam Duggan,0.5,0,0,0,0
Liam Duggan,1.5,0,0,0,0
Liam Duggan,2.5,0,0,0,0
Liam Duggan,3.5,0,0,0,0
Liam Duggan,4.5,0,0,0,0
Liam Duggan,5.5,0,0,0,0
Liam Henry,0.5,0.33333333333333337,0.4,0.2857142857142857,0.4
Liam Henry,1.5,0,0,0,0.10000000000000002
Liam Henry,2.5,0,0,0,0
Liam Henry,3.5,0,0,0,0
Liam Henry,4.5,0,0,0,0
Liam Henry,5.5,0,0,0,0
Liam Ryan,0.5,1,1,0.8571428571428571,0.8
Liam Ryan,1.5,0.33333333333333337,0.2,0.14285714285714288,0.2
Liam Ryan,2.5,0,0,0,0
Liam Ryan,3.5,0,0,0,0
Liam Ryan,4.5,0,0,0,0
Liam Ryan,5.5,0,0,0,0
Liam Stocker,0.5,0,0,0,0
Liam Stocker,1.5,0,0,0,0
Liam Stocker,2.5,0,0,0,0
Liam Stocker,3.5,0,0,0,0
Liam Stocker,4.5,0,0,0,0
Liam Stocker,5.5,0,0,0,0
Logan Morris,0.5,0.6666666666666666,0.8,0.8571428571428571,0.8
Logan Morris,1.5,0.33333333333333337,0.4,0.5714285714285714,0.6
Logan Morris,2.5,0.33333333333333337,0.2,0.42857142857142855,0.3
Logan Morris,3.5,0.33333333333333337,0.2,0.42857142857142855,0.3
Logan Morris,4.5,0.33333333333333337,0.2,0.42857142857142855,0.3
Logan Morris,5.5,0.33333333333333337,0.2,0.14285714285714288,0.10000000000000002
Logan Morris,6.5,0,0,0,0
Luke Cleary,0.5,0,0,0,0.10000000000000002
Luke Cleary,1.5,0,0,0,0
Luke Cleary,2.5,0,0,0,0
Luke Cleary,3.5,0,0,0,0
Luke Cleary,4.5,0,0,0,0
Luke Cleary,5.5,0,0,0,0
Luke Davies-Uniacke,0.5,0.33333333333333337,0.2,0.2857142857142857,0.3
Luke Davies-Uniacke,1.5,0,0,0,0
Luke Davies-Uniacke,2.5,0,0,0,0
Luke Davies-Uniacke,3.5,0,0,0,0
Luke Davies-Uniacke,4.5,0,0,0,0
Luke Davies-Uniacke,5.5,0,0,0,0
Luke Jackson,0.5,1,0.8,0.8571428571428571,0.8
Luke Jackson,1.5,0,0.2,0.42857142857142855,0.4
Luke Jackson,2.5,0,0,0.14285714285714288,0.1
Luke Jackson,3.5,0,0,0,0
Luke Jackson,4.5,0,0,0,0
Luke Jackson,5.5,0,0,0,0
Luke Parker,0.5,0,0,0.14285714285714288,0.2
Luke Parker,1.5,0,0,0.14285714285714288,0.1
Luke Parker,2.5,0,0,0,0
Luke Parker,3.5,0,0,0,0
Luke Parker,4.5,0,0,0,0
Luke Parker,5.5,0,0,0,0
Luke Pedlar,0.5,0.6666666666666666,0.8,0.8571428571428571,0.6
Luke Pedlar,1.5,0,0,0.14285714285714288,0.1
Luke Pedlar,2.5,0,0,0,0
Luke Pedlar,3.5,0,0,0,0
Luke Pedlar,4.5,0,0,0,0
Luke Pedlar,5.5,0,0,0,0
Luke Ryan,0.5,0,0,0,0
Luke Ryan,1.5,0,0,0,0
Luke Ryan,2.5,0,0,0,0
Luke Ryan,3.5,0,0,0,0
Luke Ryan,4.5,0,0,0,0
Luke Ryan,5.5,0,0,0,0
Mac Andrew,0.5,0.33333333333333337,0.2,0.14285714285714288,0.10000000000000002
Mac Andrew,1.5,0,0,0,0
Mac Andrew,2.5,0,0,0,0
Mac Andrew,3.5,0,0,0,0
Mac Andrew,4.5,0,0,0,0
Mac Andrew,5.5,0,0,0,0
Malcolm Rosas,0.5,0.33333333333333337,0.4,0.5714285714285714,0.7
Malcolm Rosas,1.5,0,0.2,0.2857142857142857,0.5
Malcolm Rosas,2.5,0,0,0,0.10000000000000002
Malcolm Rosas,3.5,0,0,0,0
Malcolm Rosas,4.5,0,0,0,0
Malcolm Rosas,5.5,0,0,0,0
Mani Liddy,0.5,0,0,NA,NA
Mani Liddy,1.5,0,0,NA,NA
Mani Liddy,2.5,0,0,NA,NA
Mani Liddy,3.5,0,0,NA,NA
Mani Liddy,4.5,0,0,NA,NA
Mani Liddy,5.5,0,0,NA,NA
Marcus Bontempelli,0.5,0.6666666666666666,0.6,0.7142857142857143,0.5
Marcus Bontempelli,1.5,0.33333333333333337,0.4,0.42857142857142855,0.3
Marcus Bontempelli,2.5,0,0,0.14285714285714288,0.1
Marcus Bontempelli,3.5,0,0,0,0
Marcus Bontempelli,4.5,0,0,0,0
Marcus Bontempelli,5.5,0,0,0,0
Marcus Windhager,0.5,0,0.2,0.14285714285714288,0.2
Marcus Windhager,1.5,0,0,0,0
Marcus Windhager,2.5,0,0,0,0
Marcus Windhager,3.5,0,0,0,0
Marcus Windhager,4.5,0,0,0,0
Marcus Windhager,5.5,0,0,0,0
Mark Keane,0.5,0,0,0,0
Mark Keane,1.5,0,0,0,0
Mark Keane,2.5,0,0,0,0
Mark Keane,3.5,0,0,0,0
Mark Keane,4.5,0,0,0,0
Mark Keane,5.5,0,0,0,0
Mason Wood,0.5,1,0.6,0.5714285714285714,0.5
Mason Wood,1.5,0.33333333333333337,0.2,0.2857142857142857,0.2
Mason Wood,2.5,0,0,0.14285714285714288,0.1
Mason Wood,3.5,0,0,0,0
Mason Wood,4.5,0,0,0,0
Mason Wood,5.5,0,0,0,0
Matt Flynn,0.5,0.33333333333333337,0.4,0.2857142857142857,0.3
Matt Flynn,1.5,0,0,0,0
Matt Flynn,2.5,0,0,0,0
Matt Flynn,3.5,0,0,0,0
Matt Flynn,4.5,0,0,0,0
Matt Flynn,5.5,0,0,0,0
Matt Rowell,0.5,0,0.2,0.14285714285714288,0.2
Matt Rowell,1.5,0,0.2,0.14285714285714288,0.1
Matt Rowell,2.5,0,0,0,0
Matt Rowell,3.5,0,0,0,0
Matt Rowell,4.5,0,0,0,0
Matt Rowell,5.5,0,0,0,0
Mattaes Phillipou,0.5,0,0.2,0.42857142857142855,0.6
Mattaes Phillipou,1.5,0,0.2,0.14285714285714288,0.1
Mattaes Phillipou,2.5,0,0,0,0
Mattaes Phillipou,3.5,0,0,0,0
Mattaes Phillipou,4.5,0,0,0,0
Mattaes Phillipou,5.5,0,0,0,0
Matthew Carroll,0.5,0.33333333333333337,0.2,0.14285714285714288,0.1
Matthew Carroll,1.5,0,0,0,0
Matthew Carroll,2.5,0,0,0,0
Matthew Carroll,3.5,0,0,0,0
Matthew Carroll,4.5,0,0,0,0
Matthew Carroll,5.5,0,0,0,0
Matthew Kennedy,0.5,0.6666666666666666,0.4,0.42857142857142855,0.6
Matthew Kennedy,1.5,0,0,0.14285714285714288,0.3
Matthew Kennedy,2.5,0,0,0,0.10000000000000002
Matthew Kennedy,3.5,0,0,0,0
Matthew Kennedy,4.5,0,0,0,0
Matthew Kennedy,5.5,0,0,0,0
Matthew Owies,0.5,0,0,0.14285714285714288,0.3
Matthew Owies,1.5,0,0,0.14285714285714288,0.1
Matthew Owies,2.5,0,0,0,0
Matthew Owies,3.5,0,0,0,0
Matthew Owies,4.5,0,0,0,0
Matthew Owies,5.5,0,0,0,0
Maurice Rioli,0.5,0,0.2,0.14285714285714288,0.3
Maurice Rioli,1.5,0,0,0,0.10000000000000002
Maurice Rioli,2.5,0,0,0,0
Maurice Rioli,3.5,0,0,0,0
Maurice Rioli,4.5,0,0,0,0
Maurice Rioli,5.5,0,0,0,0
Max Gawn,0.5,0.33333333333333337,0.4,0.42857142857142855,0.4
Max Gawn,1.5,0,0,0,0
Max Gawn,2.5,0,0,0,0
Max Gawn,3.5,0,0,0,0
Max Gawn,4.5,0,0,0,0
Max Gawn,5.5,0,0,0,0
Max Gruzewski,0.5,0.33333333333333337,0.6,0.42857142857142855,NA
Max Gruzewski,1.5,0.33333333333333337,0.4,0.2857142857142857,NA
Max Gruzewski,2.5,0,0,0,NA
Max Gruzewski,3.5,0,0,0,NA
Max Gruzewski,4.5,0,0,0,NA
Max Gruzewski,5.5,0,0,0,NA
Max Hall,0.5,0.33333333333333337,0.6,0.7142857142857143,0.6
Max Hall,1.5,0,0.39999999999999997,0.2857142857142857,0.3
Max Hall,2.5,0,0.39999999999999997,0.2857142857142857,0.2
Max Hall,3.5,0,0,0,0
Max Hall,4.5,0,0,0,0
Max Hall,5.5,0,0,0,0
Max Heath,0.5,0.6666666666666666,NA,NA,NA
Max Heath,1.5,0.33333333333333337,NA,NA,NA
Max Heath,2.5,0,NA,NA,NA
Max Heath,3.5,0,NA,NA,NA
Max Heath,4.5,0,NA,NA,NA
Max Heath,5.5,0,NA,NA,NA
Michael Frederick,0.5,0.33333333333333337,0.6,0.5714285714285714,0.6
Michael Frederick,1.5,0.33333333333333337,0.4,0.42857142857142855,0.3
Michael Frederick,2.5,0.33333333333333337,0.2,0.14285714285714288,0.10000000000000002
Michael Frederick,3.5,0.33333333333333337,0.2,0.14285714285714288,0.10000000000000002
Michael Frederick,4.5,0,0,0,0
Michael Frederick,5.5,0,0,0,0
Mitch Georgiades,0.5,1,1,1,1
Mitch Georgiades,1.5,0.6666666666666666,0.8,0.7142857142857143,0.7
Mitch Georgiades,2.5,0.33333333333333337,0.6,0.5714285714285714,0.6
Mitch Georgiades,3.5,0,0.2,0.2857142857142857,0.3
Mitch Georgiades,4.5,0,0,0.14285714285714288,0.2
Mitch Georgiades,5.5,0,0,0,0.1
Mitchell Hinge,0.5,0,0,0,0
Mitchell Hinge,1.5,0,0,0,0
Mitchell Hinge,2.5,0,0,0,0
Mitchell Hinge,3.5,0,0,0,0
Mitchell Hinge,4.5,0,0,0,0
Mitchell Hinge,5.5,0,0,0,0
Murphy Reid,0.5,0.6666666666666666,0.6,0.7142857142857143,0.7
Murphy Reid,1.5,0,0,0,0.10000000000000002
Murphy Reid,2.5,0,0,0,0.10000000000000002
Murphy Reid,3.5,0,0,0,0.10000000000000002
Murphy Reid,4.5,0,0,0,0
Murphy Reid,5.5,0,0,0,0
Nasiah Wanganeen-Milera,0.5,0.6666666666666666,0.4,0.42857142857142855,0.5
Nasiah Wanganeen-Milera,1.5,0.6666666666666666,0.4,0.2857142857142857,0.20000000000000004
Nasiah Wanganeen-Milera,2.5,0.33333333333333337,0.2,0.14285714285714288,0.10000000000000002
Nasiah Wanganeen-Milera,3.5,0.33333333333333337,0.2,0.14285714285714288,0.10000000000000002
Nasiah Wanganeen-Milera,4.5,0,0,0,0
Nasiah Wanganeen-Milera,5.5,0,0,0,0
Nat Fyfe,0.5,0,0.2,0.2857142857142857,0.2
Nat Fyfe,1.5,0,0,0,0
Nat Fyfe,2.5,0,0,0,0
Nat Fyfe,3.5,0,0,0,0
Nat Fyfe,4.5,0,0,0,0
Nat Fyfe,5.5,0,0,0,0
Nathan Broad,0.5,0,0,0,0
Nathan Broad,1.5,0,0,0,0
Nathan Broad,2.5,0,0,0,0
Nathan Broad,3.5,0,0,0,0
Nathan Broad,4.5,0,0,0,0
Nathan Broad,5.5,0,0,0,0
Nathan O'Driscoll,0.5,0,0,0.28571428571428575,0.3
Nathan O'Driscoll,1.5,0,0,0,0
Nathan O'Driscoll,2.5,0,0,0,0
Neil Erasmus,0.5,0,0,0,0
Neil Erasmus,1.5,0,0,0,0
Neil Erasmus,2.5,0,0,0,0
Neil Erasmus,3.5,0,0,0,0
Neil Erasmus,4.5,0,0,0,0
Neil Erasmus,5.5,0,0,0,0
Nick Blakey,0.5,0,0.2,0.2857142857142857,0.3
Nick Blakey,1.5,0,0,0,0
Nick Blakey,2.5,0,0,0,0
Nick Blakey,3.5,0,0,0,0
Nick Blakey,4.5,0,0,0,0
Nick Blakey,5.5,0,0,0,0
Nick Haynes,0.5,0,0,0,0
Nick Haynes,1.5,0,0,0,0
Nick Haynes,2.5,0,0,0,0
Nick Haynes,3.5,0,0,0,0
Nick Haynes,4.5,0,0,0,0
Nick Haynes,5.5,0,0,0,0
Nick Holman,0.5,0.33333333333333337,0.2,0.2857142857142857,0.4
Nick Holman,1.5,0,0,0,0.1
Nick Holman,2.5,0,0,0,0
Nick Holman,3.5,0,0,0,0
Nick Holman,4.5,0,0,0,0
Nick Holman,5.5,0,0,0,0
Nick Murray,0.5,0,0,0,0
Nick Murray,1.5,0,0,0,0
Nick Vlastuin,0.5,0,0,0,0
Nick Vlastuin,1.5,0,0,0,0
Nick Vlastuin,2.5,0,0,0,0
Nick Vlastuin,3.5,0,0,0,0
Nick Vlastuin,4.5,0,0,0,0
Nick Vlastuin,5.5,0,0,0,0
Noah Anderson,0.5,0.33333333333333337,0.6,0.5714285714285714,0.39999999999999997
Noah Anderson,1.5,0,0.2,0.2857142857142857,0.2
Noah Anderson,2.5,0,0,0,0
Noah Anderson,3.5,0,0,0,0
Noah Anderson,4.5,0,0,0,0
Noah Anderson,5.5,0,0,0,0
Noah Balta,0.5,0.33333333333333337,0.2,0.14285714285714288,0.10000000000000002
Noah Balta,1.5,0,0,0,0
Noah Balta,2.5,0,0,0,0
Noah Balta,3.5,0,0,0,0
Noah Balta,4.5,0,0,0,0
Noah Balta,5.5,0,0,0,0
Oliver Florent,0.5,0,0,0,0.10000000000000002
Oliver Florent,1.5,0,0,0,0
Oliver Florent,2.5,0,0,0,0
Oliver Florent,3.5,0,0,0,0
Oliver Florent,4.5,0,0,0,0
Oliver Florent,5.5,0,0,0,0
Oliver Hollands,0.5,0,0,0.14285714285714288,0.2
Oliver Hollands,1.5,0,0,0,0
Oliver Hollands,2.5,0,0,0,0
Oliver Hollands,3.5,0,0,0,0
Oliver Hollands,4.5,0,0,0,0
Oliver Hollands,5.5,0,0,0,0
Ollie Lord,0.5,0.6666666666666666,0.4,0.2857142857142857,0.4
Ollie Lord,1.5,0.33333333333333337,0.2,0.14285714285714288,0.2
Ollie Lord,2.5,0,0,0,0
Ollie Lord,3.5,0,0,0,0
Ollie Lord,4.5,0,0,0,0
Ollie Lord,5.5,0,0,0,0
Ollie Wines,0.5,0,0,0.14285714285714288,0.1
Ollie Wines,1.5,0,0,0,0
Ollie Wines,2.5,0,0,0,0
Ollie Wines,3.5,0,0,0,0
Ollie Wines,4.5,0,0,0,0
Ollie Wines,5.5,0,0,0,0
Oscar Adams,0.5,0,0,NA,NA
Oscar Adams,1.5,0,0,NA,NA
Oscar Adams,2.5,0,0,NA,NA
Oscar Adams,3.5,0,0,NA,NA
Oscar Adams,4.5,0,0,NA,NA
Oscar Adams,5.5,0,0,NA,NA
Oskar Baker,0.5,0,0,0,0
Oskar Baker,1.5,0,0,0,0
Oskar Baker,2.5,0,0,0,0
Oskar Baker,3.5,0,0,0,0
Oskar Baker,4.5,0,0,0,0
Oskar Baker,5.5,0,0,0,0
Patrick Cripps,0.5,0,0.2,0.2857142857142857,0.3
Patrick Cripps,1.5,0,0,0,0
Patrick Cripps,2.5,0,0,0,0
Patrick Cripps,3.5,0,0,0,0
Patrick Cripps,4.5,0,0,0,0
Patrick Cripps,5.5,0,0,0,0
Patrick Voss,0.5,1,1,0.8571428571428571,0.9
Patrick Voss,1.5,1,0.6,0.42857142857142855,0.5
Patrick Voss,2.5,1,0.6,0.42857142857142855,0.5
Patrick Voss,3.5,0.33333333333333337,0.2,0.14285714285714288,0.1
Patrick Voss,4.5,0.33333333333333337,0.2,0.14285714285714288,0.1
Patrick Voss,5.5,0.33333333333333337,0.2,0.14285714285714288,0.1
Reilly O'Brien,0.5,0.33333333333333337,0.2,0.2857142857142857,0.3
Reilly O'Brien,1.5,0,0,0,0
Reuben Ginbey,0.5,0,0,0,0
Reuben Ginbey,1.5,0,0,0,0
Reuben Ginbey,2.5,0,0,0,0
Reuben Ginbey,3.5,0,0,0,0
Reuben Ginbey,4.5,0,0,0,0
Reuben Ginbey,5.5,0,0,0,0
Rhett Bazzo,0.5,0,0,0,0
Rhett Bazzo,1.5,0,0,0,0
Rhett Bazzo,2.5,0,0,0,0
Rhett Bazzo,3.5,0,0,0,0
Rhett Bazzo,4.5,0,0,0,0
Rhett Bazzo,5.5,0,0,0,0
Rhyan Mansell,0.5,0.6666666666666666,0.6,0.5714285714285714,0.5
Rhyan Mansell,1,0.33333333333333337,0.4,0.2857142857142857,0.2
Rhyan Mansell,1.5,0.33333333333333337,0.4,0.2857142857142857,0.2
Rhyan Mansell,2.5,0.33333333333333337,0.4,0.2857142857142857,0.2
Rhyan Mansell,3.5,0,0,0,0
Rhyan Mansell,4.5,0,0,0,0
Rhyan Mansell,5.5,0,0,0,0
Rhylee West,0.5,1,1,1,0.9
Rhylee West,1.5,0.6666666666666666,0.4,0.42857142857142855,0.3
Rhylee West,2.5,0.6666666666666666,0.4,0.2857142857142857,0.20000000000000004
Rhylee West,3.5,0.33333333333333337,0.2,0.14285714285714288,0.1
Rhylee West,4.5,0,0,0,0
Rhylee West,5.5,0,0,0,0
Riley Garcia,0.5,0.33333333333333337,0.2,0.14285714285714288,0.2
Riley Garcia,1.5,0,0,0,0
Riley Garcia,2.5,0,0,0,0
Riley Garcia,3.5,0,0,0,0
Riley Garcia,4.5,0,0,0,0
Riley Garcia,5.5,0,0,0,0
Riley Hardeman,0.5,0,0,0,0
Riley Hardeman,1.5,0,0,0,0
Riley Hardeman,2.5,0,0,0,0
Riley Hardeman,3.5,0,0,0,0
Riley Hardeman,4.5,0,0,0,0
Riley Hardeman,5.5,0,0,0,0
Riley Thilthorpe,0.5,1,0.8,0.7142857142857143,0.8
Riley Thilthorpe,1.5,1,0.8,0.7142857142857143,0.7
Riley Thilthorpe,2.5,0.6666666666666666,0.6,0.5714285714285714,0.39999999999999997
Riley Thilthorpe,3.5,0.33333333333333337,0.4,0.42857142857142855,0.3
Riley Thilthorpe,4.5,0,0.2,0.2857142857142857,0.2
Riley Thilthorpe,5.5,0,0.2,0.14285714285714288,0.1
Riley Thilthorpe,6.5,0,0,0,0
Riley Thilthorpe,7.5,0,0,0,0
Riley Thilthorpe,8.5,0,0,0,0
Riley Thilthorpe,9.5,0,0,0,0
Robert Hansen Jr,0.5,0,0.39999999999999997,0.42857142857142855,0.3
Robert Hansen Jr,1.5,0,0,0,0
Rory Laird,0.5,0,0,0,0
Rory Laird,1.5,0,0,0,0
Rory Laird,2.5,0,0,0,0
Rory Laird,3.5,0,0,0,0
Rory Laird,4.5,0,0,0,0
Rory Laird,5.5,0,0,0,0
Rory Lobb,0.5,0,0,0,0.10000000000000002
Rory Lobb,1.5,0,0,0,0
Rory Lobb,2.5,0,0,0,0
Rory Lobb,3.5,0,0,0,0
Rory Lobb,4.5,0,0,0,0
Rory Lobb,5.5,0,0,0,0
Rowan Marshall,0.5,0.6666666666666666,0.8,0.8571428571428571,0.6
Rowan Marshall,1.5,0,0,0,0
Rowan Marshall,2.5,0,0,0,0
Rowan Marshall,3.5,0,0,0,0
Rowan Marshall,4.5,0,0,0,0
Rowan Marshall,5.5,0,0,0,0
Ryan Angwin,0.5,0,0,0,0.10000000000000002
Ryan Angwin,1.5,0,0,0,0
Ryan Angwin,2.5,0,0,0,0
Ryan Angwin,3.5,0,0,0,0
Ryan Angwin,4.5,0,0,0,0
Ryan Angwin,5.5,0,0,0,0
Ryan Maric,0.5,0.33333333333333337,0.2,0.14285714285714288,0.10000000000000002
Ryan Maric,1.5,0,0,0,0
Ryan Maric,2.5,0,0,0,0
Ryan Maric,3.5,0,0,0,0
Ryan Maric,4.5,0,0,0,0
Ryan Maric,5.5,0,0,0,0
Ryley Sanders,0.5,0.33333333333333337,0.4,0.42857142857142855,0.3
Ryley Sanders,1.5,0,0,0.14285714285714288,0.1
Ryley Sanders,2.5,0,0,0,0
Ryley Sanders,3.5,0,0,0,0
Ryley Sanders,4.5,0,0,0,0
Ryley Sanders,5.5,0,0,0,0
Sam Banks,0.5,0,0.2,0.2857142857142857,0.2
Sam Banks,1.5,0,0,0,0
Sam Banks,2.5,0,0,0,0
Sam Banks,3.5,0,0,0,0
Sam Banks,4.5,0,0,0,0
Sam Banks,5.5,0,0,0,0
Sam Berry,0.5,0.6666666666666666,0.4,0.42857142857142855,0.5
Sam Berry,1.5,0.33333333333333337,0.2,0.14285714285714288,0.10000000000000002
Sam Berry,2.5,0,0,0,0
Sam Berry,3.5,0,0,0,0
Sam Berry,4.5,0,0,0,0
Sam Berry,5.5,0,0,0,0
Sam Collins,0.5,0,0,0,0
Sam Collins,1.5,0,0,0,0
Sam Collins,2.5,0,0,0,0
Sam Collins,3.5,0,0,0,0
Sam Collins,4.5,0,0,0,0
Sam Collins,5.5,0,0,0,0
Sam Darcy,0.5,1,1,1,0.9
Sam Darcy,1.5,0.6666666666666666,0.8,0.8571428571428571,0.8
Sam Darcy,2.5,0.6666666666666666,0.6,0.7142857142857143,0.6
Sam Darcy,3,0.6666666666666666,0.6,0.5714285714285714,0.39999999999999997
Sam Darcy,3.5,0.6666666666666666,0.6,0.5714285714285714,0.39999999999999997
Sam Darcy,4.5,0.6666666666666666,0.4,0.42857142857142855,0.3
Sam Darcy,5.5,0.33333333333333337,0.2,0.14285714285714288,0.10000000000000002
Sam Darcy,6.5,0,0,0,0
Sam Darcy,7.5,0,0,0,0
Sam Marshall,0.5,0.33333333333333337,NA,NA,NA
Sam Marshall,1.5,0,NA,NA,NA
Sam Marshall,2.5,0,NA,NA,NA
Sam Marshall,3.5,0,NA,NA,NA
Sam Marshall,4.5,0,NA,NA,NA
Sam Marshall,5.5,0,NA,NA,NA
Sam Switkowski,0.5,0.6666666666666666,0.8,0.8571428571428571,0.7
Sam Switkowski,1.5,0,0.2,0.2857142857142857,0.2
Sam Switkowski,2.5,0,0.2,0.14285714285714288,0.1
Sam Switkowski,3.5,0,0,0,0
Sam Switkowski,4.5,0,0,0,0
Sam Switkowski,5.5,0,0,0,0
Sam Taylor,0.5,0,0,0,0
Sam Taylor,1.5,0,0,0,0
Sam Taylor,2.5,0,0,0,0
Sam Taylor,3.5,0,0,0,0
Sam Taylor,4.5,0,0,0,0
Sam Taylor,5.5,0,0,0,0
Sam Wicks,0.5,0,0,0,0
Sam Wicks,1.5,0,0,0,0
Sam Wicks,2.5,0,0,0,0
Sam Wicks,3.5,0,0,0,0
Sam Wicks,4.5,0,0,0,0
Sam Wicks,5.5,0,0,0,0
Sandy Brock,0.5,0,0,0,0
Sandy Brock,1.5,0,0,0,0
Sean Darcy,0.5,0.33333333333333337,0.4,0.42857142857142855,0.3
Sean Darcy,1.5,0,0,0,0
Sean Darcy,2.5,0,0,0,0
Sean Darcy,3.5,0,0,0,0
Sean Darcy,4.5,0,0,0,0
Sean Darcy,5.5,0,0,0,0
Seth Campbell,0.5,0.33333333333333337,0.4,0.5714285714285714,0.5
Seth Campbell,1.5,0.33333333333333337,0.2,0.2857142857142857,0.3
Seth Campbell,2.5,0,0,0,0.10000000000000002
Seth Campbell,3.5,0,0,0,0
Seth Campbell,4.5,0,0,0,0
Seth Campbell,5.5,0,0,0,0
Shai Bolton,0.5,0.33333333333333337,0.4,0.5714285714285714,0.7
Shai Bolton,1.5,0,0.2,0.2857142857142857,0.3
Shai Bolton,2.5,0,0,0,0.10000000000000002
Shai Bolton,3.5,0,0,0,0
Shai Bolton,4.5,0,0,0,0
Shai Bolton,5.5,0,0,0,0
Steely Green,0.5,0.33333333333333337,0.4,0.42857142857142855,0.4
Steely Green,1.5,0.33333333333333337,0.2,0.2857142857142857,0.2
Steely Green,2.5,0,0,0,0
Steely Green,3.5,0,0,0,0
Steely Green,4.5,0,0,0,0
Steely Green,5.5,0,0,0,0
Stephen Coniglio,0.5,0,0.2,0.14285714285714288,0.1
Stephen Coniglio,1.5,0,0.2,0.14285714285714288,0.1
Stephen Coniglio,2.5,0,0.2,0.14285714285714288,0.1
Stephen Coniglio,3.5,0,0,0,0
Stephen Coniglio,4.5,0,0,0,0
Stephen Coniglio,5.5,0,0,0,0
Taj Hotton,0.5,0.33333333333333337,NA,NA,NA
Taj Hotton,1.5,0.33333333333333337,NA,NA,NA
Taj Hotton,2.5,0,NA,NA,NA
Taj Hotton,3.5,0,NA,NA,NA
Taj Hotton,4.5,0,NA,NA,NA
Taj Hotton,5.5,0,NA,NA,NA
Taylor Walker,0.5,1,1,0.8571428571428571,0.9
Tim English,0.5,0.6666666666666666,0.6,0.5714285714285714,0.6
Tim English,1.5,0.33333333333333337,0.4,0.42857142857142855,0.3
Tim English,2.5,0,0,0,0
Tim English,3.5,0,0,0,0
Tim English,4.5,0,0,0,0
Tim English,5.5,0,0,0,0
Tim Kelly,0.5,0.33333333333333337,0.4,0.2857142857142857,0.3
Tim Kelly,1.5,0.33333333333333337,0.2,0.14285714285714288,0.10000000000000002
Tim Kelly,2.5,0,0,0,0
Tim Kelly,3.5,0,0,0,0
Tim Kelly,4.5,0,0,0,0
Tim Kelly,5.5,0,0,0,0
Tim Taranto,0.5,0.6666666666666666,0.4,0.42857142857142855,0.5
Tim Taranto,1.5,0.33333333333333337,0.2,0.14285714285714288,0.3
Tim Taranto,2.5,0.33333333333333337,0.2,0.14285714285714288,0.10000000000000002
Tim Taranto,3.5,0,0,0,0
Tim Taranto,4.5,0,0,0,0
Tim Taranto,5.5,0,0,0,0
Toby Bedford,0.5,0.6666666666666666,0.8,0.7142857142857143,0.5
Toby Bedford,1.5,0.33333333333333337,0.2,0.14285714285714288,0.10000000000000002
Toby Bedford,2.5,0,0,0,0
Toby Bedford,3.5,0,0,0,0
Toby Bedford,4.5,0,0,0,0
Toby Bedford,5.5,0,0,0,0
Toby Greene,0.5,1,1,0.8571428571428571,0.9
Toby Greene,1.5,0.6666666666666666,0.8,0.5714285714285714,0.5
Toby Greene,2.5,0,0.2,0.14285714285714288,0.2
Toby Greene,3.5,0,0,0,0
Toby Greene,4.5,0,0,0,0
Toby Greene,5.5,0,0,0,0
Toby Greene,6.5,0,0,0,0
Toby Nankervis,0.5,0.33333333333333337,0.4,0.2857142857142857,0.2
Toby Nankervis,1.5,0,0,0,0
Toby Nankervis,2.5,0,0,0,0
Toby Nankervis,3.5,0,0,0,0
Toby Nankervis,4.5,0,0,0,0
Toby Nankervis,5.5,0,0,0,0
Toby Pink,0.5,0,0,0,0
Toby Pink,1.5,0,0,0,0
Toby Pink,2.5,0,0,0,0
Toby Pink,3.5,0,0,0,0
Toby Pink,4.5,0,0,0,0
Toby Pink,5.5,0,0,0,0
Tom Brown,0.5,0,0.2,0.14285714285714288,0.1
Tom Brown,1.5,0,0,0,0
Tom Brown,2.5,0,0,0,0
Tom Brown,3.5,0,0,0,0
Tom Brown,4.5,0,0,0,0
Tom Brown,5.5,0,0,0,0
Tom Cole,0.5,0,0.2,0.14285714285714288,0.1
Tom Cole,1.5,0,0,0,0
Tom Cole,2.5,0,0,0,0
Tom Cole,3.5,0,0,0,0
Tom Cole,4.5,0,0,0,0
Tom Cole,5.5,0,0,0,0
Tom De Koning,0.5,0,0.2,0.14285714285714288,0.3
Tom De Koning,1.5,0,0,0,0
Tom De Koning,2.5,0,0,0,0
Tom De Koning,3.5,0,0,0,0
Tom De Koning,4.5,0,0,0,0
Tom De Koning,5.5,0,0,0,0
Tom Doedee,0.5,0,0,0,0
Tom Doedee,1.5,0,0,0,0
Tom Green,0.5,0.6666666666666666,0.4,0.42857142857142855,0.4
Tom Green,1.5,0,0,0,0
Tom Green,2.5,0,0,0,0
Tom Green,3.5,0,0,0,0
Tom Green,4.5,0,0,0,0
Tom Green,5.5,0,0,0,0
Tom Gross,0.5,0,0,0.14285714285714288,NA
Tom Gross,1.5,0,0,0,NA
Tom Gross,2.5,0,0,0,NA
Tom Gross,3.5,0,0,0,NA
Tom Gross,4.5,0,0,0,NA
Tom Gross,5.5,0,0,0,NA
Tom J. Lynch,0.5,1,1,0.8571428571428571,0.8
Tom J. Lynch,1.5,1,1,0.8571428571428571,0.8
Tom J. Lynch,2.5,1,1,0.7142857142857143,0.7
Tom J. Lynch,3.5,0.6666666666666666,0.8,0.5714285714285714,0.4
Tom J. Lynch,4.5,0.6666666666666666,0.4,0.2857142857142857,0.20000000000000004
Tom J. Lynch,5.5,0.33333333333333337,0.2,0.14285714285714288,0.1
Tom Liberatore,0.5,0,0.2,0.14285714285714288,0.1
Tom Liberatore,1.5,0,0.2,0.14285714285714288,0.1
Tom Liberatore,2.5,0,0,0,0
Tom Liberatore,3.5,0,0,0,0
Tom Liberatore,4.5,0,0,0,0
Tom Liberatore,5.5,0,0,0,0
Tom Lynch,0.5,0.6666666666666666,0.8,0.7142857142857143,0.8
Tom Lynch,1.5,0.33333333333333337,0.6,0.5714285714285714,0.6
Tom Lynch,2.5,0.33333333333333337,0.2,0.14285714285714288,0.2
Tom Lynch,3.5,0,0,0,0
Tom Lynch,4.5,0,0,0,0
Tom Lynch,5.5,0,0,0,0
Tom McCarthy,0.5,0,0,0,NA
Tom McCarthy,1.5,0,0,0,NA
Tom McCarthy,2.5,0,0,0,NA
Tom McCarthy,3.5,0,0,0,NA
Tom McCarthy,4.5,0,0,0,NA
Tom McCarthy,5.5,0,0,0,NA
Tom McCartin,0.5,0,0,0,0
Tom McCartin,1.5,0,0,0,0
Tom McDonald,0.5,0,0.2,0.14285714285714288,0.1
Tom McDonald,1.5,0,0,0,0
Tom McDonald,2.5,0,0,0,0
Tom McDonald,3.5,0,0,0,0
Tom McDonald,4.5,0,0,0,0
Tom McDonald,5.5,0,0,0,0
Tom Papley,0.5,0.6666666666666666,0.6,0.42857142857142855,0.6
Tom Papley,1,0,0.2,0.14285714285714288,0.2
Tom Papley,1.5,0,0.2,0.14285714285714288,0.2
Tom Papley,2.5,0,0,0,0.10000000000000002
Tom Papley,3.5,0,0,0,0
Tom Papley,4.5,0,0,0,0
Tom Papley,5.5,0,0,0,0
Tom Powell,0.5,0,0,0,0.10000000000000002
Tom Powell,1.5,0,0,0,0
Tom Powell,2.5,0,0,0,0
Tom Powell,3.5,0,0,0,0
Tom Powell,4.5,0,0,0,0
Tom Powell,5.5,0,0,0,0
Tom Sparrow,0.5,0.33333333333333337,0.4,0.42857142857142855,0.5
Tom Sparrow,1.5,0,0,0,0.10000000000000002
Tom Sparrow,2.5,0,0,0,0
Tom Sparrow,3.5,0,0,0,0
Tom Sparrow,4.5,0,0,0,0
Tom Sparrow,5.5,0,0,0,0
Touk Miller,0.5,0.33333333333333337,0.6,0.42857142857142855,0.5
Touk Miller,1.5,0,0.2,0.14285714285714288,0.2
Touk Miller,2.5,0,0,0,0
Touk Miller,3.5,0,0,0,0
Touk Miller,4.5,0,0,0,0
Touk Miller,5.5,0,0,0,0
Travis Boak,0.5,0.33333333333333337,0.4,0.42857142857142855,0.3
Travis Boak,1.5,0,0,0,0
Travis Boak,2.5,0,0,0,0
Travis Boak,3.5,0,0,0,0
Travis Boak,4.5,0,0,0,0
Travis Boak,5.5,0,0,0,0
Trent Rivers,0.5,0.33333333333333337,0.4,0.2857142857142857,0.2
Trent Rivers,1.5,0,0,0,0
Trent Rivers,2.5,0,0,0,0
Trent Rivers,3.5,0,0,0,0
Trent Rivers,4.5,0,0,0,0
Trent Rivers,5.5,0,0,0,0
Tristan Xerri,0.5,0,0.2,0.2857142857142857,0.2
Tristan Xerri,1.5,0,0,0,0
Tristan Xerri,2.5,0,0,0,0
Tristan Xerri,3.5,0,0,0,0
Tristan Xerri,4.5,0,0,0,0
Tristan Xerri,5.5,0,0,0,0
Tylar Young,0.5,0,0,0,0
Tylar Young,1.5,0,0,0,0
Tyler Brockman,0.5,0.6666666666666666,0.6,0.7142857142857143,0.7
Tyler Brockman,1.5,0,0,0.14285714285714288,0.1
Tyler Brockman,2.5,0,0,0,0
Tyler Brockman,3.5,0,0,0,0
Tyler Brockman,4.5,0,0,0,0
Tyler Brockman,5.5,0,0,0,0
Tyler Sonsie,0.5,0.33333333333333337,0.2,0.14285714285714288,0.3
Tyler Sonsie,1.5,0,0,0,0
Tyler Sonsie,2.5,0,0,0,0
Tyler Sonsie,3.5,0,0,0,0
Tyler Sonsie,4.5,0,0,0,0
Tyler Sonsie,5.5,0,0,0,0
Wayne Milera,0.5,0,0,0,0.1
Wayne Milera,1.5,0,0,0,0
Wayne Milera,2.5,0,0,0,0
Wayne Milera,3.5,0,0,0,0
Wayne Milera,4.5,0,0,0,0
Wayne Milera,5.5,0,0,0,0
Wil Powell,0.5,0,0,0,0
Wil Powell,1.5,0,0,0,0
Wil Powell,2.5,0,0,0,0
Wil Powell,3.5,0,0,0,0
Wil Powell,4.5,0,0,0,0
Wil Powell,5.5,0,0,0,0
Will Ashcroft,0.5,0.33333333333333337,0.6,0.5714285714285714,0.5
Will Ashcroft,1.5,0.33333333333333337,0.2,0.14285714285714288,0.1
Will Ashcroft,2.5,0.33333333333333337,0.2,0.14285714285714288,0.1
Will Ashcroft,3.5,0,0,0,0
Will Ashcroft,4.5,0,0,0,0
Will Ashcroft,5.5,0,0,0,0
Will Lorenz,0.5,0.6666666666666666,0.4,NA,NA
Will Lorenz,1.5,0,0,NA,NA
Will Lorenz,2.5,0,0,NA,NA
Will Lorenz,3.5,0,0,NA,NA
Will Lorenz,4.5,0,0,NA,NA
Will Lorenz,5.5,0,0,NA,NA
Will McLachlan,0.5,0,0.2,NA,NA
Will McLachlan,1.5,0,0.2,NA,NA
Will McLachlan,2.5,0,0,NA,NA
Will McLachlan,3.5,0,0,NA,NA
Will McLachlan,4.5,0,0,NA,NA
Will McLachlan,5.5,0,0,NA,NA
Will White,0.5,0.33333333333333337,0.4,0.42857142857142855,0.5
Will White,1.5,0.33333333333333337,0.2,0.14285714285714288,0.2
Will White,2.5,0,0,0,0.10000000000000002
Will White,3.5,0,0,0,0
Will White,4.5,0,0,0,0
Will White,5.5,0,0,0,0
Willem Drew,0.5,0,0,0,0
Willem Drew,1.5,0,0,0,0
Willem Drew,2.5,0,0,0,0
Willem Drew,3.5,0,0,0,0
Willem Drew,4.5,0,0,0,0
Willem Drew,5.5,0,0,0,0
Willie Rioli,0.5,0.6666666666666666,0.8,0.8571428571428571,0.8
Willie Rioli,1,0.6666666666666666,0.4,0.5714285714285714,0.5
Willie Rioli,1.5,0.6666666666666666,0.4,0.5714285714285714,0.5
Willie Rioli,2.5,0.6666666666666666,0.4,0.2857142857142857,0.20000000000000004
Willie Rioli,3.5,0,0,0,0
Willie Rioli,4.5,0,0,0,0
Willie Rioli,5.5,0,0,0,0
Xavier O'Halloran,0.5,0.33333333333333337,0.4,0.42857142857142855,0.3
Xavier O'Halloran,1.5,0,0.2,0.14285714285714288,0.1
Xavier O'Halloran,2.5,0,0,0,0
Xavier O'Halloran,3.5,0,0,0,0
Xavier O'Halloran,4.5,0,0,0,0
Xavier O'Halloran,5.5,0,0,0,0
Zac Bailey,0.5,1,0.8,0.8571428571428571,0.8
Zac Bailey,1.5,0.33333333333333337,0.4,0.2857142857142857,0.20000000000000004
Zac Bailey,2.5,0,0.2,0.14285714285714288,0.1
Zac Bailey,3.5,0,0.2,0.14285714285714288,0.1
Zac Bailey,4.5,0,0.2,0.14285714285714288,0.1
Zac Bailey,5.5,0,0,0,0
Zac Taylor,0.5,0,0.2,0.14285714285714288,0.1
Zac Taylor,1.5,0,0,0,0
Zac Taylor,2.5,0,0,0,0
Zac Taylor,3.5,0,0,0,0
Zac Taylor,4.5,0,0,0,0
Zac Taylor,5.5,0,0,0,0
Zac Williams,0.5,0.33333333333333337,0.6,0.7142857142857143,0.8
Zac Williams,1.5,0,0.2,0.14285714285714288,0.3
Zac Williams,2.5,0,0.2,0.14285714285714288,0.1
Zac Williams,3.5,0,0,0,0
Zac Williams,4.5,0,0,0,0
Zac Williams,5.5,0,0,0,0
Zak Butters,0.5,0,0,0.14285714285714288,0.1
Zak Butters,1.5,0,0,0,0
Zak Butters,2.5,0,0,0,0
Zak Butters,3.5,0,0,0,0
Zak Butters,4.5,0,0,0,0
Zak Butters,5.5,0,0,0,0
Zak Jones,0.5,0,0,0,0
Zak Jones,1.5,0,0,0,0
Zak Jones,2.5,0,0,0,0
Zak Jones,3.5,0,0,0,0
Zak Jones,4.5,0,0,0,0
Zak Jones,5.5,0,0,0,0
Zane Duursma,0.5,0,0,0.14285714285714288,0.3
Zane Duursma,1.5,0,0,0,0.10000000000000002
Zane Duursma,2.5,0,0,0,0
Zane Duursma,3.5,0,0,0,0
Zane Duursma,4.5,0,0,0,0
Zane Duursma,5.5,0,0,0,0
