player_name,stat,median_diff,games_home,games_away
Malcolm Rosas,disposals,10,9,7
Mattaes Phillipou,disposals,9,7,14
Lachlan Cowan,disposals,7,13,13
Logan Evans,disposals,6.5,11,12
Daniel Rioli,disposals,6,15,18
Jason Horne-Francis,disposals,6,17,11
John Noble,disposals,6,18,20
Dion Prestia,disposals,5.5,10,11
Marcus Bontempelli,disposals,5.5,16,16
Dylan Stephens,disposals,5,20,15
Jack Macrae,disposals,5,15,15
Sam Lalor,disposals,5,8,10
Steele Sidebottom,disposals,5,18,16
Tyrell Dewar,disposals,5,7,9
Max Holmes,disposals,4.5,22,18
Bailey Dale,disposals,4,19,18
Brad Close,disposals,4,19,17
Hugo Ralphsmith,disposals,4,8,9
Jackson Mead,disposals,4,13,11
Josh Sinn,disposals,4,11,9
Laitham Vandermeer,disposals,4,9,11
Luke Ryan,disposals,4,17,19
Mark Keane,disposals,4,14,11
Mitch Georgiades,disposals,4,19,17
Noah Anderson,disposals,4,17,20
Oscar Adams,disposals,4,11,7
Sam Wicks,disposals,4,18,17
Todd Goldstein,disposals,4,8,8
Bayley Fritsch,disposals,3.5,17,18
Bo Allan,disposals,3.5,9,8
Jack Gunston,disposals,3.5,14,18
Jarman Impey,disposals,3.5,17,20
Jase Burgoyne,disposals,3.5,17,16
Joe Richards,disposals,3.5,19,16
Luke Trainor,disposals,3.5,14,15
Nick Blakey,disposals,3.5,19,18
Nick Holman,disposals,3.5,8,10
Tim Taranto,disposals,3.5,17,16
Wayne Milera,disposals,3.5,20,17
Adam Cerra,disposals,3,14,15
Brennan Cox,disposals,3,16,18
Callum Mills,disposals,3,12,13
Christian Petracca,disposals,3,19,15
Connor Macdonald,disposals,3,17,20
Darcy Jones,disposals,3,12,11
Dylan Moore,disposals,3,17,21
Eric Hipwood,disposals,3,10,13
Finn Maginness,disposals,3,7,11
Hamish Davis,disposals,3,10,12
Harrison Petty,disposals,3,17,15
Jake Waterman,disposals,3,11,11
Jason Johannisen,disposals,3,8,8
Jordan Clark,disposals,3,17,20
Josh Weddle,disposals,3,14,17
Josh Worrell,disposals,3,21,17
Judd McVee,disposals,3,13,16
Lachie Schultz,disposals,3,14,15
Lachie Weller,disposals,3,15,15
Luke Jackson,disposals,3,16,18
Sam Banks,disposals,3,15,15
Sam Durham,disposals,3,16,17
Sam Powell-Pepper,disposals,3,9,7
Sean Darcy,disposals,3,10,12
Tom Barrass,disposals,3,16,18
Tom McDonald,disposals,3,10,11
Alex Pearce,disposals,2.5,11,16
Angus Sheldrick,disposals,2.5,16,17
Archer Day-Wicks,disposals,2.5,8,9
Blake Hardwick,disposals,2.5,18,21
Bodhi Uwland,disposals,2.5,18,20
Changkuoth Jiath,disposals,2.5,10,18
Jake Riccardi,disposals,2.5,16,13
Jaxon Prior,disposals,2.5,18,18
Joel Hamling,disposals,2.5,9,8
Kyle Langford,disposals,2.5,12,11
Luke McDonald,disposals,2.5,16,12
Mark Blicavs,disposals,2.5,18,18
Matt Flynn,disposals,2.5,12,10
Nasiah Wanganeen-Milera,disposals,2.5,16,17
Ollie Wines,disposals,2.5,14,16
Toby Bedford,disposals,2.5,16,16
Wil Powell,disposals,2.5,18,19
Archie Perkins,disposals,2,14,17
Ben King,disposals,2,18,20
Ben McKay,disposals,2,11,11
Brady Hough,disposals,2,17,19
Cooper Trembath,disposals,2,10,6
Daniel Curtin,disposals,2,17,14
Darcy Byrne-Jones,disposals,2,18,17
Harley Reid,disposals,2,16,17
Hugh McCluggage,disposals,2,17,19
Jake Melksham,disposals,2,11,11
James Sicily,disposals,2,15,20
Jayden Short,disposals,2,14,14
Joe Berry,disposals,2,13,12
Josh Daicos,disposals,2,19,19
Josh Rachele,disposals,2,14,13
Josh Treacy,disposals,2,17,20
Jy Simpkin,disposals,2,20,14
Lachie Jones,disposals,2,15,14
Mac Andrew,disposals,2,18,19
Nate Caddy,disposals,2,15,15
Noah Balta,disposals,2,13,12
Oliver Dempsey,disposals,2,22,18
Ollie Lord,disposals,2,8,8
Oskar Baker,disposals,2,7,11
Ryan Byrnes,disposals,2,13,10
Steven May,disposals,2,7,9
Tim English,disposals,2,17,15
Tim Kelly,disposals,2,18,15
Toby Nankervis,disposals,2,13,11
Tyler Brockman,disposals,2,10,10
Tyler Sonsie,disposals,2,14,13
Will Ashcroft,disposals,2,18,23
Xavier Duursma,disposals,2,17,19
Zach Merrett,disposals,2,17,19
Alex Neal-Bullen,disposals,1.5,21,16
Andrew Brayshaw,disposals,1.5,17,20
Buku Khamis,disposals,1.5,14,14
Cam Mackenzie,disposals,1.5,11,12
Cam Rayner,disposals,1.5,18,23
Charlie Spargo,disposals,1.5,11,8
Daniel Turner,disposals,1.5,14,17
Darcy Wilson,disposals,1.5,14,17
George Wardlaw,disposals,1.5,14,9
Gryan Miers,disposals,1.5,18,15
Harry Cunningham,disposals,1.5,9,10
Harry Morrison,disposals,1.5,10,13
Hayden McLean,disposals,1.5,9,14
Jacob Wehr,disposals,1.5,12,13
Jake Bowey,disposals,1.5,16,13
Justin McInerney,disposals,1.5,18,12
Kai Lohmann,disposals,1.5,14,18
Kieren Briggs,disposals,1.5,14,16
Koltyn Tholstrup,disposals,1.5,12,11
Matthew Carroll,disposals,1.5,15,12
Nick Watson,disposals,1.5,18,20
Sam Darcy,disposals,1.5,11,12
Sam Walsh,disposals,1.5,13,14
Sandy Brock,disposals,1.5,8,10
Ty Gallop,disposals,1.5,6,12
Will Setterfield,disposals,1.5,7,10
Willie Rioli,disposals,1.5,11,8
Xavier Lindsay,disposals,1.5,12,11
Aaron Cadman,disposals,1,16,16
Aaron Naughton,disposals,1,19,18
Archer Reid,disposals,1,9,11
Bailey J. Williams,disposals,1,11,15
Ben Ainsworth,disposals,1,17,20
Ben Keays,disposals,1,21,17
Brodie Kemp,disposals,1,9,9
Caleb Windsor,disposals,1,16,13
Christian Salem,disposals,1,14,14
Connor Rozee,disposals,1,13,10
Cooper Lord,disposals,1,12,12
Harris Andrews,disposals,1,17,21
Harvey Langford,disposals,1,19,17
Heath Chapman,disposals,1,17,19
Isaac Kako,disposals,1,14,15
Izak Rankine,disposals,1,18,14
Jack Darling,disposals,1,19,15
Jack Ross,disposals,1,17,18
Jack Steele,disposals,1,19,17
Jacob van Rooyen,disposals,1,15,15
James O'Donnell,disposals,1,16,16
James Peatling,disposals,1,20,16
James Rowbottom,disposals,1,19,18
James Worpel,disposals,1,11,16
Jamie Cripps,disposals,1,13,13
Jarrod Berry,disposals,1,13,20
Jarrod Witts,disposals,1,16,18
Joel Amartey,disposals,1,12,10
Joel Freijah,disposals,1,19,18
Josh Ward,disposals,1,18,20
Kane Farrell,disposals,1,18,15
Lewis Melican,disposals,1,15,11
Liam Baker,disposals,1,18,18
Mason Redman,disposals,1,12,14
Mason Wood,disposals,1,15,19
Massimo D'Ambrosio,disposals,1,18,21
Maurice Rioli,disposals,1,9,11
Max Gawn,disposals,1,19,18
Mitch McGovern,disposals,1,15,15
Mitch Owens,disposals,1,16,14
Noah Answerth,disposals,1,9,14
Oliver Henry,disposals,1,14,14
Patrick Dangerfield,disposals,1,18,15
Patrick Lipinski,disposals,1,19,16
Rhys Stanley,disposals,1,11,9
Rory Lobb,disposals,1,17,17
Ryan Angwin,disposals,1,10,10
Ryan Lester,disposals,1,16,20
Sam Clohesy,disposals,1,9,13
Shannon Neale,disposals,1,22,17
Tylar Young,disposals,1,11,10
Zach Reid,disposals,1,12,12
Zak Butters,disposals,1,18,15
Aliir Aliir,disposals,0.5,18,17
Bailey Humphrey,disposals,0.5,16,17
Brandon Starcevich,disposals,0.5,6,10
Brodie Grundy,disposals,0.5,17,18
Caleb Daniel,disposals,0.5,20,16
Charlie Comben,disposals,0.5,18,14
Charlie Curnow,disposals,0.5,18,13
Cooper Sharman,disposals,0.5,17,18
Dane Rampe,disposals,0.5,14,15
Daniel McStay,disposals,0.5,15,16
Ed Langdon,disposals,0.5,19,18
Edward Allan,disposals,0.5,9,12
Harry Sheezel,disposals,0.5,20,16
Isaac Cumming,disposals,0.5,18,15
Jacob Weitering,disposals,0.5,18,15
Jeremy Cameron,disposals,0.5,22,17
Josh Battle,disposals,0.5,18,21
Lachie Ash,disposals,0.5,18,19
Luke Davies-Uniacke,disposals,0.5,20,15
Luke Pedlar,disposals,0.5,11,8
Matthew Kennedy,disposals,0.5,19,18
Mitch Lewis,disposals,0.5,11,10
Ned Long,disposals,0.5,18,18
Sam De Koning,disposals,0.5,20,16
Sam Taylor,disposals,0.5,10,12
Seth Campbell,disposals,0.5,17,18
Steely Green,disposals,0.5,16,16
Tim Membrey,disposals,0.5,16,16
Tom Lynch,disposals,0.5,14,9
Trent Rivers,disposals,0.5,16,14
Xavier O'Halloran,disposals,0.5,16,15
Zac Williams,disposals,0.5,16,12
Adam Saad,disposals,0,11,13
Archer May,disposals,0,8,9
Ben Long,disposals,0,17,19
Ben Miller,disposals,0,18,18
Caleb Serong,disposals,0,16,18
Callum Brown,disposals,0,14,16
Cameron Zurhaar,disposals,0,19,16
Chad Warner,disposals,0,19,18
Colby McKercher,disposals,0,20,16
Connor Budarick,disposals,0,13,17
Conor Nash,disposals,0,15,17
Corey Wagner,disposals,0,14,15
Dan Houston,disposals,0,17,17
Darcy Cameron,disposals,0,19,18
Darcy Fogarty,disposals,0,17,14
Darcy Fort,disposals,0,15,19
Finn Callaghan,disposals,0,16,18
Griffin Logue,disposals,0,16,11
Harry Edwards,disposals,0,9,10
Harry McKay,disposals,0,11,13
Hunter Clark,disposals,0,8,8
Isaac Heeney,disposals,0,19,16
Jack Buckley,disposals,0,15,13
Jack Graham,disposals,0,12,11
Jack Martin,disposals,0,15,10
Jack Silvagni,disposals,0,12,15
Jack Sinclair,disposals,0,18,19
Jack Whitlock,disposals,0,9,8
Jack Williams,disposals,0,9,8
Jacob Hopper,disposals,0,18,17
Jacob Konstanty,disposals,0,17,13
Jade Gresham,disposals,0,13,13
Jaspa Fletcher,disposals,0,18,23
Jesse Hogan,disposals,0,13,11
Jesse Motlop,disposals,0,12,11
Jordon Butts,disposals,0,9,10
Josh Dunkley,disposals,0,18,23
Kade Chandler,disposals,0,19,18
Karl Amon,disposals,0,16,21
Lachlan Blakiston,disposals,0,13,12
Lachlan McNeil,disposals,0,15,13
Leonardo Lombard,disposals,0,9,8
Liam Ryan,disposals,0,14,15
Liam Stocker,disposals,0,12,14
Mabior Chol,disposals,0,14,18
Marcus Windhager,disposals,0,18,19
Mark O'Connor,disposals,0,21,16
Mason Cox,disposals,0,7,11
Matt Roberts,disposals,0,15,14
Matt Rowell,disposals,0,14,19
Matthew Johnson,disposals,0,13,17
Max Hall,disposals,0,18,19
Max Michalanney,disposals,0,19,15
Mitchell Hinge,disposals,0,14,11
Oscar Allen,disposals,0,9,11
Patrick Cripps,disposals,0,18,18
Paul Curtis,disposals,0,19,13
Peter Wright,disposals,0,15,14
Reuben Ginbey,disposals,0,18,18
Rhyan Mansell,disposals,0,9,12
Rhylee West,disposals,0,19,18
Ryley Sanders,disposals,0,17,17
Saad El-Hawli,disposals,0,9,7
Sam Berry,disposals,0,18,14
Sam Davidson,disposals,0,15,13
Sam Draper,disposals,0,7,11
Travis Boak,disposals,0,6,10
Tristan Xerri,disposals,0,16,14
Tyson Stengle,disposals,0,13,11
Willem Drew,disposals,0,19,17
Aidan Corr,disposals,-0.5,10,6
Beau McCreery,disposals,-0.5,16,15
Bradley Hill,disposals,-0.5,18,18
Bruce Reville,disposals,-0.5,12,15
Charlie Cameron,disposals,-0.5,17,22
Darcy Wilmot,disposals,-0.5,18,23
Francis Evans,disposals,-0.5,10,11
Harry Perryman,disposals,-0.5,18,16
Harry Sharp,disposals,-0.5,16,16
Isaiah Dudley,disposals,-0.5,14,15
Jack Ginnivan,disposals,-0.5,18,20
Jack Henry,disposals,-0.5,16,15
Jack Higgins,disposals,-0.5,16,15
Jack Scrimshaw,disposals,-0.5,10,12
Jai Newcombe,disposals,-0.5,18,21
Jake Soligo,disposals,-0.5,20,16
James Jordon,disposals,-0.5,19,18
Jed Walter,disposals,-0.5,10,14
Jye Amiss,disposals,-0.5,17,20
Lachlan Bramble,disposals,-0.5,19,18
Leek Aleer,disposals,-0.5,8,10
Luke Parker,disposals,-0.5,19,16
Oisin Mullin,disposals,-0.5,21,18
Oliver Florent,disposals,-0.5,14,15
Shaun Mannagh,disposals,-0.5,21,16
Toby Greene,disposals,-0.5,18,17
Tom De Koning,disposals,-0.5,18,18
Tom Green,disposals,-0.5,11,12
Tom McCartin,disposals,-0.5,16,15
Will Hayward,disposals,-0.5,16,17
Andrew McGrath,disposals,-1,17,17
Anthony Caminiti,disposals,-1,17,17
Bailey Banfield,disposals,-1,10,11
Ben Hobbs,disposals,-1,7,11
Brody Mihocek,disposals,-1,17,15
Callum Wilkie,disposals,-1,18,19
Cooper Hynes,disposals,-1,9,11
Ed Richards,disposals,-1,18,18
Esava Ratugolea,disposals,-1,12,8
Ethan Read,disposals,-1,13,17
Finn O'Sullivan,disposals,-1,15,16
George Hewett,disposals,-1,16,16
Isaac Quaynor,disposals,-1,19,19
Jack Bowes,disposals,-1,15,13
Jack Hutchinson,disposals,-1,9,9
James Trezise,disposals,-1,14,11
Jeremy Sharp,disposals,-1,7,9
Karl Worner,disposals,-1,16,20
Lachie Whitfield,disposals,-1,17,18
Lawson Humphries,disposals,-1,21,17
Levi Ashcroft,disposals,-1,18,23
Logan Morris,disposals,-1,17,22
Michael Frederick,disposals,-1,15,17
Nick Haynes,disposals,-1,16,16
Nick Larkey,disposals,-1,17,13
Riley Hardeman,disposals,-1,10,9
Rory Laird,disposals,-1,18,15
Shai Bolton,disposals,-1,17,19
Stephen Coniglio,disposals,-1,11,10
Taylor Walker,disposals,-1,19,12
Toby Pink,disposals,-1,11,11
Tom Atkins,disposals,-1,22,18
Tom Brown,disposals,-1,17,14
Tom Liberatore,disposals,-1,13,14
Touk Miller,disposals,-1,17,19
Will Hoskin-Elliott,disposals,-1,9,9
Archie Roberts,disposals,-1.5,18,19
Callum Ah Chee,disposals,-1.5,14,16
Corey Durdin,disposals,-1.5,15,14
Elijah Hewett,disposals,-1.5,12,13
Harry Himmelberg,disposals,-1.5,18,19
Jayden Laverde,disposals,-1.5,12,15
Joel Jeffrey,disposals,-1.5,18,19
Liam Duggan,disposals,-1.5,17,18
Lloyd Meek,disposals,-1.5,18,20
Luke Cleary,disposals,-1.5,10,7
Matthew Owies,disposals,-1.5,9,10
Neil Erasmus,disposals,-1.5,14,15
Nick Daicos,disposals,-1.5,19,18
Tom Stewart,disposals,-1.5,19,14
Zach Guthrie,disposals,-1.5,22,18
Zane Duursma,disposals,-1.5,13,10
Bailey Williams,disposals,-2,16,17
Blake Howes,disposals,-2,13,13
Braeden Campbell,disposals,-2,11,12
Brayden Fiorini,disposals,-2,11,10
Brayden Maynard,disposals,-2,16,17
Christian Moraes,disposals,-2,12,9
Clayton Oliver,disposals,-2,18,17
Darcy Moore,disposals,-2,14,12
Dayne Zorko,disposals,-2,15,19
Jack Crisp,disposals,-2,19,19
Jack Viney,disposals,-2,8,10
Jake Stringer,disposals,-2,13,15
Joe Fonti,disposals,-2,14,15
Jonty Faull,disposals,-2,12,14
Kamdyn McIntosh,disposals,-2,12,11
Kysaiah Pickett,disposals,-2,17,17
Lachie Neale,disposals,-2,15,21
Lewis Young,disposals,-2,8,12
Miles Bergman,disposals,-2,14,13
Murphy Reid,disposals,-2,17,20
Nathan Broad,disposals,-2,18,16
Oliver Hollands,disposals,-2,17,15
Patrick Voss,disposals,-2,15,17
Riley Bice,disposals,-2,14,16
Riley Thilthorpe,disposals,-2,19,17
Rowan Marshall,disposals,-2,18,18
Sam Flanders,disposals,-2,16,19
Sam Switkowski,disposals,-2,12,18
Tom Cole,disposals,-2,12,14
Tom Powell,disposals,-2,16,15
Tom Sparrow,disposals,-2,19,17
Zac Bailey,disposals,-2,17,22
Zac Taylor,disposals,-2,17,11
Caiden Cleary,disposals,-2.5,8,9
Hugo Garcia,disposals,-2.5,15,16
Marc Pittonet,disposals,-2.5,10,9
Sam Collins,disposals,-2.5,17,18
Bailey Smith,disposals,-3,20,17
Billy Frampton,disposals,-3,15,14
Blake Acres,disposals,-3,10,11
Connor O'Sullivan,disposals,-3,21,18
Corey Warner,disposals,-3,8,10
Harvey Thomas,disposals,-3,15,16
Jake Lever,disposals,-3,11,10
Jamie Elliott,disposals,-3,18,18
Jordan De Goey,disposals,-3,12,11
Lachie Fogarty,disposals,-3,13,9
Nic Martin,disposals,-3,7,9
Nick Vlastuin,disposals,-3,17,17
Scott Pendlebury,disposals,-3,18,14
Jaeger O'Meara,disposals,-3.5,8,10
Jobe Shanahan,disposals,-3.5,11,12
Nick Murray,disposals,-3.5,12,9
Brayden Cook,disposals,-4,9,7
Connor Idun,disposals,-4,18,19
Hugh Boxshall,disposals,-4,7,9
Jordon Sweet,disposals,-4,17,14
Reilly O'Brien,disposals,-4,15,11
Ryan Maric,disposals,-4,14,17
Tom McCarthy,disposals,-4,12,11
Tom Papley,disposals,-4,12,10
Darcy Gardiner,disposals,-4.5,11,14
Jordan Dawson,disposals,-4.5,19,16
Roan Steele,disposals,-4.5,8,10
Toby McMullin,disposals,-4.5,7,10
Jake Lloyd,disposals,-5,19,17
Jeremy Howe,disposals,-5,14,15
Jye Caldwell,disposals,-5,12,9
Nathan O'Driscoll,disposals,-5,11,9
Will Graham,disposals,-7,10,9
Mattaes Phillipou,fantasy_points,41,7,14
Malcolm Rosas,fantasy_points,34,9,7
Finn Maginness,fantasy_points,27,7,11
Nick Holman,fantasy_points,26.5,8,10
Jarman Impey,fantasy_points,26,17,20
Hayden McLean,fantasy_points,25.5,9,14
Mark Keane,fantasy_points,24.5,14,11
Daniel Rioli,fantasy_points,23,15,18
Cooper Trembath,fantasy_points,22.5,10,6
Dion Prestia,fantasy_points,22.5,10,11
Tyrell Dewar,fantasy_points,22,7,9
Steele Sidebottom,fantasy_points,21.5,18,16
Mitch Georgiades,fantasy_points,21,19,17
John Noble,fantasy_points,20.5,18,20
Max Holmes,fantasy_points,20.5,22,18
Jack Gunston,fantasy_points,19,14,18
Sam Powell-Pepper,fantasy_points,19,9,7
Lachlan Cowan,fantasy_points,18,13,13
Jack Macrae,fantasy_points,17,15,15
Leonardo Lombard,fantasy_points,17,9,8
Wayne Milera,fantasy_points,17,20,17
Archie Perkins,fantasy_points,16.5,14,17
Eric Hipwood,fantasy_points,16.5,10,13
Logan Evans,fantasy_points,16.5,11,12
Sean Darcy,fantasy_points,16.5,10,12
Ty Gallop,fantasy_points,16.5,6,12
Harrison Petty,fantasy_points,16,17,15
Jesse Hogan,fantasy_points,16,13,11
Luke Trainor,fantasy_points,15.5,14,15
Jeremy Sharp,fantasy_points,15,7,9
Josh Treacy,fantasy_points,15,17,20
Laitham Vandermeer,fantasy_points,15,9,11
Lewis Melican,fantasy_points,15,15,11
Tyson Stengle,fantasy_points,15,13,11
Jase Burgoyne,fantasy_points,14,17,16
Jayden Short,fantasy_points,14,14,14
Kane Farrell,fantasy_points,14,18,15
Patrick Dangerfield,fantasy_points,14,18,15
Sam Banks,fantasy_points,14,15,15
Hugo Ralphsmith,fantasy_points,13.5,8,9
Marcus Bontempelli,fantasy_points,13.5,16,16
Brady Hough,fantasy_points,13,17,19
Cameron Zurhaar,fantasy_points,13,19,16
Lachie Jones,fantasy_points,13,15,14
Matthew Carroll,fantasy_points,13,15,12
Oscar Adams,fantasy_points,13,11,7
Rory Lobb,fantasy_points,13,17,17
Ryan Byrnes,fantasy_points,13,13,10
Sam Wicks,fantasy_points,13,18,17
Stephen Coniglio,fantasy_points,13,11,10
Bo Allan,fantasy_points,12.5,9,8
Joe Richards,fantasy_points,12.5,19,16
Lachie Schultz,fantasy_points,12.5,14,15
Mason Redman,fantasy_points,12.5,12,14
Tom McCartin,fantasy_points,12.5,16,15
Caleb Windsor,fantasy_points,12,16,13
Connor Macdonald,fantasy_points,12,17,20
Cooper Sharman,fantasy_points,12,17,18
Daniel Turner,fantasy_points,12,14,17
Hamish Davis,fantasy_points,12,10,12
Harris Andrews,fantasy_points,12,17,21
Jake Stringer,fantasy_points,12,13,15
Jason Johannisen,fantasy_points,12,8,8
Josh Sinn,fantasy_points,12,11,9
Sam Berry,fantasy_points,12,18,14
Sam Walsh,fantasy_points,12,13,14
Tom Barrass,fantasy_points,12,16,18
Brodie Grundy,fantasy_points,11.5,17,18
Dylan Stephens,fantasy_points,11.5,20,15
Edward Allan,fantasy_points,11.5,9,12
Anthony Caminiti,fantasy_points,11,17,17
Blake Hardwick,fantasy_points,11,18,21
Christian Petracca,fantasy_points,11,19,15
Connor Rozee,fantasy_points,11,13,10
Harry Cunningham,fantasy_points,11,9,10
Josh Daicos,fantasy_points,11,19,19
Judd McVee,fantasy_points,11,13,16
Matthew Kennedy,fantasy_points,11,19,18
Sam Draper,fantasy_points,11,7,11
Harley Reid,fantasy_points,10.5,16,17
Jesse Motlop,fantasy_points,10.5,12,11
Leek Aleer,fantasy_points,10.5,8,10
Ryan Lester,fantasy_points,10.5,16,20
Tim Taranto,fantasy_points,10.5,17,16
Ed Langdon,fantasy_points,10,19,18
Heath Chapman,fantasy_points,10,17,19
Jake Waterman,fantasy_points,10,11,11
Jed Walter,fantasy_points,10,10,14
Joel Hamling,fantasy_points,10,9,8
Marcus Windhager,fantasy_points,10,18,19
Nick Blakey,fantasy_points,10,19,18
Nick Haynes,fantasy_points,10,16,16
Oscar Allen,fantasy_points,10,9,11
Adam Cerra,fantasy_points,9.5,14,15
Bailey Dale,fantasy_points,9.5,19,18
Nick Daicos,fantasy_points,9.5,19,18
Ollie Lord,fantasy_points,9.5,8,8
Sam Darcy,fantasy_points,9.5,11,12
Will Setterfield,fantasy_points,9.5,7,10
Andrew Brayshaw,fantasy_points,9,17,20
Daniel Curtin,fantasy_points,9,17,14
Dylan Moore,fantasy_points,9,17,21
Jack Buckley,fantasy_points,9,15,13
Jack Martin,fantasy_points,9,15,10
Jackson Mead,fantasy_points,9,13,11
Luke Davies-Uniacke,fantasy_points,9,20,15
Luke Ryan,fantasy_points,9,17,19
Mason Wood,fantasy_points,9,15,19
Noah Anderson,fantasy_points,9,17,20
Paul Curtis,fantasy_points,9,19,13
Zach Merrett,fantasy_points,9,17,19
Finn O'Sullivan,fantasy_points,8.5,15,16
Griffin Logue,fantasy_points,8.5,16,11
Izak Rankine,fantasy_points,8.5,18,14
Oliver Dempsey,fantasy_points,8.5,22,18
Sam Lalor,fantasy_points,8.5,8,10
Toby Bedford,fantasy_points,8.5,16,16
Bailey J. Williams,fantasy_points,8,11,15
Buku Khamis,fantasy_points,8,14,14
Harvey Thomas,fantasy_points,8,15,16
Luke McDonald,fantasy_points,8,16,12
Maurice Rioli,fantasy_points,8,9,11
Saad El-Hawli,fantasy_points,8,9,7
Sam Durham,fantasy_points,8,16,17
Aliir Aliir,fantasy_points,7.5,18,17
Jordan Clark,fantasy_points,7.5,17,20
Kade Chandler,fantasy_points,7.5,19,18
Kieren Briggs,fantasy_points,7.5,14,16
Sam De Koning,fantasy_points,7.5,20,16
Sam Taylor,fantasy_points,7.5,10,12
Ben Ainsworth,fantasy_points,7,17,20
Ben King,fantasy_points,7,18,20
Brennan Cox,fantasy_points,7,16,18
Conor Nash,fantasy_points,7,15,17
Darcy Byrne-Jones,fantasy_points,7,18,17
Gryan Miers,fantasy_points,7,18,15
Jack Henry,fantasy_points,7,16,15
James Worpel,fantasy_points,7,11,16
Jason Horne-Francis,fantasy_points,7,17,11
Ollie Wines,fantasy_points,7,14,16
Sandy Brock,fantasy_points,7,8,10
Tim Kelly,fantasy_points,7,18,15
Todd Goldstein,fantasy_points,7,8,8
Willem Drew,fantasy_points,7,19,17
Alex Pearce,fantasy_points,6.5,11,16
Angus Sheldrick,fantasy_points,6.5,16,17
Changkuoth Jiath,fantasy_points,6.5,10,18
Darcy Cameron,fantasy_points,6.5,19,18
Kyle Langford,fantasy_points,6.5,12,11
Lewis Young,fantasy_points,6.5,8,12
Oliver Henry,fantasy_points,6.5,14,14
Tylar Young,fantasy_points,6.5,11,10
Aaron Cadman,fantasy_points,6,16,16
Brad Close,fantasy_points,6,19,17
Caleb Daniel,fantasy_points,6,20,16
Connor Budarick,fantasy_points,6,13,17
Dane Rampe,fantasy_points,6,14,15
Jack Crisp,fantasy_points,6,19,19
Josh Battle,fantasy_points,6,18,21
Justin McInerney,fantasy_points,6,18,12
Lachie Weller,fantasy_points,6,15,15
Sam Clohesy,fantasy_points,6,9,13
Alex Neal-Bullen,fantasy_points,5.5,21,16
Bailey Banfield,fantasy_points,5.5,10,11
Beau McCreery,fantasy_points,5.5,16,15
Chad Warner,fantasy_points,5.5,19,18
Jack Silvagni,fantasy_points,5.5,12,15
Joe Berry,fantasy_points,5.5,13,12
Josh Rachele,fantasy_points,5.5,14,13
Brodie Kemp,fantasy_points,5,9,9
Brody Mihocek,fantasy_points,5,17,15
Dan Houston,fantasy_points,5,17,17
Darcy Jones,fantasy_points,5,12,11
Darcy Wilson,fantasy_points,5,14,17
Isaiah Dudley,fantasy_points,5,14,15
Jack Sinclair,fantasy_points,5,18,19
Jacob Wehr,fantasy_points,5,12,13
Mark Blicavs,fantasy_points,5,18,18
Nasiah Wanganeen-Milera,fantasy_points,5,16,17
Noah Balta,fantasy_points,5,13,12
Xavier Duursma,fantasy_points,5,17,19
Christian Moraes,fantasy_points,4.5,12,9
Ed Richards,fantasy_points,4.5,18,18
Jai Newcombe,fantasy_points,4.5,18,21
Jake Bowey,fantasy_points,4.5,16,13
James Trezise,fantasy_points,4.5,14,11
Jeremy Cameron,fantasy_points,4.5,22,17
Lachlan Bramble,fantasy_points,4.5,19,18
Luke Jackson,fantasy_points,4.5,16,18
Noah Answerth,fantasy_points,4.5,9,14
Bailey Smith,fantasy_points,4,20,17
Bayley Fritsch,fantasy_points,4,17,18
Ben Hobbs,fantasy_points,4,7,11
Ben Keays,fantasy_points,4,21,17
Jacob Konstanty,fantasy_points,4,17,13
Jy Simpkin,fantasy_points,4,20,14
Mason Cox,fantasy_points,4,7,11
Oskar Baker,fantasy_points,4,7,11
Tom McDonald,fantasy_points,4,10,11
Tyler Brockman,fantasy_points,4,10,10
James Sicily,fantasy_points,3.5,15,20
Jarrod Witts,fantasy_points,3.5,16,18
Massimo D'Ambrosio,fantasy_points,3.5,18,21
Mitch Lewis,fantasy_points,3.5,11,10
Ned Long,fantasy_points,3.5,18,18
Zach Reid,fantasy_points,3.5,12,12
Archer Reid,fantasy_points,3,9,11
Bailey Humphrey,fantasy_points,3,16,17
Bodhi Uwland,fantasy_points,3,18,20
Charlie Comben,fantasy_points,3,18,14
Harvey Langford,fantasy_points,3,19,17
Jack Bowes,fantasy_points,3,15,13
Jake Soligo,fantasy_points,3,20,16
James Peatling,fantasy_points,3,20,16
Jaxon Prior,fantasy_points,3,18,18
Jordon Butts,fantasy_points,3,9,10
Mitchell Hinge,fantasy_points,3,14,11
Peter Wright,fantasy_points,3,15,14
Ryan Angwin,fantasy_points,3,10,10
Zach Guthrie,fantasy_points,3,22,18
Callum Brown,fantasy_points,2.5,14,16
Harry Morrison,fantasy_points,2.5,10,13
Harry Sharp,fantasy_points,2.5,16,16
Isaac Heeney,fantasy_points,2.5,19,16
Joel Freijah,fantasy_points,2.5,19,18
Tom Powell,fantasy_points,2.5,16,15
Wil Powell,fantasy_points,2.5,18,19
Zac Williams,fantasy_points,2.5,16,12
Jack Graham,fantasy_points,2,12,11
Joel Amartey,fantasy_points,2,12,10
Josh Weddle,fantasy_points,2,14,17
Mac Andrew,fantasy_points,2,18,19
Oliver Hollands,fantasy_points,2,17,15
Patrick Lipinski,fantasy_points,2,19,16
Zac Bailey,fantasy_points,2,17,22
Daniel McStay,fantasy_points,1.5,15,16
Elijah Hewett,fantasy_points,1.5,12,13
Harry Sheezel,fantasy_points,1.5,20,16
Hugo Garcia,fantasy_points,1.5,15,16
Jake Riccardi,fantasy_points,1.5,16,13
James Jordon,fantasy_points,1.5,19,18
Jarrod Berry,fantasy_points,1.5,13,20
Jobe Shanahan,fantasy_points,1.5,11,12
Josh Ward,fantasy_points,1.5,18,20
Max Gawn,fantasy_points,1.5,19,18
Shaun Mannagh,fantasy_points,1.5,21,16
Tom De Koning,fantasy_points,1.5,18,18
Will Ashcroft,fantasy_points,1.5,18,23
Ethan Read,fantasy_points,1,13,17
Jacob Weitering,fantasy_points,1,18,15
Josh Dunkley,fantasy_points,1,18,23
Josh Worrell,fantasy_points,1,21,17
Nate Caddy,fantasy_points,1,15,15
Seth Campbell,fantasy_points,1,17,18
Steven May,fantasy_points,1,7,9
Tim English,fantasy_points,1,17,15
Tom McCarthy,fantasy_points,1,12,11
Tyler Sonsie,fantasy_points,1,14,13
Xavier O'Halloran,fantasy_points,1,16,15
Jack Ross,fantasy_points,0.5,17,18
James O'Donnell,fantasy_points,0.5,16,16
Kai Lohmann,fantasy_points,0.5,14,18
Luke Parker,fantasy_points,0.5,19,16
Matt Roberts,fantasy_points,0.5,15,14
Max Hall,fantasy_points,0.5,18,19
Steely Green,fantasy_points,0.5,16,16
Tim Membrey,fantasy_points,0.5,16,16
Brandon Starcevich,fantasy_points,0,6,10
Christian Salem,fantasy_points,0,14,14
Harry Perryman,fantasy_points,0,18,16
Jack Ginnivan,fantasy_points,0,18,20
Jack Hutchinson,fantasy_points,0,9,9
Jack Viney,fantasy_points,0,8,10
Jacob van Rooyen,fantasy_points,0,15,15
Karl Worner,fantasy_points,0,16,20
Liam Stocker,fantasy_points,0,12,14
Michael Frederick,fantasy_points,0,15,17
Patrick Cripps,fantasy_points,0,18,18
Xavier Lindsay,fantasy_points,0,12,11
Zak Butters,fantasy_points,0,18,15
Aaron Naughton,fantasy_points,-0.5,19,18
Aidan Corr,fantasy_points,-0.5,10,6
Blake Acres,fantasy_points,-0.5,10,11
Corey Durdin,fantasy_points,-0.5,15,14
George Hewett,fantasy_points,-0.5,16,16
Lachie Whitfield,fantasy_points,-0.5,17,18
Levi Ashcroft,fantasy_points,-0.5,18,23
Mitch Owens,fantasy_points,-0.5,16,14
Nick Watson,fantasy_points,-0.5,18,20
Tom Atkins,fantasy_points,-0.5,22,18
Will Hayward,fantasy_points,-0.5,16,17
Adam Saad,fantasy_points,-1,11,13
Ben McKay,fantasy_points,-1,11,11
Lawson Humphries,fantasy_points,-1,21,17
Rhyan Mansell,fantasy_points,-1,9,12
Rhylee West,fantasy_points,-1,19,18
Sam Davidson,fantasy_points,-1,15,13
Shannon Neale,fantasy_points,-1,22,17
Toby Pink,fantasy_points,-1,11,11
Trent Rivers,fantasy_points,-1,16,14
Ben Miller,fantasy_points,-1.5,18,18
Esava Ratugolea,fantasy_points,-1.5,12,8
Jack Whitlock,fantasy_points,-1.5,9,8
Jacob Hopper,fantasy_points,-1.5,18,17
Mabior Chol,fantasy_points,-1.5,14,18
Miles Bergman,fantasy_points,-1.5,14,13
Taylor Walker,fantasy_points,-1.5,19,12
Archie Roberts,fantasy_points,-2,18,19
Cooper Hynes,fantasy_points,-2,9,11
Darcy Fort,fantasy_points,-2,15,19
Kamdyn McIntosh,fantasy_points,-2,12,11
Lachie Ash,fantasy_points,-2,18,19
Lachie Fogarty,fantasy_points,-2,13,9
Lachlan McNeil,fantasy_points,-2,15,13
Nathan O'Driscoll,fantasy_points,-2,11,9
Archer Day-Wicks,fantasy_points,-2.5,8,9
Callum Mills,fantasy_points,-2.5,12,13
Callum Wilkie,fantasy_points,-2.5,18,19
Corey Wagner,fantasy_points,-2.5,14,15
Finn Callaghan,fantasy_points,-2.5,16,18
Sam Collins,fantasy_points,-2.5,17,18
Callum Ah Chee,fantasy_points,-3,14,16
George Wardlaw,fantasy_points,-3,14,9
Harry Himmelberg,fantasy_points,-3,18,19
Jack Darling,fantasy_points,-3,19,15
Jamie Elliott,fantasy_points,-3,18,18
Logan Morris,fantasy_points,-3,17,22
Max Michalanney,fantasy_points,-3,19,15
Rhys Stanley,fantasy_points,-3,11,9
Shai Bolton,fantasy_points,-3,17,19
Caleb Serong,fantasy_points,-3.5,16,18
Cam Mackenzie,fantasy_points,-3.5,11,12
Isaac Kako,fantasy_points,-3.5,14,15
Jack Higgins,fantasy_points,-3.5,16,15
Mark O'Connor,fantasy_points,-3.5,21,16
Matthew Owies,fantasy_points,-3.5,9,10
Ben Long,fantasy_points,-4,17,19
Isaac Quaynor,fantasy_points,-4,19,19
James Rowbottom,fantasy_points,-4,19,18
Jamie Cripps,fantasy_points,-4,13,13
Liam Ryan,fantasy_points,-4,14,15
Ryley Sanders,fantasy_points,-4,17,17
Tom Cole,fantasy_points,-4,12,14
Willie Rioli,fantasy_points,-4,11,8
Francis Evans,fantasy_points,-4.5,10,11
Karl Amon,fantasy_points,-4.5,16,21
Liam Duggan,fantasy_points,-4.5,17,18
Neil Erasmus,fantasy_points,-4.5,14,15
Toby Greene,fantasy_points,-4.5,18,17
Jaspa Fletcher,fantasy_points,-5,18,23
Koltyn Tholstrup,fantasy_points,-5,12,11
Riley Bice,fantasy_points,-5,14,16
Touk Miller,fantasy_points,-5,17,19
Zane Duursma,fantasy_points,-5,13,10
Bailey Williams,fantasy_points,-5.5,16,17
Hunter Clark,fantasy_points,-5.5,8,8
Jack Williams,fantasy_points,-5.5,9,8
Matt Rowell,fantasy_points,-5.5,14,19
Darcy Moore,fantasy_points,-6,14,12
Harry Edwards,fantasy_points,-6,9,10
Kysaiah Pickett,fantasy_points,-6,17,17
Oliver Florent,fantasy_points,-6,14,15
Connor Idun,fantasy_points,-6.5,18,19
Reuben Ginbey,fantasy_points,-6.5,18,18
Toby McMullin,fantasy_points,-6.5,7,10
Tom Brown,fantasy_points,-6.5,17,14
Tom Liberatore,fantasy_points,-6.5,13,14
Charlie Spargo,fantasy_points,-7,11,8
Hugh McCluggage,fantasy_points,-7,17,19
Nick Vlastuin,fantasy_points,-7,17,17
Tom Green,fantasy_points,-7,11,12
Tom Papley,fantasy_points,-7,12,10
Travis Boak,fantasy_points,-7,6,10
Will Hoskin-Elliott,fantasy_points,-7,9,9
Zac Taylor,fantasy_points,-7,17,11
Jye Amiss,fantasy_points,-7.5,17,20
Lachlan Blakiston,fantasy_points,-7.5,13,12
Liam Baker,fantasy_points,-7.5,18,18
Marc Pittonet,fantasy_points,-7.5,10,9
Tom Lynch,fantasy_points,-7.5,14,9
Cam Rayner,fantasy_points,-8,18,23
Jack Scrimshaw,fantasy_points,-8,10,12
Lachie Neale,fantasy_points,-8,15,21
Matt Flynn,fantasy_points,-8,12,10
Matthew Johnson,fantasy_points,-8,13,17
Riley Hardeman,fantasy_points,-8,10,9
Sam Flanders,fantasy_points,-8,16,19
Tom Sparrow,fantasy_points,-8,19,17
Tom Stewart,fantasy_points,-8,19,14
Joel Jeffrey,fantasy_points,-8.5,18,19
Rory Laird,fantasy_points,-8.5,18,15
Scott Pendlebury,fantasy_points,-8.5,18,14
Billy Frampton,fantasy_points,-9,15,14
Charlie Cameron,fantasy_points,-9,17,22
Cooper Lord,fantasy_points,-9,12,12
Jade Gresham,fantasy_points,-9,13,13
Jaeger O'Meara,fantasy_points,-9,8,10
Jayden Laverde,fantasy_points,-9,12,15
Lloyd Meek,fantasy_points,-9,18,20
Nick Larkey,fantasy_points,-9,17,13
Oisin Mullin,fantasy_points,-9,21,18
Murphy Reid,fantasy_points,-9.5,17,20
Andrew McGrath,fantasy_points,-10,17,17
Jake Melksham,fantasy_points,-10,11,11
Luke Pedlar,fantasy_points,-10,11,8
Reilly O'Brien,fantasy_points,-10,15,11
Sam Switkowski,fantasy_points,-10,12,18
Toby Nankervis,fantasy_points,-10,13,11
Archer May,fantasy_points,-10.5,8,9
Darcy Wilmot,fantasy_points,-10.5,18,23
Joe Fonti,fantasy_points,-10.5,14,15
Luke Cleary,fantasy_points,-10.5,10,7
Colby McKercher,fantasy_points,-11,20,16
Jordan Dawson,fantasy_points,-11,19,16
Mitch McGovern,fantasy_points,-11,15,15
Roan Steele,fantasy_points,-11,8,10
Tristan Xerri,fantasy_points,-11,16,14
Clayton Oliver,fantasy_points,-12,18,17
Connor O'Sullivan,fantasy_points,-12,21,18
Nathan Broad,fantasy_points,-12,18,16
Ryan Maric,fantasy_points,-12.5,14,17
Charlie Curnow,fantasy_points,-13,18,13
Dayne Zorko,fantasy_points,-13,15,19
Harry McKay,fantasy_points,-13,11,13
Isaac Cumming,fantasy_points,-13,18,15
Nick Murray,fantasy_points,-13,12,9
Riley Thilthorpe,fantasy_points,-13,19,17
Blake Howes,fantasy_points,-14,13,13
Darcy Fogarty,fantasy_points,-14,17,14
Jack Steele,fantasy_points,-14,19,17
Jonty Faull,fantasy_points,-14,12,14
Brayden Fiorini,fantasy_points,-15,11,10
Patrick Voss,fantasy_points,-15,15,17
Rowan Marshall,fantasy_points,-15,18,18
Bruce Reville,fantasy_points,-15.5,12,15
Braeden Campbell,fantasy_points,-16,11,12
Brayden Maynard,fantasy_points,-16,16,17
Bradley Hill,fantasy_points,-18,18,18
Jake Lever,fantasy_points,-18,11,10
Hugh Boxshall,fantasy_points,-19,7,9
Jake Lloyd,fantasy_points,-20,19,17
Corey Warner,fantasy_points,-20.5,8,10
Darcy Gardiner,fantasy_points,-20.5,11,14
Will Graham,fantasy_points,-22.5,10,9
Jordon Sweet,fantasy_points,-23,17,14
Caiden Cleary,fantasy_points,-25,8,9
Jeremy Howe,fantasy_points,-25.5,14,15
Brayden Cook,fantasy_points,-26,9,7
Jordan De Goey,fantasy_points,-26,12,11
Nic Martin,fantasy_points,-26,7,9
Jye Caldwell,fantasy_points,-26.5,12,9
Cooper Trembath,goals,2,10,6
Jake Stringer,goals,2,13,15
Seth Campbell,goals,1.5,17,18
Bailey Humphrey,goals,1,16,17
Bailey J. Williams,goals,1,11,15
Ben Keays,goals,1,21,17
Ben King,goals,1,18,20
Brody Mihocek,goals,1,17,15
Callum Brown,goals,1,14,16
Christian Petracca,goals,1,19,15
Cooper Hynes,goals,1,9,11
Cooper Sharman,goals,1,17,18
Darcy Byrne-Jones,goals,1,18,17
Ed Richards,goals,1,18,18
Harrison Petty,goals,1,17,15
Harry Sharp,goals,1,16,16
Harvey Thomas,goals,1,15,16
Hayden McLean,goals,1,9,14
Hugo Ralphsmith,goals,1,8,9
Isaac Heeney,goals,1,19,16
Isaac Kako,goals,1,14,15
Jacob Konstanty,goals,1,17,13
Jake Waterman,goals,1,11,11
Jed Walter,goals,1,10,14
Jesse Hogan,goals,1,13,11
Joe Richards,goals,1,19,16
Josh Rachele,goals,1,14,13
Lachlan McNeil,goals,1,15,13
Laitham Vandermeer,goals,1,9,11
Leonardo Lombard,goals,1,9,8
Malcolm Rosas,goals,1,9,7
Marcus Bontempelli,goals,1,16,16
Mitch Georgiades,goals,1,19,17
Mitch McGovern,goals,1,15,15
Nate Caddy,goals,1,15,15
Sam Darcy,goals,1,11,12
Sam Draper,goals,1,7,11
Sam Powell-Pepper,goals,1,9,7
Sam Switkowski,goals,1,12,18
Taylor Walker,goals,1,19,12
Tom Green,goals,1,11,12
Tyson Stengle,goals,1,13,11
Zane Duursma,goals,1,13,10
Alex Neal-Bullen,goals,0.5,21,16
Jack Martin,goals,0.5,15,10
Jake Riccardi,goals,0.5,16,13
Joel Amartey,goals,0.5,12,10
Jordan Dawson,goals,0.5,19,16
Josh Weddle,goals,0.5,14,17
Justin McInerney,goals,0.5,18,12
Kai Lohmann,goals,0.5,14,18
Sam Lalor,goals,0.5,8,10
Adam Cerra,goals,0,14,15
Adam Saad,goals,0,11,13
Aidan Corr,goals,0,10,6
Alex Pearce,goals,0,11,16
Aliir Aliir,goals,0,18,17
Andrew Brayshaw,goals,0,17,20
Andrew McGrath,goals,0,17,17
Angus Sheldrick,goals,0,16,17
Anthony Caminiti,goals,0,17,17
Archer Day-Wicks,goals,0,8,9
Archer Reid,goals,0,9,11
Archie Roberts,goals,0,18,19
Bailey Banfield,goals,0,10,11
Bailey Dale,goals,0,19,18
Bailey Smith,goals,0,20,17
Bailey Williams,goals,0,16,17
Bayley Fritsch,goals,0,17,18
Beau McCreery,goals,0,16,15
Ben Ainsworth,goals,0,17,20
Ben Hobbs,goals,0,7,11
Ben Long,goals,0,17,19
Ben McKay,goals,0,11,11
Ben Miller,goals,0,18,18
Billy Frampton,goals,0,15,14
Blake Acres,goals,0,10,11
Blake Hardwick,goals,0,18,21
Blake Howes,goals,0,13,13
Bo Allan,goals,0,9,8
Bodhi Uwland,goals,0,18,20
Brad Close,goals,0,19,17
Bradley Hill,goals,0,18,18
Brady Hough,goals,0,17,19
Braeden Campbell,goals,0,11,12
Brandon Starcevich,goals,0,6,10
Brayden Cook,goals,0,9,7
Brayden Maynard,goals,0,16,17
Brennan Cox,goals,0,16,18
Brodie Grundy,goals,0,17,18
Brodie Kemp,goals,0,9,9
Bruce Reville,goals,0,12,15
Buku Khamis,goals,0,14,14
Caiden Cleary,goals,0,8,9
Caleb Daniel,goals,0,20,16
Caleb Serong,goals,0,16,18
Caleb Windsor,goals,0,16,13
Callum Ah Chee,goals,0,14,16
Callum Mills,goals,0,12,13
Callum Wilkie,goals,0,18,19
Cam Mackenzie,goals,0,11,12
Cameron Zurhaar,goals,0,19,16
Chad Warner,goals,0,19,18
Changkuoth Jiath,goals,0,10,18
Charlie Comben,goals,0,18,14
Charlie Curnow,goals,0,18,13
Charlie Spargo,goals,0,11,8
Christian Moraes,goals,0,12,9
Christian Salem,goals,0,14,14
Clayton Oliver,goals,0,18,17
Connor Budarick,goals,0,13,17
Connor Idun,goals,0,18,19
Connor Macdonald,goals,0,17,20
Connor O'Sullivan,goals,0,21,18
Connor Rozee,goals,0,13,10
Conor Nash,goals,0,15,17
Cooper Lord,goals,0,12,12
Corey Durdin,goals,0,15,14
Corey Wagner,goals,0,14,15
Dan Houston,goals,0,17,17
Dane Rampe,goals,0,14,15
Daniel Curtin,goals,0,17,14
Daniel McStay,goals,0,15,16
Daniel Rioli,goals,0,15,18
Daniel Turner,goals,0,14,17
Darcy Cameron,goals,0,19,18
Darcy Fort,goals,0,15,19
Darcy Gardiner,goals,0,11,14
Darcy Jones,goals,0,12,11
Darcy Moore,goals,0,14,12
Darcy Wilmot,goals,0,18,23
Dayne Zorko,goals,0,15,19
Dion Prestia,goals,0,10,11
Dylan Moore,goals,0,17,21
Dylan Stephens,goals,0,20,15
Ed Langdon,goals,0,19,18
Edward Allan,goals,0,9,12
Elijah Hewett,goals,0,12,13
Eric Hipwood,goals,0,10,13
Esava Ratugolea,goals,0,12,8
Ethan Read,goals,0,13,17
Finn Callaghan,goals,0,16,18
Finn Maginness,goals,0,7,11
Finn O'Sullivan,goals,0,15,16
George Hewett,goals,0,16,16
George Wardlaw,goals,0,14,9
Griffin Logue,goals,0,16,11
Gryan Miers,goals,0,18,15
Hamish Davis,goals,0,10,12
Harris Andrews,goals,0,17,21
Harry Cunningham,goals,0,9,10
Harry Edwards,goals,0,9,10
Harry Himmelberg,goals,0,18,19
Harry McKay,goals,0,11,13
Harry Morrison,goals,0,10,13
Harry Perryman,goals,0,18,16
Harry Sheezel,goals,0,20,16
Heath Chapman,goals,0,17,19
Hugh Boxshall,goals,0,7,9
Hugo Garcia,goals,0,15,16
Hunter Clark,goals,0,8,8
Isaac Cumming,goals,0,18,15
Isaac Quaynor,goals,0,19,19
Isaiah Dudley,goals,0,14,15
Izak Rankine,goals,0,18,14
Jack Bowes,goals,0,15,13
Jack Buckley,goals,0,15,13
Jack Crisp,goals,0,19,19
Jack Darling,goals,0,19,15
Jack Ginnivan,goals,0,18,20
Jack Graham,goals,0,12,11
Jack Gunston,goals,0,14,18
Jack Henry,goals,0,16,15
Jack Higgins,goals,0,16,15
Jack Hutchinson,goals,0,9,9
Jack Macrae,goals,0,15,15
Jack Ross,goals,0,17,18
Jack Scrimshaw,goals,0,10,12
Jack Silvagni,goals,0,12,15
Jack Sinclair,goals,0,18,19
Jack Steele,goals,0,19,17
Jack Viney,goals,0,8,10
Jack Williams,goals,0,9,8
Jackson Mead,goals,0,13,11
Jacob Hopper,goals,0,18,17
Jacob Wehr,goals,0,12,13
Jacob Weitering,goals,0,18,15
Jacob van Rooyen,goals,0,15,15
Jaeger O'Meara,goals,0,8,10
Jai Newcombe,goals,0,18,21
Jake Bowey,goals,0,16,13
Jake Lever,goals,0,11,10
Jake Lloyd,goals,0,19,17
Jake Melksham,goals,0,11,11
Jake Soligo,goals,0,20,16
James Jordon,goals,0,19,18
James O'Donnell,goals,0,16,16
James Peatling,goals,0,20,16
James Rowbottom,goals,0,19,18
James Sicily,goals,0,15,20
James Trezise,goals,0,14,11
James Worpel,goals,0,11,16
Jamie Cripps,goals,0,13,13
Jamie Elliott,goals,0,18,18
Jarman Impey,goals,0,17,20
Jarrod Berry,goals,0,13,20
Jarrod Witts,goals,0,16,18
Jase Burgoyne,goals,0,17,16
Jason Horne-Francis,goals,0,17,11
Jason Johannisen,goals,0,8,8
Jaspa Fletcher,goals,0,18,23
Jaxon Prior,goals,0,18,18
Jayden Laverde,goals,0,12,15
Jayden Short,goals,0,14,14
Jeremy Cameron,goals,0,22,17
Jeremy Howe,goals,0,14,15
Jeremy Sharp,goals,0,7,9
Jesse Motlop,goals,0,12,11
Jobe Shanahan,goals,0,11,12
Joe Berry,goals,0,13,12
Joe Fonti,goals,0,14,15
Joel Freijah,goals,0,19,18
Joel Hamling,goals,0,9,8
Joel Jeffrey,goals,0,18,19
John Noble,goals,0,18,20
Jordan Clark,goals,0,17,20
Jordon Butts,goals,0,9,10
Jordon Sweet,goals,0,17,14
Josh Battle,goals,0,18,21
Josh Daicos,goals,0,19,19
Josh Dunkley,goals,0,18,23
Josh Sinn,goals,0,11,9
Josh Treacy,goals,0,17,20
Josh Ward,goals,0,18,20
Josh Worrell,goals,0,21,17
Judd McVee,goals,0,13,16
Jy Simpkin,goals,0,20,14
Kade Chandler,goals,0,19,18
Kamdyn McIntosh,goals,0,12,11
Kane Farrell,goals,0,18,15
Karl Amon,goals,0,16,21
Karl Worner,goals,0,16,20
Kieren Briggs,goals,0,14,16
Koltyn Tholstrup,goals,0,12,11
Kyle Langford,goals,0,12,11
Lachie Ash,goals,0,18,19
Lachie Fogarty,goals,0,13,9
Lachie Jones,goals,0,15,14
Lachie Neale,goals,0,15,21
Lachie Schultz,goals,0,14,15
Lachie Weller,goals,0,15,15
Lachie Whitfield,goals,0,17,18
Lachlan Blakiston,goals,0,13,12
Lachlan Bramble,goals,0,19,18
Lachlan Cowan,goals,0,13,13
Lawson Humphries,goals,0,21,17
Leek Aleer,goals,0,8,10
Levi Ashcroft,goals,0,18,23
Lewis Melican,goals,0,15,11
Lewis Young,goals,0,8,12
Liam Baker,goals,0,18,18
Liam Duggan,goals,0,17,18
Liam Ryan,goals,0,14,15
Liam Stocker,goals,0,12,14
Lloyd Meek,goals,0,18,20
Logan Evans,goals,0,11,12
Logan Morris,goals,0,17,22
Luke Cleary,goals,0,10,7
Luke Davies-Uniacke,goals,0,20,15
Luke Jackson,goals,0,16,18
Luke McDonald,goals,0,16,12
Luke Parker,goals,0,19,16
Luke Pedlar,goals,0,11,8
Luke Ryan,goals,0,17,19
Luke Trainor,goals,0,14,15
Mabior Chol,goals,0,14,18
Mac Andrew,goals,0,18,19
Marc Pittonet,goals,0,10,9
Marcus Windhager,goals,0,18,19
Mark Blicavs,goals,0,18,18
Mark Keane,goals,0,14,11
Mark O'Connor,goals,0,21,16
Mason Cox,goals,0,7,11
Mason Redman,goals,0,12,14
Massimo D'Ambrosio,goals,0,18,21
Matt Flynn,goals,0,12,10
Matt Roberts,goals,0,15,14
Matt Rowell,goals,0,14,19
Mattaes Phillipou,goals,0,7,14
Matthew Carroll,goals,0,15,12
Matthew Johnson,goals,0,13,17
Matthew Kennedy,goals,0,19,18
Maurice Rioli,goals,0,9,11
Max Gawn,goals,0,19,18
Max Hall,goals,0,18,19
Max Holmes,goals,0,22,18
Max Michalanney,goals,0,19,15
Michael Frederick,goals,0,15,17
Miles Bergman,goals,0,14,13
Mitch Lewis,goals,0,11,10
Mitchell Hinge,goals,0,14,11
Murphy Reid,goals,0,17,20
Nathan Broad,goals,0,18,16
Nathan O'Driscoll,goals,0,11,9
Ned Long,goals,0,18,18
Neil Erasmus,goals,0,14,15
Nic Martin,goals,0,7,9
Nick Blakey,goals,0,19,18
Nick Daicos,goals,0,19,18
Nick Haynes,goals,0,16,16
Nick Holman,goals,0,8,10
Nick Larkey,goals,0,17,13
Nick Murray,goals,0,12,9
Nick Vlastuin,goals,0,17,17
Nick Watson,goals,0,18,20
Noah Anderson,goals,0,17,20
Noah Answerth,goals,0,9,14
Noah Balta,goals,0,13,12
Oisin Mullin,goals,0,21,18
Oliver Dempsey,goals,0,22,18
Oliver Florent,goals,0,14,15
Oliver Henry,goals,0,14,14
Oliver Hollands,goals,0,17,15
Ollie Lord,goals,0,8,8
Ollie Wines,goals,0,14,16
Oscar Adams,goals,0,11,7
Oscar Allen,goals,0,9,11
Oskar Baker,goals,0,7,11
Patrick Cripps,goals,0,18,18
Patrick Dangerfield,goals,0,18,15
Patrick Lipinski,goals,0,19,16
Paul Curtis,goals,0,19,13
Peter Wright,goals,0,15,14
Reilly O'Brien,goals,0,15,11
Reuben Ginbey,goals,0,18,18
Rhyan Mansell,goals,0,9,12
Rhylee West,goals,0,19,18
Rhys Stanley,goals,0,11,9
Riley Bice,goals,0,14,16
Riley Hardeman,goals,0,10,9
Rory Laird,goals,0,18,15
Rory Lobb,goals,0,17,17
Rowan Marshall,goals,0,18,18
Ryan Angwin,goals,0,10,10
Ryan Byrnes,goals,0,13,10
Ryan Lester,goals,0,16,20
Ryan Maric,goals,0,14,17
Ryley Sanders,goals,0,17,17
Saad El-Hawli,goals,0,9,7
Sam Banks,goals,0,15,15
Sam Berry,goals,0,18,14
Sam Clohesy,goals,0,9,13
Sam Collins,goals,0,17,18
Sam Davidson,goals,0,15,13
Sam De Koning,goals,0,20,16
Sam Durham,goals,0,16,17
Sam Flanders,goals,0,16,19
Sam Taylor,goals,0,10,12
Sam Walsh,goals,0,13,14
Sam Wicks,goals,0,18,17
Sandy Brock,goals,0,8,10
Scott Pendlebury,goals,0,18,14
Sean Darcy,goals,0,10,12
Shai Bolton,goals,0,17,19
Shannon Neale,goals,0,22,17
Shaun Mannagh,goals,0,21,16
Steele Sidebottom,goals,0,18,16
Stephen Coniglio,goals,0,11,10
Steven May,goals,0,7,9
Tim English,goals,0,17,15
Tim Kelly,goals,0,18,15
Tim Membrey,goals,0,16,16
Tim Taranto,goals,0,17,16
Toby Bedford,goals,0,16,16
Toby McMullin,goals,0,7,10
Toby Nankervis,goals,0,13,11
Toby Pink,goals,0,11,11
Todd Goldstein,goals,0,8,8
Tom Atkins,goals,0,22,18
Tom Barrass,goals,0,16,18
Tom Brown,goals,0,17,14
Tom Cole,goals,0,12,14
Tom De Koning,goals,0,18,18
Tom Liberatore,goals,0,13,14
Tom McCarthy,goals,0,12,11
Tom McCartin,goals,0,16,15
Tom McDonald,goals,0,10,11
Tom Papley,goals,0,12,10
Tom Powell,goals,0,16,15
Tom Sparrow,goals,0,19,17
Tom Stewart,goals,0,19,14
Travis Boak,goals,0,6,10
Trent Rivers,goals,0,16,14
Tristan Xerri,goals,0,16,14
Ty Gallop,goals,0,6,12
Tylar Young,goals,0,11,10
Tyler Sonsie,goals,0,14,13
Tyrell Dewar,goals,0,7,9
Wayne Milera,goals,0,20,17
Wil Powell,goals,0,18,19
Will Ashcroft,goals,0,18,23
Will Hayward,goals,0,16,17
Will Hoskin-Elliott,goals,0,9,9
Will Setterfield,goals,0,7,10
Willem Drew,goals,0,19,17
Xavier Duursma,goals,0,17,19
Xavier Lindsay,goals,0,12,11
Xavier O'Halloran,goals,0,16,15
Zac Taylor,goals,0,17,11
Zach Guthrie,goals,0,22,18
Zach Merrett,goals,0,17,19
Zach Reid,goals,0,12,12
Zak Butters,goals,0,18,15
Aaron Cadman,goals,-0.5,16,16
Aaron Naughton,goals,-0.5,19,18
Archie Perkins,goals,-0.5,14,17
Brayden Fiorini,goals,-0.5,11,10
Colby McKercher,goals,-0.5,20,16
Corey Warner,goals,-0.5,8,10
Darcy Fogarty,goals,-0.5,17,14
Francis Evans,goals,-0.5,10,11
Harley Reid,goals,-0.5,16,17
Jordan De Goey,goals,-0.5,12,11
Matthew Owies,goals,-0.5,9,10
Mitch Owens,goals,-0.5,16,14
Roan Steele,goals,-0.5,8,10
Toby Greene,goals,-0.5,18,17
Zac Williams,goals,-0.5,16,12
Cam Rayner,goals,-1,18,23
Charlie Cameron,goals,-1,17,22
Darcy Wilson,goals,-1,14,17
Harvey Langford,goals,-1,19,17
Hugh McCluggage,goals,-1,17,19
Jade Gresham,goals,-1,13,13
Jonty Faull,goals,-1,12,14
Jye Amiss,goals,-1,17,20
Jye Caldwell,goals,-1,12,9
Kysaiah Pickett,goals,-1,17,17
Mason Wood,goals,-1,15,19
Nasiah Wanganeen-Milera,goals,-1,16,17
Riley Thilthorpe,goals,-1,19,17
Steely Green,goals,-1,16,16
Tom Lynch,goals,-1,14,9
Touk Miller,goals,-1,17,19
Tyler Brockman,goals,-1,10,10
Will Graham,goals,-1,10,9
Willie Rioli,goals,-1,11,8
Zac Bailey,goals,-1,17,22
Jack Whitlock,goals,-1.5,9,8
Archer May,goals,-2,8,9
Patrick Voss,goals,-2,15,17
Kane Farrell,marks,4,18,15
Brady Hough,marks,3,17,19
Finn Maginness,marks,3,7,11
Mattaes Phillipou,marks,3,7,14
Ty Gallop,marks,3,6,12
Will Setterfield,marks,3,7,10
Ed Langdon,marks,2.5,19,18
Jack Henry,marks,2.5,16,15
Jayden Short,marks,2.5,14,14
Luke Trainor,marks,2.5,14,15
Tylar Young,marks,2.5,11,10
Aliir Aliir,marks,2,18,17
Andrew Brayshaw,marks,2,17,20
Ben King,marks,2,18,20
Brennan Cox,marks,2,16,18
Connor Macdonald,marks,2,17,20
Corey Wagner,marks,2,14,15
Darcy Fogarty,marks,2,17,14
Griffin Logue,marks,2,16,11
Harry Sheezel,marks,2,20,16
Hugo Ralphsmith,marks,2,8,9
Jack Bowes,marks,2,15,13
Jack Buckley,marks,2,15,13
Jack Hutchinson,marks,2,9,9
Jack Macrae,marks,2,15,15
Jackson Mead,marks,2,13,11
Jake Waterman,marks,2,11,11
Jamie Cripps,marks,2,13,13
Josh Treacy,marks,2,17,20
Kade Chandler,marks,2,19,18
Koltyn Tholstrup,marks,2,12,11
Lachie Jones,marks,2,15,14
Lachlan Cowan,marks,2,13,13
Laitham Vandermeer,marks,2,9,11
Lawson Humphries,marks,2,21,17
Lewis Melican,marks,2,15,11
Liam Duggan,marks,2,17,18
Logan Evans,marks,2,11,12
Luke McDonald,marks,2,16,12
Mark Keane,marks,2,14,11
Mason Redman,marks,2,12,14
Matthew Carroll,marks,2,15,12
Nasiah Wanganeen-Milera,marks,2,16,17
Oliver Hollands,marks,2,17,15
Ollie Lord,marks,2,8,8
Ryan Byrnes,marks,2,13,10
Sam Clohesy,marks,2,9,13
Sam Durham,marks,2,16,17
Tom Sparrow,marks,2,19,17
Zac Bailey,marks,2,17,22
Aidan Corr,marks,1.5,10,6
Blake Hardwick,marks,1.5,18,21
Bo Allan,marks,1.5,9,8
Changkuoth Jiath,marks,1.5,10,18
Charlie Comben,marks,1.5,18,14
Connor O'Sullivan,marks,1.5,21,18
Connor Rozee,marks,1.5,13,10
Darcy Byrne-Jones,marks,1.5,18,17
Edward Allan,marks,1.5,9,12
Jarrod Berry,marks,1.5,13,20
Jason Johannisen,marks,1.5,8,8
Liam Stocker,marks,1.5,12,14
Marcus Bontempelli,marks,1.5,16,16
Marcus Windhager,marks,1.5,18,19
Mark Blicavs,marks,1.5,18,18
Matt Flynn,marks,1.5,12,10
Trent Rivers,marks,1.5,16,14
Zak Butters,marks,1.5,18,15
Aaron Naughton,marks,1,19,18
Alex Pearce,marks,1,11,16
Bailey Humphrey,marks,1,16,17
Ben Ainsworth,marks,1,17,20
Ben Long,marks,1,17,19
Ben McKay,marks,1,11,11
Blake Howes,marks,1,13,13
Bodhi Uwland,marks,1,18,20
Brad Close,marks,1,19,17
Brodie Kemp,marks,1,9,9
Brody Mihocek,marks,1,17,15
Buku Khamis,marks,1,14,14
Conor Nash,marks,1,15,17
Cooper Hynes,marks,1,9,11
Daniel Curtin,marks,1,17,14
Daniel Rioli,marks,1,15,18
Daniel Turner,marks,1,14,17
Darcy Cameron,marks,1,19,18
Darcy Wilmot,marks,1,18,23
Dayne Zorko,marks,1,15,19
Dylan Moore,marks,1,17,21
Dylan Stephens,marks,1,20,15
Eric Hipwood,marks,1,10,13
Ethan Read,marks,1,13,17
Finn Callaghan,marks,1,16,18
Harris Andrews,marks,1,17,21
Harry Cunningham,marks,1,9,10
Harry Perryman,marks,1,18,16
Hayden McLean,marks,1,9,14
Jack Crisp,marks,1,19,19
Jack Darling,marks,1,19,15
Jack Martin,marks,1,15,10
Jacob Konstanty,marks,1,17,13
Jacob Weitering,marks,1,18,15
Jake Riccardi,marks,1,16,13
James Jordon,marks,1,19,18
Jarrod Witts,marks,1,16,18
Jase Burgoyne,marks,1,17,16
Jason Horne-Francis,marks,1,17,11
Jeremy Cameron,marks,1,22,17
Jeremy Sharp,marks,1,7,9
Jesse Hogan,marks,1,13,11
Jobe Shanahan,marks,1,11,12
Joe Richards,marks,1,19,16
Joel Amartey,marks,1,12,10
Joel Hamling,marks,1,9,8
John Noble,marks,1,18,20
Jordon Butts,marks,1,9,10
Josh Battle,marks,1,18,21
Josh Daicos,marks,1,19,19
Josh Dunkley,marks,1,18,23
Josh Sinn,marks,1,11,9
Kyle Langford,marks,1,12,11
Lachie Neale,marks,1,15,21
Lachlan Bramble,marks,1,19,18
Lachlan McNeil,marks,1,15,13
Lewis Young,marks,1,8,12
Luke Parker,marks,1,19,16
Luke Ryan,marks,1,17,19
Mabior Chol,marks,1,14,18
Mason Wood,marks,1,15,19
Matthew Kennedy,marks,1,19,18
Maurice Rioli,marks,1,9,11
Max Michalanney,marks,1,19,15
Mitch Georgiades,marks,1,19,17
Mitch McGovern,marks,1,15,15
Noah Anderson,marks,1,17,20
Noah Answerth,marks,1,9,14
Patrick Lipinski,marks,1,19,16
Peter Wright,marks,1,15,14
Rhylee West,marks,1,19,18
Rory Laird,marks,1,18,15
Rory Lobb,marks,1,17,17
Ryan Lester,marks,1,16,20
Sam Banks,marks,1,15,15
Sam Collins,marks,1,17,18
Sam Davidson,marks,1,15,13
Sam Draper,marks,1,7,11
Sam Walsh,marks,1,13,14
Tim English,marks,1,17,15
Toby Pink,marks,1,11,11
Todd Goldstein,marks,1,8,8
Tom McCartin,marks,1,16,15
Tom Powell,marks,1,16,15
Tristan Xerri,marks,1,16,14
Tyson Stengle,marks,1,13,11
Willem Drew,marks,1,19,17
Xavier Duursma,marks,1,17,19
Zach Guthrie,marks,1,22,18
Zane Duursma,marks,1,13,10
Aaron Cadman,marks,0.5,16,16
Archie Perkins,marks,0.5,14,17
Ben Miller,marks,0.5,18,18
Caleb Daniel,marks,0.5,20,16
Callum Brown,marks,0.5,14,16
Cameron Zurhaar,marks,0.5,19,16
Christian Salem,marks,0.5,14,14
Darcy Wilson,marks,0.5,14,17
Dion Prestia,marks,0.5,10,11
Gryan Miers,marks,0.5,18,15
Hamish Davis,marks,0.5,10,12
Harley Reid,marks,0.5,16,17
Hugo Garcia,marks,0.5,15,16
Jack Silvagni,marks,0.5,12,15
Jack Whitlock,marks,0.5,9,8
Jack Williams,marks,0.5,9,8
James O'Donnell,marks,0.5,16,16
James Rowbottom,marks,0.5,19,18
Jarman Impey,marks,0.5,17,20
Jaspa Fletcher,marks,0.5,18,23
Jaxon Prior,marks,0.5,18,18
Jed Walter,marks,0.5,10,14
Jordan De Goey,marks,0.5,12,11
Judd McVee,marks,0.5,13,16
Jy Simpkin,marks,0.5,20,14
Kieren Briggs,marks,0.5,14,16
Lachie Whitfield,marks,0.5,17,18
Lloyd Meek,marks,0.5,18,20
Massimo D'Ambrosio,marks,0.5,18,21
Mitch Lewis,marks,0.5,11,10
Noah Balta,marks,0.5,13,12
Oisin Mullin,marks,0.5,21,18
Sam Flanders,marks,0.5,16,19
Sam Lalor,marks,0.5,8,10
Sandy Brock,marks,0.5,8,10
Shannon Neale,marks,0.5,22,17
Tim Membrey,marks,0.5,16,16
Tom Barrass,marks,0.5,16,18
Tom McDonald,marks,0.5,10,11
Wayne Milera,marks,0.5,20,17
Xavier Lindsay,marks,0.5,12,11
Alex Neal-Bullen,marks,0,21,16
Andrew McGrath,marks,0,17,17
Anthony Caminiti,marks,0,17,17
Archer Reid,marks,0,9,11
Bailey Banfield,marks,0,10,11
Bailey Dale,marks,0,19,18
Bailey J. Williams,marks,0,11,15
Bayley Fritsch,marks,0,17,18
Beau McCreery,marks,0,16,15
Ben Hobbs,marks,0,7,11
Brandon Starcevich,marks,0,6,10
Brayden Fiorini,marks,0,11,10
Brodie Grundy,marks,0,17,18
Caleb Serong,marks,0,16,18
Caleb Windsor,marks,0,16,13
Callum Ah Chee,marks,0,14,16
Callum Mills,marks,0,12,13
Cam Mackenzie,marks,0,11,12
Cam Rayner,marks,0,18,23
Chad Warner,marks,0,19,18
Christian Moraes,marks,0,12,9
Christian Petracca,marks,0,19,15
Cooper Sharman,marks,0,17,18
Cooper Trembath,marks,0,10,6
Corey Durdin,marks,0,15,14
Dan Houston,marks,0,17,17
Darcy Fort,marks,0,15,19
Darcy Jones,marks,0,12,11
Darcy Moore,marks,0,14,12
Ed Richards,marks,0,18,18
Esava Ratugolea,marks,0,12,8
Finn O'Sullivan,marks,0,15,16
Francis Evans,marks,0,10,11
Harrison Petty,marks,0,17,15
Harry Himmelberg,marks,0,18,19
Harry Morrison,marks,0,10,13
Harry Sharp,marks,0,16,16
Harvey Langford,marks,0,19,17
Harvey Thomas,marks,0,15,16
Hugh McCluggage,marks,0,17,19
Isaac Quaynor,marks,0,19,19
Jack Ginnivan,marks,0,18,20
Jack Graham,marks,0,12,11
Jack Gunston,marks,0,14,18
Jack Higgins,marks,0,16,15
Jack Ross,marks,0,17,18
Jacob Hopper,marks,0,18,17
Jacob Wehr,marks,0,12,13
Jacob van Rooyen,marks,0,15,15
Jai Newcombe,marks,0,18,21
Jake Bowey,marks,0,16,13
Jake Melksham,marks,0,11,11
Jake Stringer,marks,0,13,15
James Peatling,marks,0,20,16
James Worpel,marks,0,11,16
Jesse Motlop,marks,0,12,11
Joe Berry,marks,0,13,12
Joel Jeffrey,marks,0,18,19
Jordan Clark,marks,0,17,20
Jordon Sweet,marks,0,17,14
Josh Worrell,marks,0,21,17
Justin McInerney,marks,0,18,12
Jye Amiss,marks,0,17,20
Jye Caldwell,marks,0,12,9
Kysaiah Pickett,marks,0,17,17
Lachie Schultz,marks,0,14,15
Lachie Weller,marks,0,15,15
Leek Aleer,marks,0,8,10
Leonardo Lombard,marks,0,9,8
Levi Ashcroft,marks,0,18,23
Liam Baker,marks,0,18,18
Liam Ryan,marks,0,14,15
Logan Morris,marks,0,17,22
Luke Cleary,marks,0,10,7
Luke Jackson,marks,0,16,18
Luke Pedlar,marks,0,11,8
Malcolm Rosas,marks,0,9,7
Mason Cox,marks,0,7,11
Matt Roberts,marks,0,15,14
Matthew Johnson,marks,0,13,17
Matthew Owies,marks,0,9,10
Max Gawn,marks,0,19,18
Max Holmes,marks,0,22,18
Miles Bergman,marks,0,14,13
Nate Caddy,marks,0,15,15
Nathan O'Driscoll,marks,0,11,9
Ned Long,marks,0,18,18
Nick Daicos,marks,0,19,18
Nick Holman,marks,0,8,10
Nick Vlastuin,marks,0,17,17
Nick Watson,marks,0,18,20
Oliver Dempsey,marks,0,22,18
Oliver Henry,marks,0,14,14
Oscar Adams,marks,0,11,7
Oskar Baker,marks,0,7,11
Patrick Cripps,marks,0,18,18
Patrick Dangerfield,marks,0,18,15
Patrick Voss,marks,0,15,17
Paul Curtis,marks,0,19,13
Rowan Marshall,marks,0,18,18
Ryan Maric,marks,0,14,17
Ryley Sanders,marks,0,17,17
Saad El-Hawli,marks,0,9,7
Sam Darcy,marks,0,11,12
Sam Powell-Pepper,marks,0,9,7
Sam Taylor,marks,0,10,12
Sam Wicks,marks,0,18,17
Seth Campbell,marks,0,17,18
Shaun Mannagh,marks,0,21,16
Stephen Coniglio,marks,0,11,10
Taylor Walker,marks,0,19,12
Tim Kelly,marks,0,18,15
Tim Taranto,marks,0,17,16
Toby Bedford,marks,0,16,16
Toby Nankervis,marks,0,13,11
Tom Brown,marks,0,17,14
Tom De Koning,marks,0,18,18
Tom Green,marks,0,11,12
Tom McCarthy,marks,0,12,11
Touk Miller,marks,0,17,19
Tyler Sonsie,marks,0,14,13
Tyrell Dewar,marks,0,7,9
Wil Powell,marks,0,18,19
Zac Taylor,marks,0,17,11
Zach Merrett,marks,0,17,19
Adam Cerra,marks,-0.5,14,15
Angus Sheldrick,marks,-0.5,16,17
Bailey Smith,marks,-0.5,20,17
Billy Frampton,marks,-0.5,15,14
Blake Acres,marks,-0.5,10,11
Clayton Oliver,marks,-0.5,18,17
Cooper Lord,marks,-0.5,12,12
George Hewett,marks,-0.5,16,16
George Wardlaw,marks,-0.5,14,9
Isaac Kako,marks,-0.5,14,15
Isaiah Dudley,marks,-0.5,14,15
Jack Sinclair,marks,-0.5,18,19
Jamie Elliott,marks,-0.5,18,18
Joel Freijah,marks,-0.5,19,18
Josh Ward,marks,-0.5,18,20
Josh Weddle,marks,-0.5,14,17
Karl Amon,marks,-0.5,16,21
Lachlan Blakiston,marks,-0.5,13,12
Mitch Owens,marks,-0.5,16,14
Mitchell Hinge,marks,-0.5,14,11
Murphy Reid,marks,-0.5,17,20
Ollie Wines,marks,-0.5,14,16
Steele Sidebottom,marks,-0.5,18,16
Tom Atkins,marks,-0.5,22,18
Tom Stewart,marks,-0.5,19,14
Will Hayward,marks,-0.5,16,17
Willie Rioli,marks,-0.5,11,8
Zac Williams,marks,-0.5,16,12
Adam Saad,marks,-1,11,13
Archer Day-Wicks,marks,-1,8,9
Archie Roberts,marks,-1,18,19
Bailey Williams,marks,-1,16,17
Ben Keays,marks,-1,21,17
Brayden Maynard,marks,-1,16,17
Caiden Cleary,marks,-1,8,9
Charlie Cameron,marks,-1,17,22
Charlie Curnow,marks,-1,18,13
Charlie Spargo,marks,-1,11,8
Colby McKercher,marks,-1,20,16
Connor Budarick,marks,-1,13,17
Connor Idun,marks,-1,18,19
Dane Rampe,marks,-1,14,15
Daniel McStay,marks,-1,15,16
Darcy Gardiner,marks,-1,11,14
Elijah Hewett,marks,-1,12,13
Heath Chapman,marks,-1,17,19
Hugh Boxshall,marks,-1,7,9
Isaac Heeney,marks,-1,19,16
Jade Gresham,marks,-1,13,13
Jake Soligo,marks,-1,20,16
James Trezise,marks,-1,14,11
Jayden Laverde,marks,-1,12,15
Jeremy Howe,marks,-1,14,15
Joe Fonti,marks,-1,14,15
Jonty Faull,marks,-1,12,14
Jordan Dawson,marks,-1,19,16
Kai Lohmann,marks,-1,14,18
Kamdyn McIntosh,marks,-1,12,11
Karl Worner,marks,-1,16,20
Lachie Fogarty,marks,-1,13,9
Luke Davies-Uniacke,marks,-1,20,15
Mac Andrew,marks,-1,18,19
Marc Pittonet,marks,-1,10,9
Mark O'Connor,marks,-1,21,16
Matt Rowell,marks,-1,14,19
Max Hall,marks,-1,18,19
Michael Frederick,marks,-1,15,17
Neil Erasmus,marks,-1,14,15
Nick Blakey,marks,-1,19,18
Nick Haynes,marks,-1,16,16
Nick Larkey,marks,-1,17,13
Nick Murray,marks,-1,12,9
Oscar Allen,marks,-1,9,11
Reilly O'Brien,marks,-1,15,11
Reuben Ginbey,marks,-1,18,18
Rhys Stanley,marks,-1,11,9
Riley Bice,marks,-1,14,16
Riley Thilthorpe,marks,-1,19,17
Roan Steele,marks,-1,8,10
Sam Berry,marks,-1,18,14
Sam De Koning,marks,-1,20,16
Sam Switkowski,marks,-1,12,18
Scott Pendlebury,marks,-1,18,14
Sean Darcy,marks,-1,10,12
Shai Bolton,marks,-1,17,19
Steely Green,marks,-1,16,16
Tom Liberatore,marks,-1,13,14
Tom Papley,marks,-1,12,10
Travis Boak,marks,-1,6,10
Tyler Brockman,marks,-1,10,10
Will Ashcroft,marks,-1,18,23
Will Hoskin-Elliott,marks,-1,9,9
Xavier O'Halloran,marks,-1,16,15
Zach Reid,marks,-1,12,12
Braeden Campbell,marks,-1.5,11,12
Bruce Reville,marks,-1.5,12,15
Corey Warner,marks,-1.5,8,10
Hunter Clark,marks,-1.5,8,8
Isaac Cumming,marks,-1.5,18,15
Izak Rankine,marks,-1.5,18,14
Jack Scrimshaw,marks,-1.5,10,12
Jack Viney,marks,-1.5,8,10
James Sicily,marks,-1.5,15,20
Josh Rachele,marks,-1.5,14,13
Lachie Ash,marks,-1.5,18,19
Nathan Broad,marks,-1.5,18,16
Ryan Angwin,marks,-1.5,10,10
Toby McMullin,marks,-1.5,7,10
Tom Cole,marks,-1.5,12,14
Callum Wilkie,marks,-2,18,19
Harry McKay,marks,-2,11,13
Jack Steele,marks,-2,19,17
Jaeger O'Meara,marks,-2,8,10
Jake Lloyd,marks,-2,19,17
Nic Martin,marks,-2,7,9
Oliver Florent,marks,-2,14,15
Riley Hardeman,marks,-2,10,9
Steven May,marks,-2,7,9
Toby Greene,marks,-2,18,17
Tom Lynch,marks,-2,14,9
Will Graham,marks,-2,10,9
Archer May,marks,-2.5,8,9
Bradley Hill,marks,-2.5,18,18
Harry Edwards,marks,-2.5,9,10
Jake Lever,marks,-2.5,11,10
Brayden Cook,marks,-3,9,7
Rhyan Mansell,marks,-3,9,12
Stephen Coniglio,tackles,3,11,10
Clayton Oliver,tackles,2,18,17
Harley Reid,tackles,2,16,17
Jack Macrae,tackles,2,15,15
Joe Fonti,tackles,2,14,15
Lachie Schultz,tackles,2,14,15
Mattaes Phillipou,tackles,2,7,14
Oliver Florent,tackles,2,14,15
Ryan Angwin,tackles,2,10,10
Sam Berry,tackles,2,18,14
Steele Sidebottom,tackles,2,18,16
Willem Drew,tackles,2,19,17
Bailey Banfield,tackles,1.5,10,11
Caleb Serong,tackles,1.5,16,18
Corey Wagner,tackles,1.5,14,15
Dion Prestia,tackles,1.5,10,11
Finn Callaghan,tackles,1.5,16,18
Hunter Clark,tackles,1.5,8,8
Jack Viney,tackles,1.5,8,10
Max Hall,tackles,1.5,18,19
Nick Holman,tackles,1.5,8,10
Oliver Dempsey,tackles,1.5,22,18
Sam Lalor,tackles,1.5,8,10
Scott Pendlebury,tackles,1.5,18,14
Toby Greene,tackles,1.5,18,17
Will Setterfield,tackles,1.5,7,10
Adam Saad,tackles,1,11,13
Angus Sheldrick,tackles,1,16,17
Anthony Caminiti,tackles,1,17,17
Archie Roberts,tackles,1,18,19
Bailey Humphrey,tackles,1,16,17
Ben Ainsworth,tackles,1,17,20
Blake Acres,tackles,1,10,11
Brady Hough,tackles,1,17,19
Braeden Campbell,tackles,1,11,12
Brayden Cook,tackles,1,9,7
Brayden Maynard,tackles,1,16,17
Brodie Kemp,tackles,1,9,9
Cam Mackenzie,tackles,1,11,12
Christian Moraes,tackles,1,12,9
Christian Petracca,tackles,1,19,15
Cooper Sharman,tackles,1,17,18
Cooper Trembath,tackles,1,10,6
Daniel Rioli,tackles,1,15,18
Dylan Stephens,tackles,1,20,15
Eric Hipwood,tackles,1,10,13
Finn Maginness,tackles,1,7,11
Harrison Petty,tackles,1,17,15
Harry Perryman,tackles,1,18,16
Heath Chapman,tackles,1,17,19
Hugo Ralphsmith,tackles,1,8,9
Isaac Heeney,tackles,1,19,16
Jack Crisp,tackles,1,19,19
Jack Sinclair,tackles,1,18,19
Jaeger O'Meara,tackles,1,8,10
Jake Riccardi,tackles,1,16,13
Jake Stringer,tackles,1,13,15
James Rowbottom,tackles,1,19,18
James Sicily,tackles,1,15,20
Jamie Elliott,tackles,1,18,18
Jase Burgoyne,tackles,1,17,16
Jeremy Cameron,tackles,1,22,17
Josh Daicos,tackles,1,19,19
Josh Worrell,tackles,1,21,17
Judd McVee,tackles,1,13,16
Jy Simpkin,tackles,1,20,14
Leonardo Lombard,tackles,1,9,8
Luke Davies-Uniacke,tackles,1,20,15
Luke Trainor,tackles,1,14,15
Malcolm Rosas,tackles,1,9,7
Marcus Windhager,tackles,1,18,19
Massimo D'Ambrosio,tackles,1,18,21
Matt Rowell,tackles,1,14,19
Matthew Owies,tackles,1,9,10
Maurice Rioli,tackles,1,9,11
Mitch Georgiades,tackles,1,19,17
Mitch Lewis,tackles,1,11,10
Ned Long,tackles,1,18,18
Nick Blakey,tackles,1,19,18
Nick Vlastuin,tackles,1,17,17
Oliver Henry,tackles,1,14,14
Ollie Wines,tackles,1,14,16
Roan Steele,tackles,1,8,10
Sam Taylor,tackles,1,10,12
Sam Wicks,tackles,1,18,17
Sean Darcy,tackles,1,10,12
Shannon Neale,tackles,1,22,17
Taylor Walker,tackles,1,19,12
Tim Kelly,tackles,1,18,15
Tim Taranto,tackles,1,17,16
Tom McCarthy,tackles,1,12,11
Tom McCartin,tackles,1,16,15
Tom Stewart,tackles,1,19,14
Trent Rivers,tackles,1,16,14
Tristan Xerri,tackles,1,16,14
Tylar Young,tackles,1,11,10
Wayne Milera,tackles,1,20,17
Will Hoskin-Elliott,tackles,1,9,9
Willie Rioli,tackles,1,11,8
Xavier Duursma,tackles,1,17,19
Xavier Lindsay,tackles,1,12,11
Xavier O'Halloran,tackles,1,16,15
Zane Duursma,tackles,1,13,10
Alex Neal-Bullen,tackles,0.5,21,16
Archie Perkins,tackles,0.5,14,17
Bailey Smith,tackles,0.5,20,17
Beau McCreery,tackles,0.5,16,15
Brandon Starcevich,tackles,0.5,6,10
Brennan Cox,tackles,0.5,16,18
Bruce Reville,tackles,0.5,12,15
Cam Rayner,tackles,0.5,18,23
Connor Macdonald,tackles,0.5,17,20
Connor Rozee,tackles,0.5,13,10
Dane Rampe,tackles,0.5,14,15
Daniel McStay,tackles,0.5,15,16
Darcy Wilson,tackles,0.5,14,17
Ed Richards,tackles,0.5,18,18
Francis Evans,tackles,0.5,10,11
Gryan Miers,tackles,0.5,18,15
Hamish Davis,tackles,0.5,10,12
Harry Himmelberg,tackles,0.5,18,19
Harry Sheezel,tackles,0.5,20,16
Isaac Kako,tackles,0.5,14,15
Isaiah Dudley,tackles,0.5,14,15
Jake Bowey,tackles,0.5,16,13
James Peatling,tackles,0.5,20,16
Jason Johannisen,tackles,0.5,8,8
Jaxon Prior,tackles,0.5,18,18
Joel Amartey,tackles,0.5,12,10
Kade Chandler,tackles,0.5,19,18
Luke Cleary,tackles,0.5,10,7
Luke Jackson,tackles,0.5,16,18
Luke Pedlar,tackles,0.5,11,8
Mabior Chol,tackles,0.5,14,18
Mark Blicavs,tackles,0.5,18,18
Max Gawn,tackles,0.5,19,18
Nick Daicos,tackles,0.5,19,18
Noah Balta,tackles,0.5,13,12
Patrick Cripps,tackles,0.5,18,18
Rhyan Mansell,tackles,0.5,9,12
Rowan Marshall,tackles,0.5,18,18
Sam De Koning,tackles,0.5,20,16
Shaun Mannagh,tackles,0.5,21,16
Todd Goldstein,tackles,0.5,8,8
Tom Atkins,tackles,0.5,22,18
Tom Cole,tackles,0.5,12,14
Tom De Koning,tackles,0.5,18,18
Tom Green,tackles,0.5,11,12
Zach Reid,tackles,0.5,12,12
Adam Cerra,tackles,0,14,15
Alex Pearce,tackles,0,11,16
Aliir Aliir,tackles,0,18,17
Archer May,tackles,0,8,9
Archer Reid,tackles,0,9,11
Bailey Dale,tackles,0,19,18
Bailey Williams,tackles,0,16,17
Bayley Fritsch,tackles,0,17,18
Ben Hobbs,tackles,0,7,11
Ben Keays,tackles,0,21,17
Ben Long,tackles,0,17,19
Ben McKay,tackles,0,11,11
Billy Frampton,tackles,0,15,14
Blake Hardwick,tackles,0,18,21
Bodhi Uwland,tackles,0,18,20
Brad Close,tackles,0,19,17
Brayden Fiorini,tackles,0,11,10
Brodie Grundy,tackles,0,17,18
Brody Mihocek,tackles,0,17,15
Buku Khamis,tackles,0,14,14
Caleb Windsor,tackles,0,16,13
Callum Brown,tackles,0,14,16
Callum Mills,tackles,0,12,13
Callum Wilkie,tackles,0,18,19
Cameron Zurhaar,tackles,0,19,16
Changkuoth Jiath,tackles,0,10,18
Charlie Cameron,tackles,0,17,22
Charlie Comben,tackles,0,18,14
Christian Salem,tackles,0,14,14
Colby McKercher,tackles,0,20,16
Connor Budarick,tackles,0,13,17
Connor Idun,tackles,0,18,19
Connor O'Sullivan,tackles,0,21,18
Conor Nash,tackles,0,15,17
Corey Durdin,tackles,0,15,14
Daniel Turner,tackles,0,14,17
Darcy Fort,tackles,0,15,19
Darcy Moore,tackles,0,14,12
Darcy Wilmot,tackles,0,18,23
Dayne Zorko,tackles,0,15,19
Dylan Moore,tackles,0,17,21
Ed Langdon,tackles,0,19,18
Edward Allan,tackles,0,9,12
Elijah Hewett,tackles,0,12,13
Ethan Read,tackles,0,13,17
Finn O'Sullivan,tackles,0,15,16
Griffin Logue,tackles,0,16,11
Harris Andrews,tackles,0,17,21
Harry McKay,tackles,0,11,13
Harry Sharp,tackles,0,16,16
Harvey Langford,tackles,0,19,17
Harvey Thomas,tackles,0,15,16
Hayden McLean,tackles,0,9,14
Hugh Boxshall,tackles,0,7,9
Hugo Garcia,tackles,0,15,16
Izak Rankine,tackles,0,18,14
Jack Bowes,tackles,0,15,13
Jack Darling,tackles,0,19,15
Jack Ginnivan,tackles,0,18,20
Jack Gunston,tackles,0,14,18
Jack Henry,tackles,0,16,15
Jack Higgins,tackles,0,16,15
Jack Martin,tackles,0,15,10
Jack Ross,tackles,0,17,18
Jack Scrimshaw,tackles,0,10,12
Jack Silvagni,tackles,0,12,15
Jack Whitlock,tackles,0,9,8
Jack Williams,tackles,0,9,8
Jacob Konstanty,tackles,0,17,13
Jacob Weitering,tackles,0,18,15
Jacob van Rooyen,tackles,0,15,15
Jade Gresham,tackles,0,13,13
Jai Newcombe,tackles,0,18,21
Jake Lloyd,tackles,0,19,17
Jake Waterman,tackles,0,11,11
James Jordon,tackles,0,19,18
James O'Donnell,tackles,0,16,16
James Trezise,tackles,0,14,11
James Worpel,tackles,0,11,16
Jarman Impey,tackles,0,17,20
Jarrod Berry,tackles,0,13,20
Jason Horne-Francis,tackles,0,17,11
Jayden Short,tackles,0,14,14
Jed Walter,tackles,0,10,14
Jeremy Sharp,tackles,0,7,9
Jesse Hogan,tackles,0,13,11
Jobe Shanahan,tackles,0,11,12
Joel Freijah,tackles,0,19,18
Joel Jeffrey,tackles,0,18,19
Jonty Faull,tackles,0,12,14
Jordan Clark,tackles,0,17,20
Jordan Dawson,tackles,0,19,16
Jordon Butts,tackles,0,9,10
Josh Rachele,tackles,0,14,13
Josh Sinn,tackles,0,11,9
Josh Treacy,tackles,0,17,20
Josh Ward,tackles,0,18,20
Josh Weddle,tackles,0,14,17
Justin McInerney,tackles,0,18,12
Jye Amiss,tackles,0,17,20
Kai Lohmann,tackles,0,14,18
Kamdyn McIntosh,tackles,0,12,11
Kane Farrell,tackles,0,18,15
Karl Amon,tackles,0,16,21
Karl Worner,tackles,0,16,20
Kieren Briggs,tackles,0,14,16
Lachie Fogarty,tackles,0,13,9
Lachie Weller,tackles,0,15,15
Lachie Whitfield,tackles,0,17,18
Lachlan Bramble,tackles,0,19,18
Lachlan Cowan,tackles,0,13,13
Laitham Vandermeer,tackles,0,9,11
Lawson Humphries,tackles,0,21,17
Levi Ashcroft,tackles,0,18,23
Lewis Young,tackles,0,8,12
Liam Ryan,tackles,0,14,15
Liam Stocker,tackles,0,12,14
Logan Evans,tackles,0,11,12
Luke McDonald,tackles,0,16,12
Mac Andrew,tackles,0,18,19
Mark Keane,tackles,0,14,11
Mason Redman,tackles,0,12,14
Mason Wood,tackles,0,15,19
Matt Roberts,tackles,0,15,14
Matthew Carroll,tackles,0,15,12
Max Holmes,tackles,0,22,18
Max Michalanney,tackles,0,19,15
Michael Frederick,tackles,0,15,17
Miles Bergman,tackles,0,14,13
Mitch McGovern,tackles,0,15,15
Mitch Owens,tackles,0,16,14
Murphy Reid,tackles,0,17,20
Nate Caddy,tackles,0,15,15
Nathan Broad,tackles,0,18,16
Nic Martin,tackles,0,7,9
Nick Haynes,tackles,0,16,16
Nick Larkey,tackles,0,17,13
Nick Murray,tackles,0,12,9
Nick Watson,tackles,0,18,20
Noah Anderson,tackles,0,17,20
Oliver Hollands,tackles,0,17,15
Oscar Adams,tackles,0,11,7
Oscar Allen,tackles,0,9,11
Oskar Baker,tackles,0,7,11
Patrick Dangerfield,tackles,0,18,15
Patrick Lipinski,tackles,0,19,16
Patrick Voss,tackles,0,15,17
Peter Wright,tackles,0,15,14
Riley Thilthorpe,tackles,0,19,17
Rory Lobb,tackles,0,17,17
Ryan Byrnes,tackles,0,13,10
Ryan Maric,tackles,0,14,17
Sam Banks,tackles,0,15,15
Sam Collins,tackles,0,17,18
Sam Draper,tackles,0,7,11
Sam Durham,tackles,0,16,17
Sam Powell-Pepper,tackles,0,9,7
Sam Switkowski,tackles,0,12,18
Sandy Brock,tackles,0,8,10
Seth Campbell,tackles,0,17,18
Shai Bolton,tackles,0,17,19
Steely Green,tackles,0,16,16
Steven May,tackles,0,7,9
Tim English,tackles,0,17,15
Tim Membrey,tackles,0,16,16
Toby Bedford,tackles,0,16,16
Toby Nankervis,tackles,0,13,11
Toby Pink,tackles,0,11,11
Tom Barrass,tackles,0,16,18
Tom Brown,tackles,0,17,14
Tom Lynch,tackles,0,14,9
Tom McDonald,tackles,0,10,11
Tom Papley,tackles,0,12,10
Ty Gallop,tackles,0,6,12
Tyrell Dewar,tackles,0,7,9
Tyson Stengle,tackles,0,13,11
Wil Powell,tackles,0,18,19
Will Hayward,tackles,0,16,17
Zac Bailey,tackles,0,17,22
Zac Taylor,tackles,0,17,11
Zach Guthrie,tackles,0,22,18
Zach Merrett,tackles,0,17,19
Aaron Cadman,tackles,-0.5,16,16
Aidan Corr,tackles,-0.5,10,6
Ben King,tackles,-0.5,18,20
Bo Allan,tackles,-0.5,9,8
Charlie Spargo,tackles,-0.5,11,8
Darcy Byrne-Jones,tackles,-0.5,18,17
Darcy Fogarty,tackles,-0.5,17,14
Harry Cunningham,tackles,-0.5,9,10
Harry Morrison,tackles,-0.5,10,13
Jacob Wehr,tackles,-0.5,12,13
Jarrod Witts,tackles,-0.5,16,18
Jeremy Howe,tackles,-0.5,14,15
Jesse Motlop,tackles,-0.5,12,11
Joe Berry,tackles,-0.5,13,12
Joel Hamling,tackles,-0.5,9,8
John Noble,tackles,-0.5,18,20
Lachie Ash,tackles,-0.5,18,19
Lachie Jones,tackles,-0.5,15,14
Lloyd Meek,tackles,-0.5,18,20
Luke Parker,tackles,-0.5,19,16
Marc Pittonet,tackles,-0.5,10,9
Mitchell Hinge,tackles,-0.5,14,11
Nasiah Wanganeen-Milera,tackles,-0.5,16,17
Reuben Ginbey,tackles,-0.5,18,18
Riley Bice,tackles,-0.5,14,16
Toby McMullin,tackles,-0.5,7,10
Tyler Brockman,tackles,-0.5,10,10
Will Graham,tackles,-0.5,10,9
Aaron Naughton,tackles,-1,19,18
Andrew Brayshaw,tackles,-1,17,20
Bailey J. Williams,tackles,-1,11,15
Ben Miller,tackles,-1,18,18
Bradley Hill,tackles,-1,18,18
Caiden Cleary,tackles,-1,8,9
Caleb Daniel,tackles,-1,20,16
Callum Ah Chee,tackles,-1,14,16
Charlie Curnow,tackles,-1,18,13
Cooper Lord,tackles,-1,12,12
Corey Warner,tackles,-1,8,10
Dan Houston,tackles,-1,17,17
Darcy Cameron,tackles,-1,19,18
Esava Ratugolea,tackles,-1,12,8
George Wardlaw,tackles,-1,14,9
Harry Edwards,tackles,-1,9,10
Hugh McCluggage,tackles,-1,17,19
Isaac Cumming,tackles,-1,18,15
Isaac Quaynor,tackles,-1,19,19
Jack Buckley,tackles,-1,15,13
Jack Graham,tackles,-1,12,11
Jack Hutchinson,tackles,-1,9,9
Jackson Mead,tackles,-1,13,11
Jacob Hopper,tackles,-1,18,17
Jake Lever,tackles,-1,11,10
Jake Melksham,tackles,-1,11,11
Jake Soligo,tackles,-1,20,16
Jamie Cripps,tackles,-1,13,13
Jaspa Fletcher,tackles,-1,18,23
Jayden Laverde,tackles,-1,12,15
Joe Richards,tackles,-1,19,16
Jordan De Goey,tackles,-1,12,11
Jordon Sweet,tackles,-1,17,14
Josh Battle,tackles,-1,18,21
Koltyn Tholstrup,tackles,-1,12,11
Kyle Langford,tackles,-1,12,11
Kysaiah Pickett,tackles,-1,17,17
Lachie Neale,tackles,-1,15,21
Lachlan Blakiston,tackles,-1,13,12
Leek Aleer,tackles,-1,8,10
Lewis Melican,tackles,-1,15,11
Logan Morris,tackles,-1,17,22
Luke Ryan,tackles,-1,17,19
Marcus Bontempelli,tackles,-1,16,16
Mark O'Connor,tackles,-1,21,16
Mason Cox,tackles,-1,7,11
Matthew Johnson,tackles,-1,13,17
Nathan O'Driscoll,tackles,-1,11,9
Ollie Lord,tackles,-1,8,8
Paul Curtis,tackles,-1,19,13
Reilly O'Brien,tackles,-1,15,11
Rhylee West,tackles,-1,19,18
Rhys Stanley,tackles,-1,11,9
Riley Hardeman,tackles,-1,10,9
Rory Laird,tackles,-1,18,15
Ryan Lester,tackles,-1,16,20
Ryley Sanders,tackles,-1,17,17
Saad El-Hawli,tackles,-1,9,7
Sam Darcy,tackles,-1,11,12
Sam Davidson,tackles,-1,15,13
Sam Flanders,tackles,-1,16,19
Tom Sparrow,tackles,-1,19,17
Touk Miller,tackles,-1,17,19
Tyler Sonsie,tackles,-1,14,13
Zac Williams,tackles,-1,16,12
Archer Day-Wicks,tackles,-1.5,8,9
Daniel Curtin,tackles,-1.5,17,14
Darcy Jones,tackles,-1.5,12,11
George Hewett,tackles,-1.5,16,16
Jye Caldwell,tackles,-1.5,12,9
Liam Duggan,tackles,-1.5,17,18
Matthew Kennedy,tackles,-1.5,19,18
Neil Erasmus,tackles,-1.5,14,15
Noah Answerth,tackles,-1.5,9,14
Oisin Mullin,tackles,-1.5,21,18
Tom Powell,tackles,-1.5,16,15
Will Ashcroft,tackles,-1.5,18,23
Andrew McGrath,tackles,-2,17,17
Blake Howes,tackles,-2,13,13
Chad Warner,tackles,-2,19,18
Darcy Gardiner,tackles,-2,11,14
Josh Dunkley,tackles,-2,18,23
Lachlan McNeil,tackles,-2,15,13
Liam Baker,tackles,-2,18,18
Sam Clohesy,tackles,-2,9,13
Sam Walsh,tackles,-2,13,14
Travis Boak,tackles,-2,6,10
Zak Butters,tackles,-2,18,15
Matt Flynn,tackles,-2.5,12,10
Tom Liberatore,tackles,-2.5,13,14
Cooper Hynes,tackles,-3,9,11
Jack Steele,tackles,-3,19,17
